Combo,A,B,Ticker,Set,Sharpe,Return,MaxDD,BH_Sharpe,BH_Return,Beat_BH,Pct_Days_Long
sma_cross + ema_cross,sma_cross,ema_cross,SO,discovery,-0.108,4.8,-27.61,0.515,86.48,False,55.8
sma_cross + ema_cross,sma_cross,ema_cross,DUK,confirmation,-0.374,-12.46,-29.95,0.384,61.14,False,54.4
sma_cross + ema_cross,sma_cross,ema_cross,AEP,discovery,-0.056,8.34,-28.0,0.468,81.2,False,54.4
sma_cross + ema_cross,sma_cross,ema_cross,ED,confirmation,-0.129,3.0,-28.2,0.417,68.61,False,53.5
sma_cross + ema_cross,sma_cross,ema_cross,XEL,discovery,-0.325,-11.63,-29.57,0.231,38.97,False,51.9
sma_cross + ema_cross,sma_cross,ema_cross,KHC,confirmation,-0.403,-19.27,-42.96,-0.109,-9.46,False,39.7
sma_cross + ema_cross,sma_cross,ema_cross,GIS,discovery,-0.174,0.06,-26.47,-0.212,-19.57,True,39.6
sma_cross + ema_cross,sma_cross,ema_cross,CAG,confirmation,-0.668,-34.41,-41.97,-0.415,-41.87,False,34.9
sma_cross + ema_cross,sma_cross,ema_cross,CPB,discovery,-0.605,-32.17,-38.0,-0.391,-41.88,False,36.1
sma_cross + ema_cross,sma_cross,ema_cross,SJM,confirmation,-0.012,9.36,-19.76,0.153,24.69,False,47.8
sma_cross + ema_cross,sma_cross,ema_cross,T,discovery,0.135,25.08,-32.27,0.348,63.12,False,55.8
sma_cross + ema_cross,sma_cross,ema_cross,VZ,confirmation,-0.675,-31.67,-36.27,0.062,13.18,False,39.7
sma_cross + ema_cross,sma_cross,ema_cross,BMY,confirmation,0.005,12.67,-31.74,0.159,26.34,False,43.7
sma_cross + ema_cross,sma_cross,ema_cross,PFE,discovery,-0.341,-18.81,-49.35,-0.014,-1.62,False,40.8
sma_cross + ema_cross,sma_cross,ema_cross,CVS,confirmation,-0.005,6.22,-39.72,0.362,71.02,False,49.4
sma_cross + ema_cross,sma_cross,ema_cross,VTRS,discovery,0.011,2.71,-52.96,0.176,20.88,False,49.4
sma_cross + ema_cross,sma_cross,ema_cross,MMM,confirmation,0.032,12.24,-40.29,0.28,49.88,False,48.1
sma_cross + ema_cross,sma_cross,ema_cross,EMR,discovery,-0.228,-14.58,-40.17,0.562,130.7,False,53.7
sma_cross + ema_cross,sma_cross,ema_cross,DOV,confirmation,0.083,19.86,-21.06,0.404,77.31,False,55.2
sma_cross + ema_cross,sma_cross,ema_cross,OKE,discovery,0.82,188.94,-31.84,0.808,253.62,True,64.3
sma_cross + ema_cross,sma_cross,ema_cross,DOW,confirmation,0.407,45.93,-22.63,-0.185,-26.56,True,39.0
sma_cross + ema_cross,sma_cross,ema_cross,LYB,discovery,0.15,25.44,-37.41,0.084,3.0,True,44.4
sma_cross + ema_cross,sma_cross,ema_cross,MOS,confirmation,-0.007,-7.67,-69.78,0.18,10.56,False,39.9
sma_cross + ema_cross,sma_cross,ema_cross,NEM,discovery,0.473,101.92,-32.91,0.519,141.69,False,49.8
sma_cross + ema_cross,sma_cross,ema_cross,O,confirmation,-0.44,-19.45,-30.05,0.238,39.48,False,55.7
sma_cross + ema_cross,sma_cross,ema_cross,VTR,discovery,0.135,25.29,-32.19,0.555,121.72,False,56.8
sma_cross + ema_cross,sma_cross,ema_cross,KIM,confirmation,0.336,55.11,-36.63,0.49,104.27,False,60.7
sma_cross + ema_cross,sma_cross,ema_cross,BXP,discovery,0.111,21.42,-31.28,-0.003,-11.71,True,43.0
sma_cross + ema_cross,sma_cross,ema_cross,HST,confirmation,-0.247,-25.2,-51.2,0.449,100.27,False,60.7
sma_cross + ema_cross,sma_cross,ema_cross,F,discovery,-0.084,-16.68,-67.9,0.455,112.89,False,53.1
sma_cross + ema_cross,sma_cross,ema_cross,LEG,confirmation,-0.921,-64.29,-68.23,-0.418,-72.68,False,29.8
sma_cross + ema_cross,sma_cross,ema_cross,INTC,discovery,0.114,3.32,-70.59,0.495,140.96,False,41.9
sma_cross + above_sma20,sma_cross,above_sma20,SO,discovery,0.327,41.52,-9.87,0.515,86.48,False,38.4
sma_cross + above_sma20,sma_cross,above_sma20,DUK,confirmation,-0.41,-7.8,-15.37,0.384,61.14,False,34.9
sma_cross + above_sma20,sma_cross,above_sma20,AEP,discovery,-0.207,2.01,-23.5,0.468,81.2,False,35.8
sma_cross + above_sma20,sma_cross,above_sma20,ED,confirmation,0.031,17.86,-15.38,0.417,68.61,False,37.2
sma_cross + above_sma20,sma_cross,above_sma20,XEL,discovery,-0.439,-13.43,-24.0,0.231,38.97,False,36.1
sma_cross + above_sma20,sma_cross,above_sma20,KHC,confirmation,-0.273,-4.86,-30.32,-0.109,-9.46,False,28.6
sma_cross + above_sma20,sma_cross,above_sma20,GIS,discovery,-0.68,-25.94,-35.77,-0.212,-19.57,False,29.1
sma_cross + above_sma20,sma_cross,above_sma20,CAG,confirmation,-0.647,-23.77,-36.67,-0.415,-41.87,False,25.8
sma_cross + above_sma20,sma_cross,above_sma20,CPB,discovery,-0.877,-42.28,-45.83,-0.391,-41.88,False,26.7
sma_cross + above_sma20,sma_cross,above_sma20,SJM,confirmation,-0.26,-9.48,-23.78,0.153,24.69,False,34.2
sma_cross + above_sma20,sma_cross,above_sma20,T,discovery,-0.265,-11.41,-29.28,0.348,63.12,False,39.3
sma_cross + above_sma20,sma_cross,above_sma20,VZ,confirmation,-0.717,-27.24,-37.78,0.062,13.18,False,26.3
sma_cross + above_sma20,sma_cross,above_sma20,PARA,discovery,-1.82,-33.78,-33.78,-1.495,-100.0,False,1.7
sma_cross + above_sma20,sma_cross,above_sma20,BMY,confirmation,-0.111,4.85,-27.48,0.159,26.34,False,31.3
sma_cross + above_sma20,sma_cross,above_sma20,PFE,discovery,-0.292,-9.61,-42.4,-0.014,-1.62,False,25.2
sma_cross + above_sma20,sma_cross,above_sma20,CVS,confirmation,-0.103,-1.9,-41.91,0.362,71.02,False,33.8
sma_cross + above_sma20,sma_cross,above_sma20,VTRS,discovery,0.067,17.59,-34.7,0.176,20.88,False,35.0
sma_cross + above_sma20,sma_cross,above_sma20,MMM,confirmation,-0.071,4.89,-28.55,0.28,49.88,False,36.1
sma_cross + above_sma20,sma_cross,above_sma20,EMR,discovery,-0.404,-18.08,-30.66,0.562,130.7,False,37.4
sma_cross + above_sma20,sma_cross,above_sma20,DOV,confirmation,-0.079,7.69,-20.34,0.404,77.31,False,36.1
sma_cross + above_sma20,sma_cross,above_sma20,OKE,discovery,0.153,27.54,-36.64,0.808,253.62,False,45.2
sma_cross + above_sma20,sma_cross,above_sma20,DOW,confirmation,0.029,13.5,-25.02,-0.185,-26.56,True,26.4
sma_cross + above_sma20,sma_cross,above_sma20,LYB,discovery,-0.176,-11.82,-47.47,0.084,3.0,False,33.3
sma_cross + above_sma20,sma_cross,above_sma20,MOS,confirmation,-0.116,-13.57,-55.4,0.18,10.56,False,29.0
sma_cross + above_sma20,sma_cross,above_sma20,NEM,discovery,0.236,39.76,-32.79,0.519,141.69,False,38.8
sma_cross + above_sma20,sma_cross,above_sma20,O,confirmation,-0.453,-13.07,-24.28,0.238,39.48,False,37.3
sma_cross + above_sma20,sma_cross,above_sma20,VTR,discovery,0.035,16.04,-24.09,0.555,121.72,False,39.4
sma_cross + above_sma20,sma_cross,above_sma20,KIM,confirmation,0.121,24.2,-28.22,0.49,104.27,False,41.2
sma_cross + above_sma20,sma_cross,above_sma20,BXP,discovery,-0.009,9.56,-27.86,-0.003,-11.71,False,31.3
sma_cross + above_sma20,sma_cross,above_sma20,HST,confirmation,-0.9,-54.59,-64.62,0.449,100.27,False,40.0
sma_cross + above_sma20,sma_cross,above_sma20,F,discovery,-0.06,-6.27,-49.38,0.455,112.89,False,34.2
sma_cross + above_sma20,sma_cross,above_sma20,LEG,confirmation,-0.837,-48.76,-53.28,-0.418,-72.68,False,18.5
sma_cross + above_sma20,sma_cross,above_sma20,INTC,discovery,0.062,-1.07,-66.46,0.495,140.96,False,30.9
sma_cross + above_sma50,sma_cross,above_sma50,SO,discovery,0.26,37.49,-12.13,0.515,86.48,False,49.4
sma_cross + above_sma50,sma_cross,above_sma50,DUK,confirmation,-0.506,-17.35,-26.13,0.384,61.14,False,46.5
sma_cross + above_sma50,sma_cross,above_sma50,AEP,discovery,-0.001,14.09,-16.46,0.468,81.2,False,47.9
sma_cross + above_sma50,sma_cross,above_sma50,ED,confirmation,0.171,29.06,-18.49,0.417,68.61,False,46.2
sma_cross + above_sma50,sma_cross,above_sma50,XEL,discovery,-0.105,5.82,-19.84,0.231,38.97,False,47.9
sma_cross + above_sma50,sma_cross,above_sma50,KHC,confirmation,-0.332,-13.18,-35.37,-0.109,-9.46,False,37.1
sma_cross + above_sma50,sma_cross,above_sma50,GIS,discovery,-0.245,-3.72,-30.46,-0.212,-19.57,False,36.6
sma_cross + above_sma50,sma_cross,above_sma50,CAG,confirmation,-0.573,-26.12,-39.44,-0.415,-41.87,False,32.5
sma_cross + above_sma50,sma_cross,above_sma50,CPB,discovery,-0.51,-27.73,-36.64,-0.391,-41.88,False,34.4
sma_cross + above_sma50,sma_cross,above_sma50,SJM,confirmation,0.078,19.46,-15.56,0.153,24.69,False,42.3
sma_cross + above_sma50,sma_cross,above_sma50,T,discovery,0.045,14.87,-37.22,0.348,63.12,False,49.2
sma_cross + above_sma50,sma_cross,above_sma50,VZ,confirmation,-0.652,-28.26,-35.94,0.062,13.18,False,35.5
sma_cross + above_sma50,sma_cross,above_sma50,PARA,discovery,-1.916,-40.08,-40.08,-1.495,-100.0,False,2.1
sma_cross + above_sma50,sma_cross,above_sma50,BMY,confirmation,0.119,24.31,-27.71,0.159,26.34,False,40.3
sma_cross + above_sma50,sma_cross,above_sma50,PFE,discovery,-0.533,-30.25,-53.01,-0.014,-1.62,False,35.8
sma_cross + above_sma50,sma_cross,above_sma50,CVS,confirmation,-0.065,-0.51,-43.81,0.362,71.02,False,44.2
sma_cross + above_sma50,sma_cross,above_sma50,VTRS,discovery,-0.014,1.7,-51.94,0.176,20.88,False,44.6
sma_cross + above_sma50,sma_cross,above_sma50,MMM,confirmation,-0.023,6.2,-42.42,0.28,49.88,False,45.8
sma_cross + above_sma50,sma_cross,above_sma50,EMR,discovery,-0.235,-12.31,-33.36,0.562,130.7,False,46.9
sma_cross + above_sma50,sma_cross,above_sma50,DOV,confirmation,-0.105,2.56,-26.91,0.404,77.31,False,47.6
sma_cross + above_sma50,sma_cross,above_sma50,OKE,discovery,0.537,97.97,-37.17,0.808,253.62,False,57.1
sma_cross + above_sma50,sma_cross,above_sma50,DOW,confirmation,0.305,35.45,-31.87,-0.185,-26.56,True,35.3
sma_cross + above_sma50,sma_cross,above_sma50,LYB,discovery,-0.045,-2.12,-42.46,0.084,3.0,False,43.6
sma_cross + above_sma50,sma_cross,above_sma50,MOS,confirmation,0.089,11.66,-63.73,0.18,10.56,False,38.8
sma_cross + above_sma50,sma_cross,above_sma50,NEM,discovery,0.535,119.68,-34.47,0.519,141.69,True,47.4
sma_cross + above_sma50,sma_cross,above_sma50,O,confirmation,-0.485,-19.49,-26.59,0.238,39.48,False,47.8
sma_cross + above_sma50,sma_cross,above_sma50,VTR,discovery,0.356,55.35,-22.74,0.555,121.72,False,52.2
sma_cross + above_sma50,sma_cross,above_sma50,KIM,confirmation,0.321,51.26,-38.71,0.49,104.27,False,54.5
sma_cross + above_sma50,sma_cross,above_sma50,BXP,discovery,-0.009,7.12,-27.62,-0.003,-11.71,False,40.3
sma_cross + above_sma50,sma_cross,above_sma50,HST,confirmation,-0.547,-43.78,-60.12,0.449,100.27,False,52.6
sma_cross + above_sma50,sma_cross,above_sma50,F,discovery,0.111,14.76,-58.92,0.455,112.89,False,48.5
sma_cross + above_sma50,sma_cross,above_sma50,LEG,confirmation,-0.949,-64.42,-67.17,-0.418,-72.68,False,28.3
sma_cross + above_sma50,sma_cross,above_sma50,INTC,discovery,-0.064,-28.11,-74.73,0.495,140.96,False,40.0
sma_cross + mom20_positive,sma_cross,mom20_positive,SO,discovery,0.15,27.01,-14.32,0.515,86.48,False,41.6
sma_cross + mom20_positive,sma_cross,mom20_positive,DUK,confirmation,-0.117,7.85,-15.41,0.384,61.14,False,39.1
sma_cross + mom20_positive,sma_cross,mom20_positive,AEP,discovery,-0.018,13.59,-18.05,0.468,81.2,False,40.2
sma_cross + mom20_positive,sma_cross,mom20_positive,ED,confirmation,0.087,21.8,-19.59,0.417,68.61,False,41.0
sma_cross + mom20_positive,sma_cross,mom20_positive,XEL,discovery,-0.325,-7.94,-22.36,0.231,38.97,False,39.3
sma_cross + mom20_positive,sma_cross,mom20_positive,KHC,confirmation,-0.334,-10.29,-28.04,-0.109,-9.46,False,32.6
sma_cross + mom20_positive,sma_cross,mom20_positive,GIS,discovery,-0.229,-1.82,-26.66,-0.212,-19.57,False,33.4
sma_cross + mom20_positive,sma_cross,mom20_positive,CAG,confirmation,-0.338,-9.67,-24.88,-0.415,-41.87,True,29.1
sma_cross + mom20_positive,sma_cross,mom20_positive,CPB,discovery,-0.909,-46.26,-48.56,-0.391,-41.88,False,30.8
sma_cross + mom20_positive,sma_cross,mom20_positive,SJM,confirmation,-0.155,-2.93,-32.35,0.153,24.69,False,38.5
sma_cross + mom20_positive,sma_cross,mom20_positive,T,discovery,-0.063,4.27,-36.08,0.348,63.12,False,43.4
sma_cross + mom20_positive,sma_cross,mom20_positive,VZ,confirmation,-0.763,-32.56,-42.37,0.062,13.18,False,30.5
sma_cross + mom20_positive,sma_cross,mom20_positive,PARA,discovery,-1.827,-54.06,-54.06,-1.495,-100.0,False,3.6
sma_cross + mom20_positive,sma_cross,mom20_positive,BMY,confirmation,-0.083,6.09,-35.31,0.159,26.34,False,36.2
sma_cross + mom20_positive,sma_cross,mom20_positive,PFE,discovery,-0.206,-4.76,-40.28,-0.014,-1.62,False,30.7
sma_cross + mom20_positive,sma_cross,mom20_positive,CVS,confirmation,-0.049,3.39,-35.16,0.362,71.02,False,38.0
sma_cross + mom20_positive,sma_cross,mom20_positive,VTRS,discovery,-0.077,-4.41,-50.61,0.176,20.88,False,39.1
sma_cross + mom20_positive,sma_cross,mom20_positive,MMM,confirmation,-0.246,-14.41,-41.13,0.28,49.88,False,40.8
sma_cross + mom20_positive,sma_cross,mom20_positive,EMR,discovery,-0.454,-25.26,-37.07,0.562,130.7,False,43.6
sma_cross + mom20_positive,sma_cross,mom20_positive,DOV,confirmation,0.042,17.14,-19.83,0.404,77.31,False,40.4
sma_cross + mom20_positive,sma_cross,mom20_positive,OKE,discovery,0.472,78.1,-25.23,0.808,253.62,False,50.4
sma_cross + mom20_positive,sma_cross,mom20_positive,DOW,confirmation,0.026,11.84,-33.04,-0.185,-26.56,True,30.4
sma_cross + mom20_positive,sma_cross,mom20_positive,LYB,discovery,-0.329,-29.59,-56.86,0.084,3.0,False,36.9
sma_cross + mom20_positive,sma_cross,mom20_positive,MOS,confirmation,-0.016,-2.68,-58.99,0.18,10.56,False,33.3
sma_cross + mom20_positive,sma_cross,mom20_positive,NEM,discovery,0.395,76.34,-38.06,0.519,141.69,False,42.4
sma_cross + mom20_positive,sma_cross,mom20_positive,O,confirmation,-0.559,-19.81,-29.44,0.238,39.48,False,40.5
sma_cross + mom20_positive,sma_cross,mom20_positive,VTR,discovery,0.292,44.28,-15.91,0.555,121.72,False,44.3
sma_cross + mom20_positive,sma_cross,mom20_positive,KIM,confirmation,0.27,42.52,-28.88,0.49,104.27,False,46.7
sma_cross + mom20_positive,sma_cross,mom20_positive,BXP,discovery,0.015,11.39,-25.03,-0.003,-11.71,True,33.6
sma_cross + mom20_positive,sma_cross,mom20_positive,HST,confirmation,-0.709,-50.56,-63.36,0.449,100.27,False,44.8
sma_cross + mom20_positive,sma_cross,mom20_positive,F,discovery,-0.043,-5.83,-55.75,0.455,112.89,False,39.8
sma_cross + mom20_positive,sma_cross,mom20_positive,LEG,confirmation,-0.928,-56.95,-56.95,-0.418,-72.68,False,23.1
sma_cross + mom20_positive,sma_cross,mom20_positive,INTC,discovery,-0.151,-37.74,-68.45,0.495,140.96,False,36.4
sma_cross + mom5_positive,sma_cross,mom5_positive,SO,discovery,0.214,31.42,-12.56,0.515,86.48,False,34.5
sma_cross + mom5_positive,sma_cross,mom5_positive,DUK,confirmation,-0.255,1.52,-17.52,0.384,61.14,False,31.3
sma_cross + mom5_positive,sma_cross,mom5_positive,AEP,discovery,-0.203,3.73,-20.77,0.468,81.2,False,31.1
sma_cross + mom5_positive,sma_cross,mom5_positive,ED,confirmation,0.179,28.72,-11.63,0.417,68.61,False,31.1
sma_cross + mom5_positive,sma_cross,mom5_positive,XEL,discovery,-0.388,-8.94,-18.39,0.231,38.97,False,31.4
sma_cross + mom5_positive,sma_cross,mom5_positive,KHC,confirmation,-0.433,-10.66,-31.25,-0.109,-9.46,False,24.5
sma_cross + mom5_positive,sma_cross,mom5_positive,GIS,discovery,-0.954,-36.87,-43.1,-0.212,-19.57,False,25.3
sma_cross + mom5_positive,sma_cross,mom5_positive,CAG,confirmation,-1.17,-41.45,-44.88,-0.415,-41.87,False,21.7
sma_cross + mom5_positive,sma_cross,mom5_positive,CPB,discovery,-1.248,-52.6,-52.83,-0.391,-41.88,False,22.4
sma_cross + mom5_positive,sma_cross,mom5_positive,SJM,confirmation,-0.56,-28.7,-33.5,0.153,24.69,False,27.9
sma_cross + mom5_positive,sma_cross,mom5_positive,T,discovery,-0.235,-5.25,-25.29,0.348,63.12,False,33.1
sma_cross + mom5_positive,sma_cross,mom5_positive,VZ,confirmation,-0.792,-31.03,-38.9,0.062,13.18,False,24.0
sma_cross + mom5_positive,sma_cross,mom5_positive,PARA,discovery,-1.724,-36.12,-36.12,-1.495,-100.0,False,1.8
sma_cross + mom5_positive,sma_cross,mom5_positive,BMY,confirmation,-0.442,-13.07,-40.34,0.159,26.34,False,26.3
sma_cross + mom5_positive,sma_cross,mom5_positive,PFE,discovery,-0.335,-12.13,-43.33,-0.014,-1.62,False,24.8
sma_cross + mom5_positive,sma_cross,mom5_positive,CVS,confirmation,0.005,12.0,-40.58,0.362,71.02,False,29.6
sma_cross + mom5_positive,sma_cross,mom5_positive,VTRS,discovery,0.133,25.61,-28.9,0.176,20.88,False,28.6
sma_cross + mom5_positive,sma_cross,mom5_positive,MMM,confirmation,-0.603,-25.26,-40.71,0.28,49.88,False,28.8
sma_cross + mom5_positive,sma_cross,mom5_positive,EMR,discovery,-0.879,-40.64,-45.45,0.562,130.7,False,32.7
sma_cross + mom5_positive,sma_cross,mom5_positive,DOV,confirmation,-0.221,-0.84,-27.02,0.404,77.31,False,32.2
sma_cross + mom5_positive,sma_cross,mom5_positive,OKE,discovery,-0.01,9.33,-43.26,0.808,253.62,False,38.9
sma_cross + mom5_positive,sma_cross,mom5_positive,DOW,confirmation,0.288,32.42,-28.55,-0.185,-26.56,True,23.2
sma_cross + mom5_positive,sma_cross,mom5_positive,LYB,discovery,-0.097,-2.0,-45.93,0.084,3.0,False,29.7
sma_cross + mom5_positive,sma_cross,mom5_positive,MOS,confirmation,-0.223,-20.87,-51.79,0.18,10.56,False,26.7
sma_cross + mom5_positive,sma_cross,mom5_positive,NEM,discovery,-0.064,-4.09,-32.39,0.519,141.69,False,32.7
sma_cross + mom5_positive,sma_cross,mom5_positive,O,confirmation,-0.657,-20.62,-27.03,0.238,39.48,False,32.9
sma_cross + mom5_positive,sma_cross,mom5_positive,VTR,discovery,-0.264,-6.48,-23.12,0.555,121.72,False,34.1
sma_cross + mom5_positive,sma_cross,mom5_positive,KIM,confirmation,-0.254,-8.0,-33.78,0.49,104.27,False,35.0
sma_cross + mom5_positive,sma_cross,mom5_positive,BXP,discovery,0.131,25.34,-16.43,-0.003,-11.71,True,26.7
sma_cross + mom5_positive,sma_cross,mom5_positive,HST,confirmation,-0.705,-41.82,-56.2,0.449,100.27,False,33.4
sma_cross + mom5_positive,sma_cross,mom5_positive,F,discovery,0.191,32.59,-49.9,0.455,112.89,False,30.2
sma_cross + mom5_positive,sma_cross,mom5_positive,LEG,confirmation,-0.713,-42.56,-53.3,-0.418,-72.68,False,18.0
sma_cross + mom5_positive,sma_cross,mom5_positive,INTC,discovery,0.172,22.76,-57.19,0.495,140.96,False,26.0
sma_cross + rsi_bullish,sma_cross,rsi_bullish,SO,discovery,0.186,29.8,-10.39,0.515,86.48,False,38.7
sma_cross + rsi_bullish,sma_cross,rsi_bullish,DUK,confirmation,-0.098,9.84,-10.37,0.384,61.14,False,36.0
sma_cross + rsi_bullish,sma_cross,rsi_bullish,AEP,discovery,-0.002,15.56,-19.45,0.468,81.2,False,35.2
sma_cross + rsi_bullish,sma_cross,rsi_bullish,ED,confirmation,-0.109,8.24,-15.77,0.417,68.61,False,36.9
sma_cross + rsi_bullish,sma_cross,rsi_bullish,XEL,discovery,-0.356,-9.78,-24.32,0.231,38.97,False,36.6
sma_cross + rsi_bullish,sma_cross,rsi_bullish,KHC,confirmation,-0.466,-18.36,-40.91,-0.109,-9.46,False,29.2
sma_cross + rsi_bullish,sma_cross,rsi_bullish,GIS,discovery,-0.778,-30.44,-39.56,-0.212,-19.57,False,28.3
sma_cross + rsi_bullish,sma_cross,rsi_bullish,CAG,confirmation,-0.566,-19.81,-32.55,-0.415,-41.87,False,25.8
sma_cross + rsi_bullish,sma_cross,rsi_bullish,CPB,discovery,-0.977,-48.27,-51.52,-0.391,-41.88,False,26.9
sma_cross + rsi_bullish,sma_cross,rsi_bullish,SJM,confirmation,-0.349,-15.63,-27.55,0.153,24.69,False,34.3
sma_cross + rsi_bullish,sma_cross,rsi_bullish,T,discovery,-0.419,-22.67,-38.92,0.348,63.12,False,39.6
sma_cross + rsi_bullish,sma_cross,rsi_bullish,VZ,confirmation,-0.728,-27.49,-39.12,0.062,13.18,False,26.2
sma_cross + rsi_bullish,sma_cross,rsi_bullish,PARA,discovery,-1.18,-31.95,-31.95,-1.495,-100.0,True,2.6
sma_cross + rsi_bullish,sma_cross,rsi_bullish,BMY,confirmation,-0.148,2.06,-28.33,0.159,26.34,False,31.3
sma_cross + rsi_bullish,sma_cross,rsi_bullish,PFE,discovery,-0.285,-9.66,-44.7,-0.014,-1.62,False,26.6
sma_cross + rsi_bullish,sma_cross,rsi_bullish,CVS,confirmation,-0.154,-6.13,-37.46,0.362,71.02,False,33.5
sma_cross + rsi_bullish,sma_cross,rsi_bullish,VTRS,discovery,-0.154,-5.55,-42.07,0.176,20.88,False,34.8
sma_cross + rsi_bullish,sma_cross,rsi_bullish,MMM,confirmation,-0.065,5.52,-25.61,0.28,49.88,False,35.6
sma_cross + rsi_bullish,sma_cross,rsi_bullish,EMR,discovery,-0.458,-24.28,-33.96,0.562,130.7,False,38.2
sma_cross + rsi_bullish,sma_cross,rsi_bullish,DOV,confirmation,-0.09,6.68,-17.55,0.404,77.31,False,36.5
sma_cross + rsi_bullish,sma_cross,rsi_bullish,OKE,discovery,0.199,33.71,-35.0,0.808,253.62,False,44.8
sma_cross + rsi_bullish,sma_cross,rsi_bullish,DOW,confirmation,-0.082,5.62,-31.36,-0.185,-26.56,True,27.2
sma_cross + rsi_bullish,sma_cross,rsi_bullish,LYB,discovery,-0.156,-9.68,-48.86,0.084,3.0,False,32.5
sma_cross + rsi_bullish,sma_cross,rsi_bullish,MOS,confirmation,-0.116,-14.46,-65.56,0.18,10.56,False,30.2
sma_cross + rsi_bullish,sma_cross,rsi_bullish,NEM,discovery,0.492,99.0,-25.9,0.519,141.69,False,39.1
sma_cross + rsi_bullish,sma_cross,rsi_bullish,O,confirmation,-0.362,-8.19,-21.15,0.238,39.48,False,37.3
sma_cross + rsi_bullish,sma_cross,rsi_bullish,VTR,discovery,0.159,28.48,-26.39,0.555,121.72,False,40.3
sma_cross + rsi_bullish,sma_cross,rsi_bullish,KIM,confirmation,-0.058,5.9,-34.08,0.49,104.27,False,40.9
sma_cross + rsi_bullish,sma_cross,rsi_bullish,BXP,discovery,0.145,26.74,-23.43,-0.003,-11.71,True,31.2
sma_cross + rsi_bullish,sma_cross,rsi_bullish,HST,confirmation,-0.89,-54.56,-66.9,0.449,100.27,False,39.3
sma_cross + rsi_bullish,sma_cross,rsi_bullish,F,discovery,-0.09,-8.83,-57.1,0.455,112.89,False,33.9
sma_cross + rsi_bullish,sma_cross,rsi_bullish,LEG,confirmation,-0.534,-32.46,-43.19,-0.418,-72.68,False,18.7
sma_cross + rsi_bullish,sma_cross,rsi_bullish,INTC,discovery,-0.195,-38.91,-70.05,0.495,140.96,False,31.9
sma_cross + rsi_not_hot,sma_cross,rsi_not_hot,SO,discovery,-0.256,-3.71,-26.45,0.515,86.48,False,46.2
sma_cross + rsi_not_hot,sma_cross,rsi_not_hot,DUK,confirmation,-0.437,-15.19,-35.28,0.384,61.14,False,48.2
sma_cross + rsi_not_hot,sma_cross,rsi_not_hot,AEP,discovery,-0.478,-19.27,-34.4,0.468,81.2,False,45.3
sma_cross + rsi_not_hot,sma_cross,rsi_not_hot,ED,confirmation,0.137,26.04,-22.26,0.417,68.61,False,46.1
sma_cross + rsi_not_hot,sma_cross,rsi_not_hot,XEL,discovery,-0.421,-16.76,-31.57,0.231,38.97,False,46.4
sma_cross + rsi_not_hot,sma_cross,rsi_not_hot,KHC,confirmation,-0.296,-11.79,-40.77,-0.109,-9.46,False,38.8
sma_cross + rsi_not_hot,sma_cross,rsi_not_hot,GIS,discovery,-0.131,3.5,-28.25,-0.212,-19.57,True,37.2
sma_cross + rsi_not_hot,sma_cross,rsi_not_hot,CAG,confirmation,-0.717,-37.52,-47.89,-0.415,-41.87,False,35.9
sma_cross + rsi_not_hot,sma_cross,rsi_not_hot,CPB,discovery,-0.381,-20.55,-37.59,-0.391,-41.88,True,38.7
sma_cross + rsi_not_hot,sma_cross,rsi_not_hot,SJM,confirmation,0.281,43.52,-19.2,0.153,24.69,True,44.3
sma_cross + rsi_not_hot,sma_cross,rsi_not_hot,T,discovery,0.406,61.09,-21.46,0.348,63.12,True,46.2
sma_cross + rsi_not_hot,sma_cross,rsi_not_hot,VZ,confirmation,-0.775,-37.55,-42.08,0.062,13.18,False,40.3
sma_cross + rsi_not_hot,sma_cross,rsi_not_hot,PARA,discovery,-0.897,-47.01,-52.83,-1.495,-100.0,True,6.9
sma_cross + rsi_not_hot,sma_cross,rsi_not_hot,BMY,confirmation,-0.015,11.25,-29.17,0.159,26.34,False,39.9
sma_cross + rsi_not_hot,sma_cross,rsi_not_hot,PFE,discovery,-0.583,-31.36,-43.87,-0.014,-1.62,False,38.8
sma_cross + rsi_not_hot,sma_cross,rsi_not_hot,CVS,confirmation,0.012,9.09,-29.69,0.362,71.02,False,41.3
sma_cross + rsi_not_hot,sma_cross,rsi_not_hot,VTRS,discovery,-0.126,-10.44,-51.72,0.176,20.88,False,42.3
sma_cross + rsi_not_hot,sma_cross,rsi_not_hot,MMM,confirmation,-0.127,-4.82,-44.64,0.28,49.88,False,45.0
sma_cross + rsi_not_hot,sma_cross,rsi_not_hot,EMR,discovery,-0.066,1.42,-32.3,0.562,130.7,False,46.9
sma_cross + rsi_not_hot,sma_cross,rsi_not_hot,DOV,confirmation,-0.277,-12.67,-30.31,0.404,77.31,False,45.6
sma_cross + rsi_not_hot,sma_cross,rsi_not_hot,OKE,discovery,0.86,185.8,-32.38,0.808,253.62,True,52.2
sma_cross + rsi_not_hot,sma_cross,rsi_not_hot,DOW,confirmation,-0.018,8.77,-35.92,-0.185,-26.56,True,35.6
sma_cross + rsi_not_hot,sma_cross,rsi_not_hot,LYB,discovery,0.075,14.85,-40.21,0.084,3.0,False,45.9
sma_cross + rsi_not_hot,sma_cross,rsi_not_hot,MOS,confirmation,0.083,9.25,-64.37,0.18,10.56,False,37.7
sma_cross + rsi_not_hot,sma_cross,rsi_not_hot,NEM,discovery,0.573,126.14,-44.99,0.519,141.69,True,42.9
sma_cross + rsi_not_hot,sma_cross,rsi_not_hot,O,confirmation,-0.4,-16.31,-30.48,0.238,39.48,False,49.0
sma_cross + rsi_not_hot,sma_cross,rsi_not_hot,VTR,discovery,0.075,18.74,-29.02,0.555,121.72,False,44.1
sma_cross + rsi_not_hot,sma_cross,rsi_not_hot,KIM,confirmation,0.396,62.0,-35.77,0.49,104.27,False,51.9
sma_cross + rsi_not_hot,sma_cross,rsi_not_hot,BXP,discovery,0.276,44.0,-27.85,-0.003,-11.71,True,35.2
sma_cross + rsi_not_hot,sma_cross,rsi_not_hot,HST,confirmation,-0.244,-23.55,-51.68,0.449,100.27,False,53.7
sma_cross + rsi_not_hot,sma_cross,rsi_not_hot,F,discovery,-0.192,-27.13,-70.42,0.455,112.89,False,46.3
sma_cross + rsi_not_hot,sma_cross,rsi_not_hot,LEG,confirmation,-0.855,-61.11,-64.31,-0.418,-72.68,False,32.0
sma_cross + rsi_not_hot,sma_cross,rsi_not_hot,INTC,discovery,-0.335,-55.71,-72.77,0.495,140.96,False,42.6
sma_cross + rsi_oversold,sma_cross,rsi_oversold,SO,discovery,-1.235,-9.08,-11.78,0.515,86.48,False,3.1
sma_cross + rsi_oversold,sma_cross,rsi_oversold,DUK,confirmation,-0.301,11.65,-4.62,0.384,61.14,False,3.4
sma_cross + rsi_oversold,sma_cross,rsi_oversold,AEP,discovery,-1.256,-9.86,-11.61,0.468,81.2,False,3.6
sma_cross + rsi_oversold,sma_cross,rsi_oversold,ED,confirmation,-0.769,0.29,-7.17,0.417,68.61,False,3.6
sma_cross + rsi_oversold,sma_cross,rsi_oversold,XEL,discovery,-1.512,-14.0,-16.01,0.231,38.97,False,2.8
sma_cross + rsi_oversold,sma_cross,rsi_oversold,KHC,confirmation,-1.125,-1.02,-5.54,-0.109,-9.46,False,2.8
sma_cross + rsi_oversold,sma_cross,rsi_oversold,GIS,discovery,-1.632,-12.8,-12.8,-0.212,-19.57,False,2.1
sma_cross + rsi_oversold,sma_cross,rsi_oversold,CAG,confirmation,-1.449,-14.71,-14.72,-0.415,-41.87,False,2.6
sma_cross + rsi_oversold,sma_cross,rsi_oversold,CPB,discovery,-0.753,0.62,-9.48,-0.391,-41.88,False,2.4
sma_cross + rsi_oversold,sma_cross,rsi_oversold,SJM,confirmation,-1.247,-4.27,-11.89,0.153,24.69,False,2.8
sma_cross + rsi_oversold,sma_cross,rsi_oversold,T,discovery,-0.75,-0.88,-10.61,0.348,63.12,False,3.1
sma_cross + rsi_oversold,sma_cross,rsi_oversold,VZ,confirmation,-0.617,4.57,-5.48,0.062,13.18,False,3.2
sma_cross + rsi_oversold,sma_cross,rsi_oversold,BMY,confirmation,-0.742,-3.35,-11.18,0.159,26.34,False,3.6
sma_cross + rsi_oversold,sma_cross,rsi_oversold,PFE,discovery,-1.532,-19.12,-20.49,-0.014,-1.62,False,4.5
sma_cross + rsi_oversold,sma_cross,rsi_oversold,CVS,confirmation,-0.134,11.78,-9.26,0.362,71.02,False,4.9
sma_cross + rsi_oversold,sma_cross,rsi_oversold,VTRS,discovery,-0.611,-8.48,-21.31,0.176,20.88,False,4.7
sma_cross + rsi_oversold,sma_cross,rsi_oversold,MMM,confirmation,-0.181,11.07,-6.85,0.28,49.88,False,4.2
sma_cross + rsi_oversold,sma_cross,rsi_oversold,EMR,discovery,-0.062,16.12,-8.14,0.562,130.7,False,4.9
sma_cross + rsi_oversold,sma_cross,rsi_oversold,DOV,confirmation,-0.421,3.54,-11.54,0.404,77.31,False,5.9
sma_cross + rsi_oversold,sma_cross,rsi_oversold,OKE,discovery,-0.306,10.25,-6.66,0.808,253.62,False,1.7
sma_cross + rsi_oversold,sma_cross,rsi_oversold,DOW,confirmation,-1.307,-9.25,-13.75,-0.185,-26.56,False,2.6
sma_cross + rsi_oversold,sma_cross,rsi_oversold,LYB,discovery,-0.51,7.3,-8.17,0.084,3.0,False,1.9
sma_cross + rsi_oversold,sma_cross,rsi_oversold,MOS,confirmation,0.083,21.86,-11.98,0.18,10.56,False,3.6
sma_cross + rsi_oversold,sma_cross,rsi_oversold,NEM,discovery,-0.702,-7.73,-19.54,0.519,141.69,False,3.6
sma_cross + rsi_oversold,sma_cross,rsi_oversold,O,confirmation,-0.735,-2.46,-12.98,0.238,39.48,False,4.5
sma_cross + rsi_oversold,sma_cross,rsi_oversold,VTR,discovery,-0.961,-9.82,-15.96,0.555,121.72,False,3.0
sma_cross + rsi_oversold,sma_cross,rsi_oversold,KIM,confirmation,-0.858,-1.27,-9.42,0.49,104.27,False,3.8
sma_cross + rsi_oversold,sma_cross,rsi_oversold,BXP,discovery,-0.577,2.0,-7.64,-0.003,-11.71,False,2.5
sma_cross + rsi_oversold,sma_cross,rsi_oversold,HST,confirmation,-0.27,6.72,-12.4,0.449,100.27,False,2.7
sma_cross + rsi_oversold,sma_cross,rsi_oversold,F,discovery,-0.582,-17.96,-32.68,0.455,112.89,False,4.8
sma_cross + rsi_oversold,sma_cross,rsi_oversold,LEG,confirmation,0.152,24.59,-10.09,-0.418,-72.68,True,3.3
sma_cross + rsi_oversold,sma_cross,rsi_oversold,INTC,discovery,0.113,24.06,-17.0,0.495,140.96,False,5.6
sma_cross + bb_lower_half,sma_cross,bb_lower_half,SO,discovery,-0.837,-20.11,-27.6,0.515,86.48,False,20.3
sma_cross + bb_lower_half,sma_cross,bb_lower_half,DUK,confirmation,-0.478,-6.72,-23.15,0.384,61.14,False,23.5
sma_cross + bb_lower_half,sma_cross,bb_lower_half,AEP,discovery,-0.674,-19.17,-28.45,0.468,81.2,False,21.9
sma_cross + bb_lower_half,sma_cross,bb_lower_half,ED,confirmation,-0.545,-10.59,-19.08,0.417,68.61,False,20.5
sma_cross + bb_lower_half,sma_cross,bb_lower_half,XEL,discovery,-0.496,-9.98,-28.38,0.231,38.97,False,21.2
sma_cross + bb_lower_half,sma_cross,bb_lower_half,KHC,confirmation,-0.675,-20.57,-28.16,-0.109,-9.46,False,18.1
sma_cross + bb_lower_half,sma_cross,bb_lower_half,GIS,discovery,-0.12,10.54,-17.98,-0.212,-19.57,True,16.3
sma_cross + bb_lower_half,sma_cross,bb_lower_half,CAG,confirmation,-0.95,-35.39,-39.42,-0.415,-41.87,False,15.6
sma_cross + bb_lower_half,sma_cross,bb_lower_half,CPB,discovery,-0.161,5.84,-21.11,-0.391,-41.88,True,16.6
sma_cross + bb_lower_half,sma_cross,bb_lower_half,SJM,confirmation,-0.116,9.68,-19.87,0.153,24.69,False,17.8
sma_cross + bb_lower_half,sma_cross,bb_lower_half,T,discovery,0.111,23.83,-16.2,0.348,63.12,False,18.3
sma_cross + bb_lower_half,sma_cross,bb_lower_half,VZ,confirmation,-0.708,-22.82,-31.49,0.062,13.18,False,21.3
sma_cross + bb_lower_half,sma_cross,bb_lower_half,PARA,discovery,-0.906,-42.04,-62.12,-1.495,-100.0,True,5.3
sma_cross + bb_lower_half,sma_cross,bb_lower_half,BMY,confirmation,-0.741,-23.42,-32.87,0.159,26.34,False,18.5
sma_cross + bb_lower_half,sma_cross,bb_lower_half,PFE,discovery,-0.718,-23.77,-41.31,-0.014,-1.62,False,21.5
sma_cross + bb_lower_half,sma_cross,bb_lower_half,CVS,confirmation,-0.046,10.28,-24.28,0.362,71.02,False,21.2
sma_cross + bb_lower_half,sma_cross,bb_lower_half,VTRS,discovery,-0.435,-29.89,-48.26,0.176,20.88,False,19.0
sma_cross + bb_lower_half,sma_cross,bb_lower_half,MMM,confirmation,-0.365,-11.57,-31.7,0.28,49.88,False,19.2
sma_cross + bb_lower_half,sma_cross,bb_lower_half,EMR,discovery,-0.163,-0.56,-32.78,0.562,130.7,False,23.0
sma_cross + bb_lower_half,sma_cross,bb_lower_half,DOV,confirmation,-0.627,-23.59,-31.15,0.404,77.31,False,22.1
sma_cross + bb_lower_half,sma_cross,bb_lower_half,OKE,discovery,0.715,97.93,-14.58,0.808,253.62,False,20.1
sma_cross + bb_lower_half,sma_cross,bb_lower_half,DOW,confirmation,-0.443,-6.82,-30.62,-0.185,-26.56,False,17.8
sma_cross + bb_lower_half,sma_cross,bb_lower_half,LYB,discovery,-0.159,-0.82,-27.68,0.084,3.0,False,20.6
sma_cross + bb_lower_half,sma_cross,bb_lower_half,MOS,confirmation,0.032,10.69,-43.72,0.18,10.56,False,18.9
sma_cross + bb_lower_half,sma_cross,bb_lower_half,NEM,discovery,0.236,37.79,-31.63,0.519,141.69,False,17.7
sma_cross + bb_lower_half,sma_cross,bb_lower_half,O,confirmation,-0.563,-13.11,-27.5,0.238,39.48,False,23.2
sma_cross + bb_lower_half,sma_cross,bb_lower_half,VTR,discovery,-0.055,10.75,-30.77,0.555,121.72,False,20.4
sma_cross + bb_lower_half,sma_cross,bb_lower_half,KIM,confirmation,0.266,36.97,-19.55,0.49,104.27,False,21.9
sma_cross + bb_lower_half,sma_cross,bb_lower_half,BXP,discovery,0.003,15.07,-19.85,-0.003,-11.71,True,14.4
sma_cross + bb_lower_half,sma_cross,bb_lower_half,HST,confirmation,0.162,28.86,-28.29,0.449,100.27,False,23.8
sma_cross + bb_lower_half,sma_cross,bb_lower_half,F,discovery,-0.269,-17.3,-53.95,0.455,112.89,False,24.4
sma_cross + bb_lower_half,sma_cross,bb_lower_half,LEG,confirmation,-0.444,-27.39,-36.11,-0.418,-72.68,False,19.6
sma_cross + bb_lower_half,sma_cross,bb_lower_half,INTC,discovery,-0.288,-33.57,-54.02,0.495,140.96,False,21.4
sma_cross + bb_upper_half,sma_cross,bb_upper_half,SO,discovery,0.327,41.52,-9.87,0.515,86.48,False,38.4
sma_cross + bb_upper_half,sma_cross,bb_upper_half,DUK,confirmation,-0.41,-7.8,-15.37,0.384,61.14,False,34.9
sma_cross + bb_upper_half,sma_cross,bb_upper_half,AEP,discovery,-0.207,2.01,-23.5,0.468,81.2,False,35.8
sma_cross + bb_upper_half,sma_cross,bb_upper_half,ED,confirmation,0.031,17.86,-15.38,0.417,68.61,False,37.2
sma_cross + bb_upper_half,sma_cross,bb_upper_half,XEL,discovery,-0.439,-13.43,-24.0,0.231,38.97,False,36.1
sma_cross + bb_upper_half,sma_cross,bb_upper_half,KHC,confirmation,-0.273,-4.86,-30.32,-0.109,-9.46,False,28.6
sma_cross + bb_upper_half,sma_cross,bb_upper_half,GIS,discovery,-0.68,-25.94,-35.77,-0.212,-19.57,False,29.1
sma_cross + bb_upper_half,sma_cross,bb_upper_half,CAG,confirmation,-0.647,-23.77,-36.67,-0.415,-41.87,False,25.8
sma_cross + bb_upper_half,sma_cross,bb_upper_half,CPB,discovery,-0.877,-42.28,-45.83,-0.391,-41.88,False,26.7
sma_cross + bb_upper_half,sma_cross,bb_upper_half,SJM,confirmation,-0.26,-9.48,-23.78,0.153,24.69,False,34.2
sma_cross + bb_upper_half,sma_cross,bb_upper_half,T,discovery,-0.265,-11.41,-29.28,0.348,63.12,False,39.3
sma_cross + bb_upper_half,sma_cross,bb_upper_half,VZ,confirmation,-0.717,-27.24,-37.78,0.062,13.18,False,26.3
sma_cross + bb_upper_half,sma_cross,bb_upper_half,PARA,discovery,-1.82,-33.78,-33.78,-1.495,-100.0,False,1.7
sma_cross + bb_upper_half,sma_cross,bb_upper_half,BMY,confirmation,-0.111,4.85,-27.48,0.159,26.34,False,31.3
sma_cross + bb_upper_half,sma_cross,bb_upper_half,PFE,discovery,-0.292,-9.61,-42.4,-0.014,-1.62,False,25.2
sma_cross + bb_upper_half,sma_cross,bb_upper_half,CVS,confirmation,-0.103,-1.9,-41.91,0.362,71.02,False,33.8
sma_cross + bb_upper_half,sma_cross,bb_upper_half,VTRS,discovery,0.067,17.59,-34.7,0.176,20.88,False,35.0
sma_cross + bb_upper_half,sma_cross,bb_upper_half,MMM,confirmation,-0.071,4.89,-28.55,0.28,49.88,False,36.1
sma_cross + bb_upper_half,sma_cross,bb_upper_half,EMR,discovery,-0.404,-18.08,-30.66,0.562,130.7,False,37.4
sma_cross + bb_upper_half,sma_cross,bb_upper_half,DOV,confirmation,-0.079,7.69,-20.34,0.404,77.31,False,36.1
sma_cross + bb_upper_half,sma_cross,bb_upper_half,OKE,discovery,0.153,27.54,-36.64,0.808,253.62,False,45.2
sma_cross + bb_upper_half,sma_cross,bb_upper_half,DOW,confirmation,0.029,13.5,-25.02,-0.185,-26.56,True,26.4
sma_cross + bb_upper_half,sma_cross,bb_upper_half,LYB,discovery,-0.176,-11.82,-47.47,0.084,3.0,False,33.3
sma_cross + bb_upper_half,sma_cross,bb_upper_half,MOS,confirmation,-0.116,-13.57,-55.4,0.18,10.56,False,29.0
sma_cross + bb_upper_half,sma_cross,bb_upper_half,NEM,discovery,0.236,39.76,-32.79,0.519,141.69,False,38.8
sma_cross + bb_upper_half,sma_cross,bb_upper_half,O,confirmation,-0.453,-13.07,-24.28,0.238,39.48,False,37.3
sma_cross + bb_upper_half,sma_cross,bb_upper_half,VTR,discovery,0.035,16.04,-24.09,0.555,121.72,False,39.4
sma_cross + bb_upper_half,sma_cross,bb_upper_half,KIM,confirmation,0.121,24.2,-28.22,0.49,104.27,False,41.2
sma_cross + bb_upper_half,sma_cross,bb_upper_half,BXP,discovery,-0.009,9.56,-27.86,-0.003,-11.71,False,31.3
sma_cross + bb_upper_half,sma_cross,bb_upper_half,HST,confirmation,-0.9,-54.59,-64.62,0.449,100.27,False,40.0
sma_cross + bb_upper_half,sma_cross,bb_upper_half,F,discovery,-0.06,-6.27,-49.38,0.455,112.89,False,34.2
sma_cross + bb_upper_half,sma_cross,bb_upper_half,LEG,confirmation,-0.837,-48.76,-53.28,-0.418,-72.68,False,18.5
sma_cross + bb_upper_half,sma_cross,bb_upper_half,INTC,discovery,0.062,-1.07,-66.46,0.495,140.96,False,30.9
sma_cross + adx_trending,sma_cross,adx_trending,SO,discovery,0.258,34.73,-15.38,0.515,86.48,False,36.2
sma_cross + adx_trending,sma_cross,adx_trending,DUK,confirmation,-0.067,11.83,-15.25,0.384,61.14,False,37.2
sma_cross + adx_trending,sma_cross,adx_trending,AEP,discovery,0.218,32.25,-15.28,0.468,81.2,False,36.6
sma_cross + adx_trending,sma_cross,adx_trending,ED,confirmation,0.302,39.52,-13.62,0.417,68.61,False,37.5
sma_cross + adx_trending,sma_cross,adx_trending,XEL,discovery,-0.367,-4.78,-21.15,0.231,38.97,False,31.8
sma_cross + adx_trending,sma_cross,adx_trending,KHC,confirmation,-0.082,9.85,-20.09,-0.109,-9.46,True,29.5
sma_cross + adx_trending,sma_cross,adx_trending,GIS,discovery,-0.536,-16.89,-29.32,-0.212,-19.57,False,27.5
sma_cross + adx_trending,sma_cross,adx_trending,CAG,confirmation,-0.625,-23.03,-26.2,-0.415,-41.87,False,25.7
sma_cross + adx_trending,sma_cross,adx_trending,CPB,discovery,-0.36,-10.52,-34.04,-0.391,-41.88,True,22.9
sma_cross + adx_trending,sma_cross,adx_trending,SJM,confirmation,0.005,14.1,-26.8,0.153,24.69,False,33.4
sma_cross + adx_trending,sma_cross,adx_trending,T,discovery,-0.326,-16.9,-40.81,0.348,63.12,False,38.4
sma_cross + adx_trending,sma_cross,adx_trending,VZ,confirmation,-0.786,-35.76,-46.03,0.062,13.18,False,31.2
sma_cross + adx_trending,sma_cross,adx_trending,PARA,discovery,-0.725,-39.53,-47.32,-1.495,-100.0,True,5.9
sma_cross + adx_trending,sma_cross,adx_trending,BMY,confirmation,-0.188,-1.33,-26.38,0.159,26.34,False,31.9
sma_cross + adx_trending,sma_cross,adx_trending,PFE,discovery,-0.162,-2.34,-40.88,-0.014,-1.62,False,33.3
sma_cross + adx_trending,sma_cross,adx_trending,CVS,confirmation,-0.068,2.51,-46.65,0.362,71.02,False,38.1
sma_cross + adx_trending,sma_cross,adx_trending,VTRS,discovery,-0.097,-2.12,-31.88,0.176,20.88,False,39.4
sma_cross + adx_trending,sma_cross,adx_trending,MMM,confirmation,0.111,23.45,-36.61,0.28,49.88,False,33.4
sma_cross + adx_trending,sma_cross,adx_trending,EMR,discovery,0.017,12.83,-25.84,0.562,130.7,False,40.0
sma_cross + adx_trending,sma_cross,adx_trending,DOV,confirmation,-0.161,-0.24,-23.63,0.404,77.31,False,40.0
sma_cross + adx_trending,sma_cross,adx_trending,OKE,discovery,0.467,71.33,-26.86,0.808,253.62,False,34.5
sma_cross + adx_trending,sma_cross,adx_trending,DOW,confirmation,-0.474,-16.79,-33.06,-0.185,-26.56,False,28.0
sma_cross + adx_trending,sma_cross,adx_trending,LYB,discovery,-0.073,-0.21,-42.16,0.084,3.0,False,27.6
sma_cross + adx_trending,sma_cross,adx_trending,MOS,confirmation,0.097,16.24,-49.71,0.18,10.56,False,28.6
sma_cross + adx_trending,sma_cross,adx_trending,NEM,discovery,-0.047,-4.76,-45.01,0.519,141.69,False,35.7
sma_cross + adx_trending,sma_cross,adx_trending,O,confirmation,-0.479,-14.8,-26.78,0.238,39.48,False,38.9
sma_cross + adx_trending,sma_cross,adx_trending,VTR,discovery,0.245,38.05,-25.38,0.555,121.72,False,40.3
sma_cross + adx_trending,sma_cross,adx_trending,KIM,confirmation,-0.012,10.59,-28.25,0.49,104.27,False,40.1
sma_cross + adx_trending,sma_cross,adx_trending,BXP,discovery,0.277,43.97,-21.92,-0.003,-11.71,True,32.4
sma_cross + adx_trending,sma_cross,adx_trending,HST,confirmation,-0.124,-5.34,-49.71,0.449,100.27,False,40.8
sma_cross + adx_trending,sma_cross,adx_trending,F,discovery,0.221,36.76,-47.94,0.455,112.89,False,43.2
sma_cross + adx_trending,sma_cross,adx_trending,LEG,confirmation,-0.345,-24.72,-39.39,-0.418,-72.68,True,21.9
sma_cross + adx_trending,sma_cross,adx_trending,INTC,discovery,0.088,2.51,-69.91,0.495,140.96,False,36.9
sma_cross + adx_quiet,sma_cross,adx_quiet,SO,discovery,-0.857,-15.76,-25.11,0.515,86.48,False,12.6
sma_cross + adx_quiet,sma_cross,adx_quiet,DUK,confirmation,-0.744,-9.34,-12.75,0.384,61.14,False,11.6
sma_cross + adx_quiet,sma_cross,adx_quiet,AEP,discovery,-1.191,-26.78,-33.59,0.468,81.2,False,10.9
sma_cross + adx_quiet,sma_cross,adx_quiet,ED,confirmation,-0.854,-15.13,-23.62,0.417,68.61,False,12.4
sma_cross + adx_quiet,sma_cross,adx_quiet,XEL,discovery,-0.593,-14.1,-18.45,0.231,38.97,False,17.8
sma_cross + adx_quiet,sma_cross,adx_quiet,KHC,confirmation,-0.527,-9.86,-26.56,-0.109,-9.46,False,10.9
sma_cross + adx_quiet,sma_cross,adx_quiet,GIS,discovery,0.055,20.39,-12.67,-0.212,-19.57,True,12.5
sma_cross + adx_quiet,sma_cross,adx_quiet,CAG,confirmation,-0.737,-19.75,-33.68,-0.415,-41.87,False,10.4
sma_cross + adx_quiet,sma_cross,adx_quiet,CPB,discovery,-0.691,-19.69,-27.47,-0.391,-41.88,False,12.7
sma_cross + adx_quiet,sma_cross,adx_quiet,SJM,confirmation,-0.629,-9.95,-27.5,0.153,24.69,False,9.5
sma_cross + adx_quiet,sma_cross,adx_quiet,T,discovery,-0.471,-1.27,-13.59,0.348,63.12,False,10.2
sma_cross + adx_quiet,sma_cross,adx_quiet,VZ,confirmation,-0.89,-15.22,-20.25,0.062,13.18,False,11.1
sma_cross + adx_quiet,sma_cross,adx_quiet,BMY,confirmation,-0.25,7.7,-12.36,0.159,26.34,False,10.3
sma_cross + adx_quiet,sma_cross,adx_quiet,PFE,discovery,-0.954,-11.07,-19.05,-0.014,-1.62,False,7.5
sma_cross + adx_quiet,sma_cross,adx_quiet,CVS,confirmation,-0.359,-1.38,-18.23,0.362,71.02,False,10.6
sma_cross + adx_quiet,sma_cross,adx_quiet,VTRS,discovery,0.239,34.27,-24.59,0.176,20.88,True,10.0
sma_cross + adx_quiet,sma_cross,adx_quiet,MMM,confirmation,-0.2,-0.92,-19.5,0.28,49.88,False,15.7
sma_cross + adx_quiet,sma_cross,adx_quiet,EMR,discovery,-0.199,4.49,-19.49,0.562,130.7,False,13.9
sma_cross + adx_quiet,sma_cross,adx_quiet,DOV,confirmation,-0.207,8.61,-16.81,0.404,77.31,False,10.4
sma_cross + adx_quiet,sma_cross,adx_quiet,OKE,discovery,0.053,19.5,-14.84,0.808,253.62,False,17.4
sma_cross + adx_quiet,sma_cross,adx_quiet,DOW,confirmation,-0.269,4.11,-19.84,-0.185,-26.56,False,9.9
sma_cross + adx_quiet,sma_cross,adx_quiet,LYB,discovery,-0.481,-14.06,-29.11,0.084,3.0,False,14.8
sma_cross + adx_quiet,sma_cross,adx_quiet,MOS,confirmation,-0.148,-3.38,-43.94,0.18,10.56,False,13.5
sma_cross + adx_quiet,sma_cross,adx_quiet,NEM,discovery,0.346,45.92,-15.87,0.519,141.69,False,12.5
sma_cross + adx_quiet,sma_cross,adx_quiet,O,confirmation,-0.72,-13.37,-17.82,0.238,39.48,False,12.8
sma_cross + adx_quiet,sma_cross,adx_quiet,VTR,discovery,0.082,21.8,-11.53,0.555,121.72,False,13.4
sma_cross + adx_quiet,sma_cross,adx_quiet,KIM,confirmation,-0.077,12.32,-20.86,0.49,104.27,False,14.6
sma_cross + adx_quiet,sma_cross,adx_quiet,BXP,discovery,-0.329,2.47,-21.1,-0.003,-11.71,False,7.0
sma_cross + adx_quiet,sma_cross,adx_quiet,HST,confirmation,-1.03,-38.94,-47.12,0.449,100.27,False,11.3
sma_cross + adx_quiet,sma_cross,adx_quiet,F,discovery,0.103,23.05,-22.53,0.455,112.89,False,9.3
sma_cross + adx_quiet,sma_cross,adx_quiet,LEG,confirmation,-1.219,-45.82,-45.89,-0.418,-72.68,False,9.0
sma_cross + adx_quiet,sma_cross,adx_quiet,INTC,discovery,-0.466,-29.75,-36.66,0.495,140.96,False,7.6
sma_cross + low_vol,sma_cross,low_vol,SO,discovery,-0.117,8.5,-13.86,0.515,86.48,False,31.1
sma_cross + low_vol,sma_cross,low_vol,DUK,confirmation,-0.634,-17.6,-19.55,0.384,61.14,False,31.7
sma_cross + low_vol,sma_cross,low_vol,AEP,discovery,-0.845,-29.35,-31.72,0.468,81.2,False,28.5
sma_cross + low_vol,sma_cross,low_vol,ED,confirmation,-0.464,-9.4,-20.55,0.417,68.61,False,29.2
sma_cross + low_vol,sma_cross,low_vol,XEL,discovery,-0.719,-24.18,-26.45,0.231,38.97,False,30.4
sma_cross + low_vol,sma_cross,low_vol,KHC,confirmation,-0.612,-17.03,-25.29,-0.109,-9.46,False,19.7
sma_cross + low_vol,sma_cross,low_vol,GIS,discovery,-0.273,1.62,-14.3,-0.212,-19.57,False,25.1
sma_cross + low_vol,sma_cross,low_vol,CAG,confirmation,-0.93,-27.7,-30.55,-0.415,-41.87,False,16.3
sma_cross + low_vol,sma_cross,low_vol,CPB,discovery,-0.682,-20.66,-27.79,-0.391,-41.88,False,16.9
sma_cross + low_vol,sma_cross,low_vol,SJM,confirmation,-0.459,-11.06,-26.38,0.153,24.69,False,24.9
sma_cross + low_vol,sma_cross,low_vol,T,discovery,-0.588,-25.43,-37.04,0.348,63.12,False,22.0
sma_cross + low_vol,sma_cross,low_vol,VZ,confirmation,-1.24,-41.07,-42.76,0.062,13.18,False,22.8
sma_cross + low_vol,sma_cross,low_vol,BMY,confirmation,-0.476,-15.34,-28.27,0.159,26.34,False,26.9
sma_cross + low_vol,sma_cross,low_vol,PFE,discovery,-0.62,-20.18,-31.0,-0.014,-1.62,False,19.6
sma_cross + low_vol,sma_cross,low_vol,CVS,confirmation,-0.115,-1.18,-26.38,0.362,71.02,False,28.7
sma_cross + low_vol,sma_cross,low_vol,VTRS,discovery,0.007,12.16,-30.84,0.176,20.88,False,24.0
sma_cross + low_vol,sma_cross,low_vol,MMM,confirmation,0.15,27.68,-32.28,0.28,49.88,False,30.1
sma_cross + low_vol,sma_cross,low_vol,EMR,discovery,-0.373,-14.12,-35.96,0.562,130.7,False,31.8
sma_cross + low_vol,sma_cross,low_vol,DOV,confirmation,-0.307,-9.31,-30.34,0.404,77.31,False,28.9
sma_cross + low_vol,sma_cross,low_vol,OKE,discovery,-0.044,8.67,-20.73,0.808,253.62,False,31.8
sma_cross + low_vol,sma_cross,low_vol,DOW,confirmation,-0.394,-7.62,-28.79,-0.185,-26.56,False,20.8
sma_cross + low_vol,sma_cross,low_vol,LYB,discovery,-0.356,-12.9,-34.03,0.084,3.0,False,22.4
sma_cross + low_vol,sma_cross,low_vol,MOS,confirmation,-0.484,-37.84,-52.63,0.18,10.56,False,22.0
sma_cross + low_vol,sma_cross,low_vol,NEM,discovery,-0.269,-23.43,-50.19,0.519,141.69,False,27.4
sma_cross + low_vol,sma_cross,low_vol,O,confirmation,-0.836,-27.33,-32.21,0.238,39.48,False,28.8
sma_cross + low_vol,sma_cross,low_vol,VTR,discovery,-0.51,-21.31,-30.5,0.555,121.72,False,29.5
sma_cross + low_vol,sma_cross,low_vol,KIM,confirmation,-0.014,12.57,-32.81,0.49,104.27,False,35.8
sma_cross + low_vol,sma_cross,low_vol,BXP,discovery,0.012,13.89,-26.88,-0.003,-11.71,True,23.2
sma_cross + low_vol,sma_cross,low_vol,HST,confirmation,-0.241,-12.4,-39.52,0.449,100.27,False,36.6
sma_cross + low_vol,sma_cross,low_vol,F,discovery,-0.315,-22.59,-54.15,0.455,112.89,False,26.6
sma_cross + low_vol,sma_cross,low_vol,LEG,confirmation,-0.673,-44.82,-56.12,-0.418,-72.68,False,18.8
sma_cross + low_vol,sma_cross,low_vol,INTC,discovery,-0.213,-22.01,-49.21,0.495,140.96,False,19.9
sma_cross + rsi_rising,sma_cross,rsi_rising,SO,discovery,-0.59,-11.96,-24.79,0.515,86.48,False,25.2
sma_cross + rsi_rising,sma_cross,rsi_rising,DUK,confirmation,-0.9,-24.79,-36.14,0.384,61.14,False,25.3
sma_cross + rsi_rising,sma_cross,rsi_rising,AEP,discovery,-0.466,-8.23,-21.41,0.468,81.2,False,23.7
sma_cross + rsi_rising,sma_cross,rsi_rising,ED,confirmation,-0.244,2.92,-18.39,0.417,68.61,False,25.1
sma_cross + rsi_rising,sma_cross,rsi_rising,XEL,discovery,-0.605,-18.34,-28.07,0.231,38.97,False,26.1
sma_cross + rsi_rising,sma_cross,rsi_rising,KHC,confirmation,-0.772,-27.82,-42.91,-0.109,-9.46,False,20.0
sma_cross + rsi_rising,sma_cross,rsi_rising,GIS,discovery,-0.849,-28.19,-37.01,-0.212,-19.57,False,20.8
sma_cross + rsi_rising,sma_cross,rsi_rising,CAG,confirmation,-1.482,-47.39,-51.4,-0.415,-41.87,False,16.6
sma_cross + rsi_rising,sma_cross,rsi_rising,CPB,discovery,-1.15,-48.72,-50.64,-0.391,-41.88,False,19.1
sma_cross + rsi_rising,sma_cross,rsi_rising,SJM,confirmation,-1.038,-39.47,-45.1,0.153,24.69,False,23.1
sma_cross + rsi_rising,sma_cross,rsi_rising,T,discovery,-0.284,-4.07,-19.62,0.348,63.12,False,24.8
sma_cross + rsi_rising,sma_cross,rsi_rising,VZ,confirmation,-1.312,-42.91,-44.62,0.062,13.18,False,19.8
sma_cross + rsi_rising,sma_cross,rsi_rising,PARA,discovery,-1.337,-48.79,-52.59,-1.495,-100.0,True,2.7
sma_cross + rsi_rising,sma_cross,rsi_rising,BMY,confirmation,-0.473,-12.97,-25.55,0.159,26.34,False,21.7
sma_cross + rsi_rising,sma_cross,rsi_rising,PFE,discovery,-0.385,-8.52,-28.58,-0.014,-1.62,False,19.7
sma_cross + rsi_rising,sma_cross,rsi_rising,CVS,confirmation,-0.328,-13.28,-46.92,0.362,71.02,False,24.1
sma_cross + rsi_rising,sma_cross,rsi_rising,VTRS,discovery,-0.393,-22.06,-43.78,0.176,20.88,False,23.5
sma_cross + rsi_rising,sma_cross,rsi_rising,MMM,confirmation,-0.006,14.03,-15.91,0.28,49.88,False,24.9
sma_cross + rsi_rising,sma_cross,rsi_rising,EMR,discovery,-0.59,-28.66,-39.7,0.562,130.7,False,26.5
sma_cross + rsi_rising,sma_cross,rsi_rising,DOV,confirmation,-0.254,-1.27,-28.87,0.404,77.31,False,25.3
sma_cross + rsi_rising,sma_cross,rsi_rising,OKE,discovery,-0.049,7.44,-34.59,0.808,253.62,False,31.1
sma_cross + rsi_rising,sma_cross,rsi_rising,DOW,confirmation,-0.007,12.08,-25.46,-0.185,-26.56,True,20.9
sma_cross + rsi_rising,sma_cross,rsi_rising,LYB,discovery,0.06,17.26,-26.79,0.084,3.0,False,24.9
sma_cross + rsi_rising,sma_cross,rsi_rising,MOS,confirmation,0.057,13.4,-29.93,0.18,10.56,False,19.2
sma_cross + rsi_rising,sma_cross,rsi_rising,NEM,discovery,-0.271,-17.58,-35.44,0.519,141.69,False,24.2
sma_cross + rsi_rising,sma_cross,rsi_rising,O,confirmation,-0.35,-2.46,-13.76,0.238,39.48,False,25.1
sma_cross + rsi_rising,sma_cross,rsi_rising,VTR,discovery,0.168,29.02,-21.99,0.555,121.72,False,27.1
sma_cross + rsi_rising,sma_cross,rsi_rising,KIM,confirmation,-0.026,11.37,-29.44,0.49,104.27,False,27.8
sma_cross + rsi_rising,sma_cross,rsi_rising,BXP,discovery,-0.046,10.64,-17.78,-0.003,-11.71,False,20.3
sma_cross + rsi_rising,sma_cross,rsi_rising,HST,confirmation,-0.312,-15.28,-30.65,0.449,100.27,False,27.2
sma_cross + rsi_rising,sma_cross,rsi_rising,F,discovery,0.143,25.75,-36.66,0.455,112.89,False,27.6
sma_cross + rsi_rising,sma_cross,rsi_rising,LEG,confirmation,-0.375,-19.56,-31.89,-0.418,-72.68,True,15.7
sma_cross + rsi_rising,sma_cross,rsi_rising,INTC,discovery,-0.32,-41.96,-65.2,0.495,140.96,False,23.4
sma_cross + mom_accelerating,sma_cross,mom_accelerating,SO,discovery,-0.558,-11.55,-20.21,0.515,86.48,False,25.3
sma_cross + mom_accelerating,sma_cross,mom_accelerating,DUK,confirmation,-0.744,-19.5,-21.68,0.384,61.14,False,25.5
sma_cross + mom_accelerating,sma_cross,mom_accelerating,AEP,discovery,-0.729,-19.17,-25.18,0.468,81.2,False,22.9
sma_cross + mom_accelerating,sma_cross,mom_accelerating,ED,confirmation,-0.445,-7.04,-22.22,0.417,68.61,False,24.0
sma_cross + mom_accelerating,sma_cross,mom_accelerating,XEL,discovery,-1.08,-37.88,-44.38,0.231,38.97,False,24.7
sma_cross + mom_accelerating,sma_cross,mom_accelerating,KHC,confirmation,-0.45,-9.11,-36.42,-0.109,-9.46,False,19.4
sma_cross + mom_accelerating,sma_cross,mom_accelerating,GIS,discovery,-0.881,-26.91,-33.51,-0.212,-19.57,False,18.7
sma_cross + mom_accelerating,sma_cross,mom_accelerating,CAG,confirmation,-1.075,-35.24,-39.43,-0.415,-41.87,False,17.1
sma_cross + mom_accelerating,sma_cross,mom_accelerating,CPB,discovery,-1.174,-41.97,-44.16,-0.391,-41.88,False,18.4
sma_cross + mom_accelerating,sma_cross,mom_accelerating,SJM,confirmation,-0.701,-27.83,-32.81,0.153,24.69,False,22.3
sma_cross + mom_accelerating,sma_cross,mom_accelerating,T,discovery,0.308,40.11,-15.58,0.348,63.12,False,25.8
sma_cross + mom_accelerating,sma_cross,mom_accelerating,VZ,confirmation,-1.076,-36.98,-41.31,0.062,13.18,False,21.4
sma_cross + mom_accelerating,sma_cross,mom_accelerating,PARA,discovery,-0.759,-29.1,-36.88,-1.495,-100.0,True,3.3
sma_cross + mom_accelerating,sma_cross,mom_accelerating,BMY,confirmation,-0.517,-14.05,-31.58,0.159,26.34,False,22.6
sma_cross + mom_accelerating,sma_cross,mom_accelerating,PFE,discovery,-0.331,-7.43,-38.32,-0.014,-1.62,False,20.9
sma_cross + mom_accelerating,sma_cross,mom_accelerating,CVS,confirmation,0.087,20.74,-33.17,0.362,71.02,False,24.4
sma_cross + mom_accelerating,sma_cross,mom_accelerating,VTRS,discovery,-0.167,0.52,-21.98,0.176,20.88,False,23.3
sma_cross + mom_accelerating,sma_cross,mom_accelerating,MMM,confirmation,-0.316,-5.8,-30.31,0.28,49.88,False,21.9
sma_cross + mom_accelerating,sma_cross,mom_accelerating,EMR,discovery,-1.022,-45.72,-50.5,0.562,130.7,False,26.8
sma_cross + mom_accelerating,sma_cross,mom_accelerating,DOV,confirmation,-0.484,-14.43,-30.53,0.404,77.31,False,24.0
sma_cross + mom_accelerating,sma_cross,mom_accelerating,OKE,discovery,-0.007,11.41,-44.32,0.808,253.62,False,31.5
sma_cross + mom_accelerating,sma_cross,mom_accelerating,DOW,confirmation,-0.143,4.62,-29.39,-0.185,-26.56,True,19.5
sma_cross + mom_accelerating,sma_cross,mom_accelerating,LYB,discovery,-0.201,-7.34,-35.8,0.084,3.0,False,24.4
sma_cross + mom_accelerating,sma_cross,mom_accelerating,MOS,confirmation,0.149,26.42,-26.95,0.18,10.56,False,20.1
sma_cross + mom_accelerating,sma_cross,mom_accelerating,NEM,discovery,-0.155,-11.14,-43.55,0.519,141.69,False,26.7
sma_cross + mom_accelerating,sma_cross,mom_accelerating,O,confirmation,-1.01,-29.45,-32.21,0.238,39.48,False,25.3
sma_cross + mom_accelerating,sma_cross,mom_accelerating,VTR,discovery,-0.246,-2.97,-21.9,0.555,121.72,False,26.1
sma_cross + mom_accelerating,sma_cross,mom_accelerating,KIM,confirmation,-0.45,-17.58,-27.88,0.49,104.27,False,28.3
sma_cross + mom_accelerating,sma_cross,mom_accelerating,BXP,discovery,-0.169,0.02,-17.82,-0.003,-11.71,False,19.8
sma_cross + mom_accelerating,sma_cross,mom_accelerating,HST,confirmation,-0.531,-29.05,-48.63,0.449,100.27,False,27.6
sma_cross + mom_accelerating,sma_cross,mom_accelerating,F,discovery,-0.04,1.71,-42.87,0.455,112.89,False,26.3
sma_cross + mom_accelerating,sma_cross,mom_accelerating,LEG,confirmation,-0.279,-12.19,-29.82,-0.418,-72.68,True,15.2
sma_cross + mom_accelerating,sma_cross,mom_accelerating,INTC,discovery,0.517,126.9,-45.53,0.495,140.96,True,24.4
ema_cross + above_sma20,ema_cross,above_sma20,SO,discovery,-0.205,-0.04,-18.76,0.515,86.48,False,45.4
ema_cross + above_sma20,ema_cross,above_sma20,DUK,confirmation,-0.352,-6.36,-17.21,0.384,61.14,False,42.1
ema_cross + above_sma20,ema_cross,above_sma20,AEP,discovery,0.122,24.68,-17.95,0.468,81.2,False,40.3
ema_cross + above_sma20,ema_cross,above_sma20,ED,confirmation,-0.141,5.55,-22.72,0.417,68.61,False,39.8
ema_cross + above_sma20,ema_cross,above_sma20,XEL,discovery,-0.542,-19.27,-28.61,0.231,38.97,False,37.0
ema_cross + above_sma20,ema_cross,above_sma20,KHC,confirmation,-0.384,-11.66,-36.93,-0.109,-9.46,False,28.8
ema_cross + above_sma20,ema_cross,above_sma20,GIS,discovery,-0.387,-10.47,-22.7,-0.212,-19.57,False,29.3
ema_cross + above_sma20,ema_cross,above_sma20,CAG,confirmation,-0.372,-10.6,-22.78,-0.415,-41.87,True,26.2
ema_cross + above_sma20,ema_cross,above_sma20,CPB,discovery,-0.637,-31.37,-34.98,-0.391,-41.88,False,29.2
ema_cross + above_sma20,ema_cross,above_sma20,SJM,confirmation,-0.81,-45.76,-51.99,0.153,24.69,False,37.2
ema_cross + above_sma20,ema_cross,above_sma20,T,discovery,-0.046,6.7,-28.81,0.348,63.12,False,43.7
ema_cross + above_sma20,ema_cross,above_sma20,VZ,confirmation,-0.762,-31.12,-38.9,0.062,13.18,False,30.8
ema_cross + above_sma20,ema_cross,above_sma20,BMY,confirmation,0.177,30.11,-13.06,0.159,26.34,True,33.9
ema_cross + above_sma20,ema_cross,above_sma20,PFE,discovery,-0.19,-3.07,-41.62,-0.014,-1.62,False,28.5
ema_cross + above_sma20,ema_cross,above_sma20,CVS,confirmation,-0.02,6.41,-45.75,0.362,71.02,False,39.9
ema_cross + above_sma20,ema_cross,above_sma20,VTRS,discovery,-0.071,0.97,-43.92,0.176,20.88,False,38.3
ema_cross + above_sma20,ema_cross,above_sma20,MMM,confirmation,0.023,13.21,-28.14,0.28,49.88,False,39.6
ema_cross + above_sma20,ema_cross,above_sma20,EMR,discovery,-0.321,-15.23,-27.48,0.562,130.7,False,42.8
ema_cross + above_sma20,ema_cross,above_sma20,DOV,confirmation,0.046,16.87,-22.34,0.404,77.31,False,44.2
ema_cross + above_sma20,ema_cross,above_sma20,OKE,discovery,-0.125,-6.08,-43.76,0.808,253.62,False,49.2
ema_cross + above_sma20,ema_cross,above_sma20,DOW,confirmation,0.075,16.71,-22.89,-0.185,-26.56,True,27.7
ema_cross + above_sma20,ema_cross,above_sma20,LYB,discovery,0.11,21.46,-27.46,0.084,3.0,True,33.1
ema_cross + above_sma20,ema_cross,above_sma20,MOS,confirmation,-0.339,-36.28,-67.95,0.18,10.56,False,27.9
ema_cross + above_sma20,ema_cross,above_sma20,NEM,discovery,0.155,24.91,-40.38,0.519,141.69,False,39.8
ema_cross + above_sma20,ema_cross,above_sma20,O,confirmation,-0.089,8.8,-19.33,0.238,39.48,False,41.2
ema_cross + above_sma20,ema_cross,above_sma20,VTR,discovery,0.326,48.0,-19.06,0.555,121.72,False,42.5
ema_cross + above_sma20,ema_cross,above_sma20,KIM,confirmation,-0.026,7.7,-34.33,0.49,104.27,False,44.3
ema_cross + above_sma20,ema_cross,above_sma20,BXP,discovery,-0.038,6.06,-27.41,-0.003,-11.71,False,34.1
ema_cross + above_sma20,ema_cross,above_sma20,HST,confirmation,-0.504,-36.28,-55.72,0.449,100.27,False,44.2
ema_cross + above_sma20,ema_cross,above_sma20,F,discovery,-0.048,-6.82,-55.21,0.455,112.89,False,36.9
ema_cross + above_sma20,ema_cross,above_sma20,LEG,confirmation,-0.678,-43.33,-51.68,-0.418,-72.68,False,20.1
ema_cross + above_sma20,ema_cross,above_sma20,INTC,discovery,0.211,30.49,-62.97,0.495,140.96,False,32.2
ema_cross + above_sma50,ema_cross,above_sma50,SO,discovery,-0.157,1.24,-23.85,0.515,86.48,False,55.1
ema_cross + above_sma50,ema_cross,above_sma50,DUK,confirmation,-0.465,-16.11,-27.32,0.384,61.14,False,52.4
ema_cross + above_sma50,ema_cross,above_sma50,AEP,discovery,0.303,43.17,-13.9,0.468,81.2,False,51.3
ema_cross + above_sma50,ema_cross,above_sma50,ED,confirmation,0.019,15.95,-26.55,0.417,68.61,False,48.6
ema_cross + above_sma50,ema_cross,above_sma50,XEL,discovery,-0.228,-3.21,-22.29,0.231,38.97,False,47.9
ema_cross + above_sma50,ema_cross,above_sma50,KHC,confirmation,-0.42,-18.74,-39.51,-0.109,-9.46,False,36.4
ema_cross + above_sma50,ema_cross,above_sma50,GIS,discovery,0.022,16.48,-16.5,-0.212,-19.57,True,35.9
ema_cross + above_sma50,ema_cross,above_sma50,CAG,confirmation,-0.386,-16.66,-28.23,-0.415,-41.87,True,32.2
ema_cross + above_sma50,ema_cross,above_sma50,CPB,discovery,-0.511,-26.79,-33.09,-0.391,-41.88,False,35.7
ema_cross + above_sma50,ema_cross,above_sma50,SJM,confirmation,-0.369,-22.12,-38.61,0.153,24.69,False,44.4
ema_cross + above_sma50,ema_cross,above_sma50,T,discovery,0.183,31.36,-36.54,0.348,63.12,False,53.3
ema_cross + above_sma50,ema_cross,above_sma50,VZ,confirmation,-0.585,-25.41,-33.46,0.062,13.18,False,37.6
ema_cross + above_sma50,ema_cross,above_sma50,BMY,confirmation,0.392,56.83,-18.67,0.159,26.34,True,42.1
ema_cross + above_sma50,ema_cross,above_sma50,PFE,discovery,-0.441,-24.99,-52.55,-0.014,-1.62,False,38.4
ema_cross + above_sma50,ema_cross,above_sma50,CVS,confirmation,-0.023,4.26,-48.65,0.362,71.02,False,48.7
ema_cross + above_sma50,ema_cross,above_sma50,VTRS,discovery,-0.079,-7.72,-56.35,0.176,20.88,False,46.7
ema_cross + above_sma50,ema_cross,above_sma50,MMM,confirmation,0.014,9.85,-36.72,0.28,49.88,False,47.6
ema_cross + above_sma50,ema_cross,above_sma50,EMR,discovery,-0.076,1.41,-34.78,0.562,130.7,False,51.0
ema_cross + above_sma50,ema_cross,above_sma50,DOV,confirmation,0.006,11.44,-26.73,0.404,77.31,False,54.2
ema_cross + above_sma50,ema_cross,above_sma50,OKE,discovery,0.371,64.77,-35.03,0.808,253.62,False,60.4
ema_cross + above_sma50,ema_cross,above_sma50,DOW,confirmation,0.396,44.1,-25.76,-0.185,-26.56,True,36.3
ema_cross + above_sma50,ema_cross,above_sma50,LYB,discovery,0.068,13.82,-34.79,0.084,3.0,False,41.6
ema_cross + above_sma50,ema_cross,above_sma50,MOS,confirmation,-0.141,-20.72,-75.06,0.18,10.56,False,37.3
ema_cross + above_sma50,ema_cross,above_sma50,NEM,discovery,0.368,70.73,-35.13,0.519,141.69,False,47.8
ema_cross + above_sma50,ema_cross,above_sma50,O,confirmation,-0.241,-4.48,-17.5,0.238,39.48,False,50.6
ema_cross + above_sma50,ema_cross,above_sma50,VTR,discovery,0.452,70.34,-19.22,0.555,121.72,False,54.2
ema_cross + above_sma50,ema_cross,above_sma50,KIM,confirmation,0.083,18.26,-48.63,0.49,104.27,False,57.2
ema_cross + above_sma50,ema_cross,above_sma50,BXP,discovery,0.031,11.49,-27.26,-0.003,-11.71,True,41.6
ema_cross + above_sma50,ema_cross,above_sma50,HST,confirmation,-0.273,-24.79,-56.34,0.449,100.27,False,56.3
ema_cross + above_sma50,ema_cross,above_sma50,F,discovery,0.038,1.71,-61.35,0.455,112.89,False,50.1
ema_cross + above_sma50,ema_cross,above_sma50,LEG,confirmation,-0.889,-62.78,-66.87,-0.418,-72.68,False,28.7
ema_cross + above_sma50,ema_cross,above_sma50,INTC,discovery,0.086,-2.18,-75.76,0.495,140.96,False,39.1
ema_cross + mom20_positive,ema_cross,mom20_positive,SO,discovery,-0.272,-4.83,-23.77,0.515,86.48,False,46.7
ema_cross + mom20_positive,ema_cross,mom20_positive,DUK,confirmation,-0.253,-1.74,-24.94,0.384,61.14,False,45.5
ema_cross + mom20_positive,ema_cross,mom20_positive,AEP,discovery,0.339,45.62,-10.23,0.468,81.2,False,43.8
ema_cross + mom20_positive,ema_cross,mom20_positive,ED,confirmation,0.013,15.68,-22.24,0.417,68.61,False,43.5
ema_cross + mom20_positive,ema_cross,mom20_positive,XEL,discovery,-0.36,-10.42,-25.78,0.231,38.97,False,40.6
ema_cross + mom20_positive,ema_cross,mom20_positive,KHC,confirmation,-0.448,-17.82,-34.76,-0.109,-9.46,False,32.5
ema_cross + mom20_positive,ema_cross,mom20_positive,GIS,discovery,-0.044,11.73,-18.32,-0.212,-19.57,True,32.2
ema_cross + mom20_positive,ema_cross,mom20_positive,CAG,confirmation,-0.221,-2.65,-20.36,-0.415,-41.87,True,28.7
ema_cross + mom20_positive,ema_cross,mom20_positive,CPB,discovery,-0.571,-27.98,-34.8,-0.391,-41.88,False,32.0
ema_cross + mom20_positive,ema_cross,mom20_positive,SJM,confirmation,-0.555,-35.08,-48.3,0.153,24.69,False,39.8
ema_cross + mom20_positive,ema_cross,mom20_positive,T,discovery,0.054,16.05,-35.85,0.348,63.12,False,47.1
ema_cross + mom20_positive,ema_cross,mom20_positive,VZ,confirmation,-0.688,-29.87,-42.63,0.062,13.18,False,34.0
ema_cross + mom20_positive,ema_cross,mom20_positive,BMY,confirmation,0.217,34.61,-22.54,0.159,26.34,True,38.0
ema_cross + mom20_positive,ema_cross,mom20_positive,PFE,discovery,-0.137,0.21,-39.26,-0.014,-1.62,False,33.4
ema_cross + mom20_positive,ema_cross,mom20_positive,CVS,confirmation,-0.118,-4.2,-46.02,0.362,71.02,False,43.3
ema_cross + mom20_positive,ema_cross,mom20_positive,VTRS,discovery,-0.082,-6.28,-54.79,0.176,20.88,False,41.0
ema_cross + mom20_positive,ema_cross,mom20_positive,MMM,confirmation,-0.188,-11.07,-40.33,0.28,49.88,False,43.5
ema_cross + mom20_positive,ema_cross,mom20_positive,EMR,discovery,-0.367,-20.57,-35.01,0.562,130.7,False,48.0
ema_cross + mom20_positive,ema_cross,mom20_positive,DOV,confirmation,0.236,37.34,-16.52,0.404,77.31,False,47.8
ema_cross + mom20_positive,ema_cross,mom20_positive,OKE,discovery,0.083,17.38,-32.09,0.808,253.62,False,54.2
ema_cross + mom20_positive,ema_cross,mom20_positive,DOW,confirmation,0.097,17.48,-29.67,-0.185,-26.56,True,31.2
ema_cross + mom20_positive,ema_cross,mom20_positive,LYB,discovery,-0.116,-7.19,-40.38,0.084,3.0,False,35.4
ema_cross + mom20_positive,ema_cross,mom20_positive,MOS,confirmation,-0.194,-24.29,-67.6,0.18,10.56,False,32.0
ema_cross + mom20_positive,ema_cross,mom20_positive,NEM,discovery,0.279,48.93,-35.23,0.519,141.69,False,42.9
ema_cross + mom20_positive,ema_cross,mom20_positive,O,confirmation,-0.259,-3.2,-20.69,0.238,39.48,False,42.9
ema_cross + mom20_positive,ema_cross,mom20_positive,VTR,discovery,0.396,58.61,-17.09,0.555,121.72,False,46.8
ema_cross + mom20_positive,ema_cross,mom20_positive,KIM,confirmation,0.18,31.02,-32.72,0.49,104.27,False,49.0
ema_cross + mom20_positive,ema_cross,mom20_positive,BXP,discovery,0.054,15.27,-27.95,-0.003,-11.71,True,35.9
ema_cross + mom20_positive,ema_cross,mom20_positive,HST,confirmation,-0.445,-35.86,-58.77,0.449,100.27,False,47.8
ema_cross + mom20_positive,ema_cross,mom20_positive,F,discovery,-0.029,-5.44,-60.63,0.455,112.89,False,42.5
ema_cross + mom20_positive,ema_cross,mom20_positive,LEG,confirmation,-0.685,-47.08,-50.21,-0.418,-72.68,False,24.7
ema_cross + mom20_positive,ema_cross,mom20_positive,INTC,discovery,0.058,-6.45,-67.86,0.495,140.96,False,36.6
ema_cross + mom5_positive,ema_cross,mom5_positive,SO,discovery,-0.341,-6.88,-20.38,0.515,86.48,False,40.5
ema_cross + mom5_positive,ema_cross,mom5_positive,DUK,confirmation,-0.09,10.41,-13.28,0.384,61.14,False,37.1
ema_cross + mom5_positive,ema_cross,mom5_positive,AEP,discovery,0.134,25.65,-15.35,0.468,81.2,False,36.0
ema_cross + mom5_positive,ema_cross,mom5_positive,ED,confirmation,-0.019,14.55,-14.57,0.417,68.61,False,33.4
ema_cross + mom5_positive,ema_cross,mom5_positive,XEL,discovery,-0.34,-6.59,-19.02,0.231,38.97,False,31.6
ema_cross + mom5_positive,ema_cross,mom5_positive,KHC,confirmation,-0.348,-6.94,-32.65,-0.109,-9.46,False,24.5
ema_cross + mom5_positive,ema_cross,mom5_positive,GIS,discovery,-0.892,-33.41,-41.25,-0.212,-19.57,False,25.2
ema_cross + mom5_positive,ema_cross,mom5_positive,CAG,confirmation,-0.72,-26.07,-30.25,-0.415,-41.87,False,21.6
ema_cross + mom5_positive,ema_cross,mom5_positive,CPB,discovery,-1.017,-44.84,-45.11,-0.391,-41.88,False,24.0
ema_cross + mom5_positive,ema_cross,mom5_positive,SJM,confirmation,-0.966,-51.6,-55.01,0.153,24.69,False,30.9
ema_cross + mom5_positive,ema_cross,mom5_positive,T,discovery,-0.055,8.24,-24.07,0.348,63.12,False,36.7
ema_cross + mom5_positive,ema_cross,mom5_positive,VZ,confirmation,-0.705,-28.34,-38.06,0.062,13.18,False,26.0
ema_cross + mom5_positive,ema_cross,mom5_positive,BMY,confirmation,-0.153,3.84,-26.71,0.159,26.34,False,27.9
ema_cross + mom5_positive,ema_cross,mom5_positive,PFE,discovery,-0.378,-15.63,-47.32,-0.014,-1.62,False,26.9
ema_cross + mom5_positive,ema_cross,mom5_positive,CVS,confirmation,-0.069,5.3,-44.75,0.362,71.02,False,33.8
ema_cross + mom5_positive,ema_cross,mom5_positive,VTRS,discovery,0.173,30.09,-31.05,0.176,20.88,False,30.4
ema_cross + mom5_positive,ema_cross,mom5_positive,MMM,confirmation,-0.198,-2.46,-24.1,0.28,49.88,False,31.3
ema_cross + mom5_positive,ema_cross,mom5_positive,EMR,discovery,-0.621,-30.25,-39.57,0.562,130.7,False,35.9
ema_cross + mom5_positive,ema_cross,mom5_positive,DOV,confirmation,-0.052,9.52,-23.52,0.404,77.31,False,37.5
ema_cross + mom5_positive,ema_cross,mom5_positive,OKE,discovery,-0.169,-7.21,-46.89,0.808,253.62,False,42.3
ema_cross + mom5_positive,ema_cross,mom5_positive,DOW,confirmation,0.534,51.97,-18.01,-0.185,-26.56,True,23.0
ema_cross + mom5_positive,ema_cross,mom5_positive,LYB,discovery,-0.025,6.87,-40.85,0.084,3.0,False,28.3
ema_cross + mom5_positive,ema_cross,mom5_positive,MOS,confirmation,-0.527,-45.67,-68.32,0.18,10.56,False,24.7
ema_cross + mom5_positive,ema_cross,mom5_positive,NEM,discovery,-0.199,-19.0,-36.35,0.519,141.69,False,31.5
ema_cross + mom5_positive,ema_cross,mom5_positive,O,confirmation,-0.358,-6.49,-19.76,0.238,39.48,False,35.7
ema_cross + mom5_positive,ema_cross,mom5_positive,VTR,discovery,0.026,15.6,-21.91,0.555,121.72,False,37.2
ema_cross + mom5_positive,ema_cross,mom5_positive,KIM,confirmation,-0.262,-10.3,-33.6,0.49,104.27,False,38.0
ema_cross + mom5_positive,ema_cross,mom5_positive,BXP,discovery,0.168,29.6,-18.69,-0.003,-11.71,True,30.0
ema_cross + mom5_positive,ema_cross,mom5_positive,HST,confirmation,-0.419,-26.34,-53.33,0.449,100.27,False,37.3
ema_cross + mom5_positive,ema_cross,mom5_positive,F,discovery,0.1,17.66,-47.65,0.455,112.89,False,32.0
ema_cross + mom5_positive,ema_cross,mom5_positive,LEG,confirmation,-0.636,-38.09,-51.22,-0.418,-72.68,False,18.3
ema_cross + mom5_positive,ema_cross,mom5_positive,INTC,discovery,0.179,23.97,-59.11,0.495,140.96,False,26.5
ema_cross + rsi_bullish,ema_cross,rsi_bullish,SO,discovery,-0.229,-1.79,-15.83,0.515,86.48,False,45.3
ema_cross + rsi_bullish,ema_cross,rsi_bullish,DUK,confirmation,-0.154,5.23,-15.06,0.384,61.14,False,43.3
ema_cross + rsi_bullish,ema_cross,rsi_bullish,AEP,discovery,0.416,51.72,-11.55,0.468,81.2,False,39.6
ema_cross + rsi_bullish,ema_cross,rsi_bullish,ED,confirmation,-0.172,3.54,-21.33,0.417,68.61,False,39.6
ema_cross + rsi_bullish,ema_cross,rsi_bullish,XEL,discovery,-0.404,-13.05,-26.05,0.231,38.97,False,37.3
ema_cross + rsi_bullish,ema_cross,rsi_bullish,KHC,confirmation,-0.597,-25.87,-46.34,-0.109,-9.46,False,29.9
ema_cross + rsi_bullish,ema_cross,rsi_bullish,GIS,discovery,-0.57,-20.87,-32.88,-0.212,-19.57,False,29.0
ema_cross + rsi_bullish,ema_cross,rsi_bullish,CAG,confirmation,-0.352,-9.15,-26.33,-0.415,-41.87,True,25.9
ema_cross + rsi_bullish,ema_cross,rsi_bullish,CPB,discovery,-0.807,-40.68,-44.41,-0.391,-41.88,False,29.8
ema_cross + rsi_bullish,ema_cross,rsi_bullish,SJM,confirmation,-0.764,-42.77,-44.25,0.153,24.69,False,37.3
ema_cross + rsi_bullish,ema_cross,rsi_bullish,T,discovery,-0.247,-11.03,-37.28,0.348,63.12,False,43.8
ema_cross + rsi_bullish,ema_cross,rsi_bullish,VZ,confirmation,-0.646,-24.86,-33.96,0.062,13.18,False,30.6
ema_cross + rsi_bullish,ema_cross,rsi_bullish,BMY,confirmation,0.065,19.25,-19.38,0.159,26.34,False,34.3
ema_cross + rsi_bullish,ema_cross,rsi_bullish,PFE,discovery,-0.029,10.03,-36.52,-0.014,-1.62,False,30.6
ema_cross + rsi_bullish,ema_cross,rsi_bullish,CVS,confirmation,-0.17,-8.72,-46.35,0.362,71.02,False,39.7
ema_cross + rsi_bullish,ema_cross,rsi_bullish,VTRS,discovery,-0.174,-9.8,-49.05,0.176,20.88,False,38.2
ema_cross + rsi_bullish,ema_cross,rsi_bullish,MMM,confirmation,-0.217,-10.51,-35.35,0.28,49.88,False,39.8
ema_cross + rsi_bullish,ema_cross,rsi_bullish,EMR,discovery,-0.389,-22.44,-34.26,0.562,130.7,False,43.8
ema_cross + rsi_bullish,ema_cross,rsi_bullish,DOV,confirmation,0.006,12.78,-24.65,0.404,77.31,False,44.6
ema_cross + rsi_bullish,ema_cross,rsi_bullish,OKE,discovery,-0.077,-1.77,-41.87,0.808,253.62,False,49.3
ema_cross + rsi_bullish,ema_cross,rsi_bullish,DOW,confirmation,-0.001,11.09,-27.8,-0.185,-26.56,True,28.6
ema_cross + rsi_bullish,ema_cross,rsi_bullish,LYB,discovery,-0.067,0.58,-40.33,0.084,3.0,False,32.7
ema_cross + rsi_bullish,ema_cross,rsi_bullish,MOS,confirmation,-0.406,-42.75,-76.63,0.18,10.56,False,29.2
ema_cross + rsi_bullish,ema_cross,rsi_bullish,NEM,discovery,0.346,63.32,-35.11,0.519,141.69,False,40.5
ema_cross + rsi_bullish,ema_cross,rsi_bullish,O,confirmation,0.021,16.73,-21.36,0.238,39.48,False,40.9
ema_cross + rsi_bullish,ema_cross,rsi_bullish,VTR,discovery,0.237,37.34,-24.57,0.555,121.72,False,43.2
ema_cross + rsi_bullish,ema_cross,rsi_bullish,KIM,confirmation,-0.15,-4.36,-34.12,0.49,104.27,False,44.4
ema_cross + rsi_bullish,ema_cross,rsi_bullish,BXP,discovery,0.177,30.72,-26.16,-0.003,-11.71,True,34.5
ema_cross + rsi_bullish,ema_cross,rsi_bullish,HST,confirmation,-0.395,-28.65,-56.03,0.449,100.27,False,43.6
ema_cross + rsi_bullish,ema_cross,rsi_bullish,F,discovery,-0.034,-3.45,-60.69,0.455,112.89,False,36.8
ema_cross + rsi_bullish,ema_cross,rsi_bullish,LEG,confirmation,-0.445,-28.7,-45.26,-0.418,-72.68,False,20.5
ema_cross + rsi_bullish,ema_cross,rsi_bullish,INTC,discovery,0.032,-7.75,-70.09,0.495,140.96,False,33.2
ema_cross + rsi_not_hot,ema_cross,rsi_not_hot,SO,discovery,-0.486,-21.47,-33.88,0.515,86.48,False,55.5
ema_cross + rsi_not_hot,ema_cross,rsi_not_hot,DUK,confirmation,-0.626,-27.12,-41.11,0.384,61.14,False,53.2
ema_cross + rsi_not_hot,ema_cross,rsi_not_hot,AEP,discovery,-0.298,-8.73,-26.0,0.468,81.2,False,47.6
ema_cross + rsi_not_hot,ema_cross,rsi_not_hot,ED,confirmation,-0.184,1.1,-28.0,0.417,68.61,False,46.1
ema_cross + rsi_not_hot,ema_cross,rsi_not_hot,XEL,discovery,-0.37,-13.85,-27.39,0.231,38.97,False,46.0
ema_cross + rsi_not_hot,ema_cross,rsi_not_hot,KHC,confirmation,-0.253,-7.38,-37.81,-0.109,-9.46,False,34.7
ema_cross + rsi_not_hot,ema_cross,rsi_not_hot,GIS,discovery,-0.026,12.57,-22.01,-0.212,-19.57,True,33.2
ema_cross + rsi_not_hot,ema_cross,rsi_not_hot,CAG,confirmation,-0.654,-31.07,-37.97,-0.415,-41.87,False,30.8
ema_cross + rsi_not_hot,ema_cross,rsi_not_hot,CPB,discovery,-0.383,-17.25,-26.79,-0.391,-41.88,True,36.9
ema_cross + rsi_not_hot,ema_cross,rsi_not_hot,SJM,confirmation,-0.157,-7.3,-30.77,0.153,24.69,False,46.2
ema_cross + rsi_not_hot,ema_cross,rsi_not_hot,T,discovery,0.653,103.95,-20.3,0.348,63.12,True,48.5
ema_cross + rsi_not_hot,ema_cross,rsi_not_hot,VZ,confirmation,-0.496,-19.82,-33.6,0.062,13.18,False,38.9
ema_cross + rsi_not_hot,ema_cross,rsi_not_hot,BMY,confirmation,0.464,65.3,-20.42,0.159,26.34,True,38.7
ema_cross + rsi_not_hot,ema_cross,rsi_not_hot,PFE,discovery,-0.496,-24.93,-40.73,-0.014,-1.62,False,38.5
ema_cross + rsi_not_hot,ema_cross,rsi_not_hot,CVS,confirmation,0.226,37.6,-25.71,0.362,71.02,False,45.3
ema_cross + rsi_not_hot,ema_cross,rsi_not_hot,VTRS,discovery,-0.172,-15.07,-51.08,0.176,20.88,False,43.7
ema_cross + rsi_not_hot,ema_cross,rsi_not_hot,MMM,confirmation,0.041,13.15,-42.51,0.28,49.88,False,45.8
ema_cross + rsi_not_hot,ema_cross,rsi_not_hot,EMR,discovery,0.1,20.88,-29.93,0.562,130.7,False,45.5
ema_cross + rsi_not_hot,ema_cross,rsi_not_hot,DOV,confirmation,0.202,33.67,-18.73,0.404,77.31,False,50.3
ema_cross + rsi_not_hot,ema_cross,rsi_not_hot,OKE,discovery,0.535,100.5,-38.01,0.808,253.62,False,56.5
ema_cross + rsi_not_hot,ema_cross,rsi_not_hot,DOW,confirmation,0.342,37.35,-18.84,-0.185,-26.56,True,32.5
ema_cross + rsi_not_hot,ema_cross,rsi_not_hot,LYB,discovery,0.234,39.08,-37.42,0.084,3.0,True,40.3
ema_cross + rsi_not_hot,ema_cross,rsi_not_hot,MOS,confirmation,-0.352,-43.95,-79.08,0.18,10.56,False,31.9
ema_cross + rsi_not_hot,ema_cross,rsi_not_hot,NEM,discovery,0.602,135.28,-34.28,0.519,141.69,True,38.7
ema_cross + rsi_not_hot,ema_cross,rsi_not_hot,O,confirmation,-0.173,0.12,-21.08,0.238,39.48,False,48.7
ema_cross + rsi_not_hot,ema_cross,rsi_not_hot,VTR,discovery,0.08,19.42,-31.47,0.555,121.72,False,46.9
ema_cross + rsi_not_hot,ema_cross,rsi_not_hot,KIM,confirmation,0.198,33.63,-39.39,0.49,104.27,False,55.6
ema_cross + rsi_not_hot,ema_cross,rsi_not_hot,BXP,discovery,0.095,20.07,-26.4,-0.003,-11.71,True,39.9
ema_cross + rsi_not_hot,ema_cross,rsi_not_hot,HST,confirmation,0.001,4.25,-47.73,0.449,100.27,False,55.2
ema_cross + rsi_not_hot,ema_cross,rsi_not_hot,F,discovery,-0.302,-36.88,-69.6,0.455,112.89,False,45.1
ema_cross + rsi_not_hot,ema_cross,rsi_not_hot,LEG,confirmation,-0.857,-58.0,-64.54,-0.418,-72.68,False,28.1
ema_cross + rsi_not_hot,ema_cross,rsi_not_hot,INTC,discovery,-0.159,-33.96,-62.56,0.495,140.96,False,37.7
ema_cross + rsi_oversold,ema_cross,rsi_oversold,SO,discovery,-1.305,-9.85,-11.6,0.515,86.48,False,2.7
ema_cross + rsi_oversold,ema_cross,rsi_oversold,DUK,confirmation,-0.297,12.22,-4.62,0.384,61.14,False,2.6
ema_cross + rsi_oversold,ema_cross,rsi_oversold,AEP,discovery,-1.252,-6.01,-7.88,0.468,81.2,False,2.9
ema_cross + rsi_oversold,ema_cross,rsi_oversold,ED,confirmation,-1.023,-1.18,-8.0,0.417,68.61,False,2.2
ema_cross + rsi_oversold,ema_cross,rsi_oversold,XEL,discovery,-1.522,-6.75,-8.59,0.231,38.97,False,2.0
ema_cross + rsi_oversold,ema_cross,rsi_oversold,KHC,confirmation,-1.136,1.36,-4.23,-0.109,-9.46,False,1.9
ema_cross + rsi_oversold,ema_cross,rsi_oversold,GIS,discovery,-1.847,-7.97,-8.01,-0.212,-19.57,False,1.7
ema_cross + rsi_oversold,ema_cross,rsi_oversold,CAG,confirmation,-1.082,2.08,-3.05,-0.415,-41.87,False,1.6
ema_cross + rsi_oversold,ema_cross,rsi_oversold,CPB,discovery,-1.034,3.49,-9.11,-0.391,-41.88,False,1.7
ema_cross + rsi_oversold,ema_cross,rsi_oversold,SJM,confirmation,-1.383,-3.83,-8.77,0.153,24.69,False,2.2
ema_cross + rsi_oversold,ema_cross,rsi_oversold,T,discovery,-0.764,0.68,-8.38,0.348,63.12,False,2.4
ema_cross + rsi_oversold,ema_cross,rsi_oversold,VZ,confirmation,-0.809,3.9,-3.49,0.062,13.18,False,2.2
ema_cross + rsi_oversold,ema_cross,rsi_oversold,BMY,confirmation,-0.817,2.81,-5.08,0.159,26.34,False,1.9
ema_cross + rsi_oversold,ema_cross,rsi_oversold,PFE,discovery,-1.608,-13.49,-14.95,-0.014,-1.62,False,3.5
ema_cross + rsi_oversold,ema_cross,rsi_oversold,CVS,confirmation,-0.419,7.3,-8.31,0.362,71.02,False,3.6
ema_cross + rsi_oversold,ema_cross,rsi_oversold,VTRS,discovery,-0.968,-18.9,-29.2,0.176,20.88,False,3.6
ema_cross + rsi_oversold,ema_cross,rsi_oversold,MMM,confirmation,-0.288,9.24,-9.12,0.28,49.88,False,2.9
ema_cross + rsi_oversold,ema_cross,rsi_oversold,EMR,discovery,-0.533,1.43,-9.46,0.562,130.7,False,4.0
ema_cross + rsi_oversold,ema_cross,rsi_oversold,DOV,confirmation,-0.507,2.74,-14.55,0.404,77.31,False,4.8
ema_cross + rsi_oversold,ema_cross,rsi_oversold,OKE,discovery,-0.392,8.34,-6.66,0.808,253.62,False,1.5
ema_cross + rsi_oversold,ema_cross,rsi_oversold,DOW,confirmation,-2.62,-8.24,-9.24,-0.185,-26.56,False,1.9
ema_cross + rsi_oversold,ema_cross,rsi_oversold,LYB,discovery,-0.213,14.93,-2.72,0.084,3.0,False,1.5
ema_cross + rsi_oversold,ema_cross,rsi_oversold,MOS,confirmation,0.266,32.07,-10.09,0.18,10.56,True,1.6
ema_cross + rsi_oversold,ema_cross,rsi_oversold,NEM,discovery,-1.273,-22.11,-24.47,0.519,141.69,False,2.3
ema_cross + rsi_oversold,ema_cross,rsi_oversold,O,confirmation,-0.882,-4.54,-12.8,0.238,39.48,False,3.9
ema_cross + rsi_oversold,ema_cross,rsi_oversold,VTR,discovery,-1.378,-19.38,-19.88,0.555,121.72,False,2.4
ema_cross + rsi_oversold,ema_cross,rsi_oversold,KIM,confirmation,-0.995,-4.03,-9.95,0.49,104.27,False,3.5
ema_cross + rsi_oversold,ema_cross,rsi_oversold,BXP,discovery,-0.536,2.32,-6.62,-0.003,-11.71,False,2.2
ema_cross + rsi_oversold,ema_cross,rsi_oversold,HST,confirmation,-0.428,6.2,-6.09,0.449,100.27,False,1.9
ema_cross + rsi_oversold,ema_cross,rsi_oversold,F,discovery,-0.711,-13.73,-25.36,0.455,112.89,False,3.5
ema_cross + rsi_oversold,ema_cross,rsi_oversold,LEG,confirmation,-0.069,16.76,-4.43,-0.418,-72.68,True,1.5
ema_cross + rsi_oversold,ema_cross,rsi_oversold,INTC,discovery,0.262,35.21,-14.66,0.495,140.96,False,3.6
ema_cross + bb_lower_half,ema_cross,bb_lower_half,SO,discovery,-0.618,-14.12,-29.91,0.515,86.48,False,23.3
ema_cross + bb_lower_half,ema_cross,bb_lower_half,DUK,confirmation,-0.798,-20.11,-31.19,0.384,61.14,False,23.5
ema_cross + bb_lower_half,ema_cross,bb_lower_half,AEP,discovery,-0.592,-15.27,-20.77,0.468,81.2,False,22.1
ema_cross + bb_lower_half,ema_cross,bb_lower_half,ED,confirmation,-0.836,-21.66,-24.68,0.417,68.61,False,19.1
ema_cross + bb_lower_half,ema_cross,bb_lower_half,XEL,discovery,-0.334,-2.6,-22.16,0.231,38.97,False,20.6
ema_cross + bb_lower_half,ema_cross,bb_lower_half,KHC,confirmation,-0.665,-16.69,-26.01,-0.109,-9.46,False,14.7
ema_cross + bb_lower_half,ema_cross,bb_lower_half,GIS,discovery,-0.232,6.83,-20.22,-0.212,-19.57,False,13.2
ema_cross + bb_lower_half,ema_cross,bb_lower_half,CAG,confirmation,-0.895,-29.18,-33.11,-0.415,-41.87,False,11.8
ema_cross + bb_lower_half,ema_cross,bb_lower_half,CPB,discovery,-0.371,-0.63,-20.47,-0.391,-41.88,True,13.2
ema_cross + bb_lower_half,ema_cross,bb_lower_half,SJM,confirmation,-0.159,3.7,-17.89,0.153,24.69,False,17.4
ema_cross + bb_lower_half,ema_cross,bb_lower_half,T,discovery,0.177,28.55,-15.73,0.348,63.12,False,18.0
ema_cross + bb_lower_half,ema_cross,bb_lower_half,VZ,confirmation,-0.27,1.81,-19.49,0.062,13.18,False,17.5
ema_cross + bb_lower_half,ema_cross,bb_lower_half,BMY,confirmation,-0.289,0.87,-16.76,0.159,26.34,False,15.6
ema_cross + bb_lower_half,ema_cross,bb_lower_half,PFE,discovery,-0.724,-21.22,-40.19,-0.014,-1.62,False,19.7
ema_cross + bb_lower_half,ema_cross,bb_lower_half,CVS,confirmation,-0.028,13.01,-23.8,0.362,71.02,False,20.8
ema_cross + bb_lower_half,ema_cross,bb_lower_half,VTRS,discovery,-0.387,-25.18,-43.27,0.176,20.88,False,18.0
ema_cross + bb_lower_half,ema_cross,bb_lower_half,MMM,confirmation,-0.23,-2.09,-32.76,0.28,49.88,False,17.5
ema_cross + bb_lower_half,ema_cross,bb_lower_half,EMR,discovery,-0.135,3.65,-25.21,0.562,130.7,False,19.1
ema_cross + bb_lower_half,ema_cross,bb_lower_half,DOV,confirmation,-0.237,-0.32,-21.13,0.404,77.31,False,21.0
ema_cross + bb_lower_half,ema_cross,bb_lower_half,OKE,discovery,0.626,84.77,-18.93,0.808,253.62,False,21.5
ema_cross + bb_lower_half,ema_cross,bb_lower_half,DOW,confirmation,-0.213,5.32,-14.65,-0.185,-26.56,False,14.3
ema_cross + bb_lower_half,ema_cross,bb_lower_half,LYB,discovery,-0.305,-8.54,-31.81,0.084,3.0,False,16.2
ema_cross + bb_lower_half,ema_cross,bb_lower_half,MOS,confirmation,-0.073,0.47,-45.26,0.18,10.56,False,15.0
ema_cross + bb_lower_half,ema_cross,bb_lower_half,NEM,discovery,0.343,50.76,-24.27,0.519,141.69,False,13.5
ema_cross + bb_lower_half,ema_cross,bb_lower_half,O,confirmation,-0.595,-12.03,-25.58,0.238,39.48,False,20.8
ema_cross + bb_lower_half,ema_cross,bb_lower_half,VTR,discovery,-0.388,-10.31,-36.69,0.555,121.72,False,21.2
ema_cross + bb_lower_half,ema_cross,bb_lower_half,KIM,confirmation,0.38,48.92,-16.65,0.49,104.27,False,22.9
ema_cross + bb_lower_half,ema_cross,bb_lower_half,BXP,discovery,-0.056,10.02,-24.93,-0.003,-11.71,False,16.6
ema_cross + bb_lower_half,ema_cross,bb_lower_half,HST,confirmation,0.333,49.39,-20.78,0.449,100.27,False,23.1
ema_cross + bb_lower_half,ema_cross,bb_lower_half,F,discovery,-0.466,-27.35,-47.68,0.455,112.89,False,22.1
ema_cross + bb_lower_half,ema_cross,bb_lower_half,LEG,confirmation,-0.583,-30.16,-38.77,-0.418,-72.68,False,15.0
ema_cross + bb_lower_half,ema_cross,bb_lower_half,INTC,discovery,-0.227,-21.16,-42.52,0.495,140.96,False,16.1
ema_cross + bb_upper_half,ema_cross,bb_upper_half,SO,discovery,-0.205,-0.04,-18.76,0.515,86.48,False,45.4
ema_cross + bb_upper_half,ema_cross,bb_upper_half,DUK,confirmation,-0.352,-6.36,-17.21,0.384,61.14,False,42.1
ema_cross + bb_upper_half,ema_cross,bb_upper_half,AEP,discovery,0.122,24.68,-17.95,0.468,81.2,False,40.3
ema_cross + bb_upper_half,ema_cross,bb_upper_half,ED,confirmation,-0.141,5.55,-22.72,0.417,68.61,False,39.8
ema_cross + bb_upper_half,ema_cross,bb_upper_half,XEL,discovery,-0.542,-19.27,-28.61,0.231,38.97,False,37.0
ema_cross + bb_upper_half,ema_cross,bb_upper_half,KHC,confirmation,-0.384,-11.66,-36.93,-0.109,-9.46,False,28.8
ema_cross + bb_upper_half,ema_cross,bb_upper_half,GIS,discovery,-0.387,-10.47,-22.7,-0.212,-19.57,False,29.3
ema_cross + bb_upper_half,ema_cross,bb_upper_half,CAG,confirmation,-0.372,-10.6,-22.78,-0.415,-41.87,True,26.2
ema_cross + bb_upper_half,ema_cross,bb_upper_half,CPB,discovery,-0.637,-31.37,-34.98,-0.391,-41.88,False,29.2
ema_cross + bb_upper_half,ema_cross,bb_upper_half,SJM,confirmation,-0.81,-45.76,-51.99,0.153,24.69,False,37.2
ema_cross + bb_upper_half,ema_cross,bb_upper_half,T,discovery,-0.046,6.7,-28.81,0.348,63.12,False,43.7
ema_cross + bb_upper_half,ema_cross,bb_upper_half,VZ,confirmation,-0.762,-31.12,-38.9,0.062,13.18,False,30.8
ema_cross + bb_upper_half,ema_cross,bb_upper_half,BMY,confirmation,0.177,30.11,-13.06,0.159,26.34,True,33.9
ema_cross + bb_upper_half,ema_cross,bb_upper_half,PFE,discovery,-0.19,-3.07,-41.62,-0.014,-1.62,False,28.5
ema_cross + bb_upper_half,ema_cross,bb_upper_half,CVS,confirmation,-0.02,6.41,-45.75,0.362,71.02,False,39.9
ema_cross + bb_upper_half,ema_cross,bb_upper_half,VTRS,discovery,-0.071,0.97,-43.92,0.176,20.88,False,38.3
ema_cross + bb_upper_half,ema_cross,bb_upper_half,MMM,confirmation,0.023,13.21,-28.14,0.28,49.88,False,39.6
ema_cross + bb_upper_half,ema_cross,bb_upper_half,EMR,discovery,-0.321,-15.23,-27.48,0.562,130.7,False,42.8
ema_cross + bb_upper_half,ema_cross,bb_upper_half,DOV,confirmation,0.046,16.87,-22.34,0.404,77.31,False,44.2
ema_cross + bb_upper_half,ema_cross,bb_upper_half,OKE,discovery,-0.125,-6.08,-43.76,0.808,253.62,False,49.2
ema_cross + bb_upper_half,ema_cross,bb_upper_half,DOW,confirmation,0.075,16.71,-22.89,-0.185,-26.56,True,27.7
ema_cross + bb_upper_half,ema_cross,bb_upper_half,LYB,discovery,0.11,21.46,-27.46,0.084,3.0,True,33.1
ema_cross + bb_upper_half,ema_cross,bb_upper_half,MOS,confirmation,-0.339,-36.28,-67.95,0.18,10.56,False,27.9
ema_cross + bb_upper_half,ema_cross,bb_upper_half,NEM,discovery,0.155,24.91,-40.38,0.519,141.69,False,39.8
ema_cross + bb_upper_half,ema_cross,bb_upper_half,O,confirmation,-0.089,8.8,-19.33,0.238,39.48,False,41.2
ema_cross + bb_upper_half,ema_cross,bb_upper_half,VTR,discovery,0.326,48.0,-19.06,0.555,121.72,False,42.5
ema_cross + bb_upper_half,ema_cross,bb_upper_half,KIM,confirmation,-0.026,7.7,-34.33,0.49,104.27,False,44.3
ema_cross + bb_upper_half,ema_cross,bb_upper_half,BXP,discovery,-0.038,6.06,-27.41,-0.003,-11.71,False,34.1
ema_cross + bb_upper_half,ema_cross,bb_upper_half,HST,confirmation,-0.504,-36.28,-55.72,0.449,100.27,False,44.2
ema_cross + bb_upper_half,ema_cross,bb_upper_half,F,discovery,-0.048,-6.82,-55.21,0.455,112.89,False,36.9
ema_cross + bb_upper_half,ema_cross,bb_upper_half,LEG,confirmation,-0.678,-43.33,-51.68,-0.418,-72.68,False,20.1
ema_cross + bb_upper_half,ema_cross,bb_upper_half,INTC,discovery,0.211,30.49,-62.97,0.495,140.96,False,32.2
ema_cross + adx_trending,ema_cross,adx_trending,SO,discovery,0.087,21.97,-14.33,0.515,86.48,False,40.7
ema_cross + adx_trending,ema_cross,adx_trending,DUK,confirmation,-0.037,13.5,-17.85,0.384,61.14,False,42.1
ema_cross + adx_trending,ema_cross,adx_trending,AEP,discovery,0.469,57.02,-13.61,0.468,81.2,True,39.8
ema_cross + adx_trending,ema_cross,adx_trending,ED,confirmation,-0.0,15.34,-20.5,0.417,68.61,False,38.2
ema_cross + adx_trending,ema_cross,adx_trending,XEL,discovery,-0.383,-6.15,-22.45,0.231,38.97,False,32.2
ema_cross + adx_trending,ema_cross,adx_trending,KHC,confirmation,-0.219,0.91,-21.46,-0.109,-9.46,False,28.2
ema_cross + adx_trending,ema_cross,adx_trending,GIS,discovery,-0.424,-10.67,-28.88,-0.212,-19.57,False,26.6
ema_cross + adx_trending,ema_cross,adx_trending,CAG,confirmation,-0.425,-13.45,-21.5,-0.415,-41.87,False,24.3
ema_cross + adx_trending,ema_cross,adx_trending,CPB,discovery,-0.197,1.12,-15.26,-0.391,-41.88,True,23.2
ema_cross + adx_trending,ema_cross,adx_trending,SJM,confirmation,-0.166,-0.35,-28.56,0.153,24.69,False,33.3
ema_cross + adx_trending,ema_cross,adx_trending,T,discovery,-0.089,2.57,-36.64,0.348,63.12,False,41.3
ema_cross + adx_trending,ema_cross,adx_trending,VZ,confirmation,-0.391,-12.29,-34.26,0.062,13.18,False,31.4
ema_cross + adx_trending,ema_cross,adx_trending,BMY,confirmation,0.221,33.92,-14.5,0.159,26.34,True,28.1
ema_cross + adx_trending,ema_cross,adx_trending,PFE,discovery,-0.214,-6.61,-45.88,-0.014,-1.62,False,35.6
ema_cross + adx_trending,ema_cross,adx_trending,CVS,confirmation,0.245,39.74,-39.19,0.362,71.02,False,39.6
ema_cross + adx_trending,ema_cross,adx_trending,VTRS,discovery,-0.19,-12.01,-38.24,0.176,20.88,False,40.1
ema_cross + adx_trending,ema_cross,adx_trending,MMM,confirmation,0.196,32.32,-36.93,0.28,49.88,False,35.4
ema_cross + adx_trending,ema_cross,adx_trending,EMR,discovery,-0.031,7.87,-31.27,0.562,130.7,False,43.2
ema_cross + adx_trending,ema_cross,adx_trending,DOV,confirmation,0.081,20.58,-23.89,0.404,77.31,False,43.0
ema_cross + adx_trending,ema_cross,adx_trending,OKE,discovery,-0.048,4.27,-36.74,0.808,253.62,False,37.7
ema_cross + adx_trending,ema_cross,adx_trending,DOW,confirmation,-0.378,-10.59,-28.07,-0.185,-26.56,False,27.8
ema_cross + adx_trending,ema_cross,adx_trending,LYB,discovery,0.11,21.84,-33.45,0.084,3.0,True,26.0
ema_cross + adx_trending,ema_cross,adx_trending,MOS,confirmation,-0.245,-24.87,-60.51,0.18,10.56,False,26.1
ema_cross + adx_trending,ema_cross,adx_trending,NEM,discovery,-0.292,-33.09,-48.64,0.519,141.69,False,35.4
ema_cross + adx_trending,ema_cross,adx_trending,O,confirmation,-0.17,3.31,-22.95,0.238,39.48,False,40.9
ema_cross + adx_trending,ema_cross,adx_trending,VTR,discovery,0.073,19.38,-30.97,0.555,121.72,False,42.6
ema_cross + adx_trending,ema_cross,adx_trending,KIM,confirmation,0.006,11.58,-23.49,0.49,104.27,False,41.0
ema_cross + adx_trending,ema_cross,adx_trending,BXP,discovery,0.193,32.82,-29.69,-0.003,-11.71,True,34.1
ema_cross + adx_trending,ema_cross,adx_trending,HST,confirmation,-0.118,-4.62,-52.95,0.449,100.27,False,41.6
ema_cross + adx_trending,ema_cross,adx_trending,F,discovery,-0.096,-13.3,-65.81,0.455,112.89,False,43.1
ema_cross + adx_trending,ema_cross,adx_trending,LEG,confirmation,-0.49,-34.19,-43.97,-0.418,-72.68,False,21.5
ema_cross + adx_trending,ema_cross,adx_trending,INTC,discovery,0.196,28.28,-64.6,0.495,140.96,False,33.6
ema_cross + adx_quiet,ema_cross,adx_quiet,SO,discovery,-0.983,-23.85,-29.79,0.515,86.48,False,16.0
ema_cross + adx_quiet,ema_cross,adx_quiet,DUK,confirmation,-0.786,-13.06,-16.71,0.384,61.14,False,13.0
ema_cross + adx_quiet,ema_cross,adx_quiet,AEP,discovery,-0.937,-20.9,-29.04,0.468,81.2,False,13.0
ema_cross + adx_quiet,ema_cross,adx_quiet,ED,confirmation,-0.81,-13.48,-21.17,0.417,68.61,False,11.8
ema_cross + adx_quiet,ema_cross,adx_quiet,XEL,discovery,-0.815,-23.46,-26.11,0.231,38.97,False,17.6
ema_cross + adx_quiet,ema_cross,adx_quiet,KHC,confirmation,-0.467,-6.92,-24.17,-0.109,-9.46,False,10.6
ema_cross + adx_quiet,ema_cross,adx_quiet,GIS,discovery,0.192,27.11,-12.67,-0.212,-19.57,True,10.9
ema_cross + adx_quiet,ema_cross,adx_quiet,CAG,confirmation,-0.714,-15.17,-24.65,-0.415,-41.87,False,9.2
ema_cross + adx_quiet,ema_cross,adx_quiet,CPB,discovery,-0.989,-24.53,-35.16,-0.391,-41.88,False,11.6
ema_cross + adx_quiet,ema_cross,adx_quiet,SJM,confirmation,-0.978,-36.51,-42.4,0.153,24.69,False,11.6
ema_cross + adx_quiet,ema_cross,adx_quiet,T,discovery,-0.439,-0.49,-13.69,0.348,63.12,False,10.6
ema_cross + adx_quiet,ema_cross,adx_quiet,VZ,confirmation,-0.872,-15.48,-20.73,0.062,13.18,False,11.6
ema_cross + adx_quiet,ema_cross,adx_quiet,BMY,confirmation,-0.022,16.27,-14.64,0.159,26.34,False,13.4
ema_cross + adx_quiet,ema_cross,adx_quiet,PFE,discovery,-0.533,1.25,-11.01,-0.014,-1.62,False,7.2
ema_cross + adx_quiet,ema_cross,adx_quiet,CVS,confirmation,-0.362,-2.58,-23.21,0.362,71.02,False,13.7
ema_cross + adx_quiet,ema_cross,adx_quiet,VTRS,discovery,0.283,38.24,-24.13,0.176,20.88,True,10.7
ema_cross + adx_quiet,ema_cross,adx_quiet,MMM,confirmation,-0.091,6.45,-22.53,0.28,49.88,False,16.4
ema_cross + adx_quiet,ema_cross,adx_quiet,EMR,discovery,0.07,21.11,-11.21,0.562,130.7,False,12.0
ema_cross + adx_quiet,ema_cross,adx_quiet,DOV,confirmation,0.053,20.15,-13.22,0.404,77.31,False,13.4
ema_cross + adx_quiet,ema_cross,adx_quiet,OKE,discovery,0.198,30.96,-12.47,0.808,253.62,False,19.0
ema_cross + adx_quiet,ema_cross,adx_quiet,DOW,confirmation,-0.058,13.16,-12.59,-0.185,-26.56,True,8.8
ema_cross + adx_quiet,ema_cross,adx_quiet,LYB,discovery,-0.346,-5.01,-17.29,0.084,3.0,False,14.0
ema_cross + adx_quiet,ema_cross,adx_quiet,MOS,confirmation,-0.197,-7.55,-48.56,0.18,10.56,False,12.0
ema_cross + adx_quiet,ema_cross,adx_quiet,NEM,discovery,0.564,66.2,-17.31,0.519,141.69,True,9.9
ema_cross + adx_quiet,ema_cross,adx_quiet,O,confirmation,-0.664,-8.45,-18.8,0.238,39.48,False,11.7
ema_cross + adx_quiet,ema_cross,adx_quiet,VTR,discovery,0.22,31.29,-12.84,0.555,121.72,False,15.0
ema_cross + adx_quiet,ema_cross,adx_quiet,KIM,confirmation,0.038,18.54,-20.74,0.49,104.27,False,16.6
ema_cross + adx_quiet,ema_cross,adx_quiet,BXP,discovery,-0.312,1.04,-19.63,-0.003,-11.71,False,9.5
ema_cross + adx_quiet,ema_cross,adx_quiet,HST,confirmation,-0.446,-14.14,-38.23,0.449,100.27,False,12.3
ema_cross + adx_quiet,ema_cross,adx_quiet,F,discovery,0.081,20.89,-23.65,0.455,112.89,False,9.3
ema_cross + adx_quiet,ema_cross,adx_quiet,LEG,confirmation,-0.907,-34.36,-38.23,-0.418,-72.68,False,8.0
ema_cross + adx_quiet,ema_cross,adx_quiet,INTC,discovery,-0.017,8.15,-26.83,0.495,140.96,False,7.5
ema_cross + low_vol,ema_cross,low_vol,SO,discovery,-0.315,-4.6,-22.04,0.515,86.48,False,34.7
ema_cross + low_vol,ema_cross,low_vol,DUK,confirmation,-0.562,-15.44,-21.65,0.384,61.14,False,35.0
ema_cross + low_vol,ema_cross,low_vol,AEP,discovery,-0.579,-19.72,-29.32,0.468,81.2,False,31.4
ema_cross + low_vol,ema_cross,low_vol,ED,confirmation,-0.612,-16.19,-26.37,0.417,68.61,False,29.5
ema_cross + low_vol,ema_cross,low_vol,XEL,discovery,-0.762,-26.46,-30.58,0.231,38.97,False,29.5
ema_cross + low_vol,ema_cross,low_vol,KHC,confirmation,-0.521,-10.43,-22.69,-0.109,-9.46,False,19.2
ema_cross + low_vol,ema_cross,low_vol,GIS,discovery,-0.227,4.67,-12.95,-0.212,-19.57,False,24.2
ema_cross + low_vol,ema_cross,low_vol,CAG,confirmation,-0.854,-26.51,-29.4,-0.415,-41.87,False,16.9
ema_cross + low_vol,ema_cross,low_vol,CPB,discovery,-0.902,-27.37,-35.95,-0.391,-41.88,False,18.3
ema_cross + low_vol,ema_cross,low_vol,SJM,confirmation,-0.783,-33.86,-40.5,0.153,24.69,False,25.8
ema_cross + low_vol,ema_cross,low_vol,T,discovery,-0.325,-10.75,-31.28,0.348,63.12,False,24.9
ema_cross + low_vol,ema_cross,low_vol,VZ,confirmation,-1.305,-43.0,-44.48,0.062,13.18,False,22.9
ema_cross + low_vol,ema_cross,low_vol,BMY,confirmation,0.039,18.16,-18.77,0.159,26.34,False,25.1
ema_cross + low_vol,ema_cross,low_vol,PFE,discovery,-0.47,-13.83,-30.54,-0.014,-1.62,False,23.0
ema_cross + low_vol,ema_cross,low_vol,CVS,confirmation,-0.3,-16.48,-34.35,0.362,71.02,False,30.8
ema_cross + low_vol,ema_cross,low_vol,VTRS,discovery,0.086,20.48,-22.09,0.176,20.88,False,26.0
ema_cross + low_vol,ema_cross,low_vol,MMM,confirmation,0.147,27.24,-30.57,0.28,49.88,False,30.6
ema_cross + low_vol,ema_cross,low_vol,EMR,discovery,-0.132,2.16,-33.23,0.562,130.7,False,32.3
ema_cross + low_vol,ema_cross,low_vol,DOV,confirmation,-0.058,8.84,-22.61,0.404,77.31,False,31.1
ema_cross + low_vol,ema_cross,low_vol,OKE,discovery,-0.365,-19.47,-38.33,0.808,253.62,False,35.3
ema_cross + low_vol,ema_cross,low_vol,DOW,confirmation,-0.147,6.09,-19.03,-0.185,-26.56,True,19.8
ema_cross + low_vol,ema_cross,low_vol,LYB,discovery,-0.407,-13.38,-24.86,0.084,3.0,False,21.4
ema_cross + low_vol,ema_cross,low_vol,MOS,confirmation,-0.815,-54.81,-63.6,0.18,10.56,False,20.2
ema_cross + low_vol,ema_cross,low_vol,NEM,discovery,-0.217,-18.77,-47.53,0.519,141.69,False,25.6
ema_cross + low_vol,ema_cross,low_vol,O,confirmation,-0.514,-13.08,-26.45,0.238,39.48,False,31.1
ema_cross + low_vol,ema_cross,low_vol,VTR,discovery,-0.509,-21.74,-33.8,0.555,121.72,False,31.3
ema_cross + low_vol,ema_cross,low_vol,KIM,confirmation,-0.134,2.19,-33.6,0.49,104.27,False,36.1
ema_cross + low_vol,ema_cross,low_vol,BXP,discovery,-0.178,-3.35,-24.85,-0.003,-11.71,False,25.5
ema_cross + low_vol,ema_cross,low_vol,HST,confirmation,-0.083,1.93,-39.56,0.449,100.27,False,38.3
ema_cross + low_vol,ema_cross,low_vol,F,discovery,-0.484,-34.75,-56.1,0.455,112.89,False,27.9
ema_cross + low_vol,ema_cross,low_vol,LEG,confirmation,-0.441,-30.0,-44.64,-0.418,-72.68,False,17.7
ema_cross + low_vol,ema_cross,low_vol,INTC,discovery,-0.238,-23.87,-49.42,0.495,140.96,False,16.2
ema_cross + rsi_rising,ema_cross,rsi_rising,SO,discovery,-0.961,-32.12,-35.68,0.515,86.48,False,31.1
ema_cross + rsi_rising,ema_cross,rsi_rising,DUK,confirmation,-1.001,-30.94,-36.84,0.384,61.14,False,30.6
ema_cross + rsi_rising,ema_cross,rsi_rising,AEP,discovery,0.074,21.12,-20.78,0.468,81.2,False,28.6
ema_cross + rsi_rising,ema_cross,rsi_rising,ED,confirmation,-0.705,-19.77,-24.15,0.417,68.61,False,26.6
ema_cross + rsi_rising,ema_cross,rsi_rising,XEL,discovery,-0.781,-27.15,-31.39,0.231,38.97,False,26.2
ema_cross + rsi_rising,ema_cross,rsi_rising,KHC,confirmation,-0.728,-24.74,-40.63,-0.109,-9.46,False,18.9
ema_cross + rsi_rising,ema_cross,rsi_rising,GIS,discovery,-0.543,-13.73,-28.14,-0.212,-19.57,False,20.3
ema_cross + rsi_rising,ema_cross,rsi_rising,CAG,confirmation,-1.3,-44.69,-48.36,-0.415,-41.87,False,16.5
ema_cross + rsi_rising,ema_cross,rsi_rising,CPB,discovery,-1.071,-40.61,-42.84,-0.391,-41.88,False,19.2
ema_cross + rsi_rising,ema_cross,rsi_rising,SJM,confirmation,-1.366,-55.88,-59.77,0.153,24.69,False,25.8
ema_cross + rsi_rising,ema_cross,rsi_rising,T,discovery,0.01,15.65,-15.93,0.348,63.12,False,28.0
ema_cross + rsi_rising,ema_cross,rsi_rising,VZ,confirmation,-1.042,-33.79,-38.65,0.062,13.18,False,21.3
ema_cross + rsi_rising,ema_cross,rsi_rising,BMY,confirmation,-0.265,-1.95,-24.17,0.159,26.34,False,22.4
ema_cross + rsi_rising,ema_cross,rsi_rising,PFE,discovery,-0.51,-16.46,-35.5,-0.014,-1.62,False,21.5
ema_cross + rsi_rising,ema_cross,rsi_rising,CVS,confirmation,-0.16,-0.64,-36.65,0.362,71.02,False,28.1
ema_cross + rsi_rising,ema_cross,rsi_rising,VTRS,discovery,-0.348,-21.36,-45.81,0.176,20.88,False,25.3
ema_cross + rsi_rising,ema_cross,rsi_rising,MMM,confirmation,-0.067,8.77,-19.48,0.28,49.88,False,26.9
ema_cross + rsi_rising,ema_cross,rsi_rising,EMR,discovery,-0.637,-31.32,-42.98,0.562,130.7,False,29.2
ema_cross + rsi_rising,ema_cross,rsi_rising,DOV,confirmation,-0.14,5.36,-21.64,0.404,77.31,False,29.0
ema_cross + rsi_rising,ema_cross,rsi_rising,OKE,discovery,-0.262,-12.3,-47.19,0.808,253.62,False,34.0
ema_cross + rsi_rising,ema_cross,rsi_rising,DOW,confirmation,0.212,26.06,-15.52,-0.185,-26.56,True,20.2
ema_cross + rsi_rising,ema_cross,rsi_rising,LYB,discovery,0.124,24.65,-26.65,0.084,3.0,True,22.7
ema_cross + rsi_rising,ema_cross,rsi_rising,MOS,confirmation,-0.335,-27.57,-50.4,0.18,10.56,False,17.7
ema_cross + rsi_rising,ema_cross,rsi_rising,NEM,discovery,-0.262,-17.4,-35.19,0.519,141.69,False,23.1
ema_cross + rsi_rising,ema_cross,rsi_rising,O,confirmation,-0.105,10.75,-13.34,0.238,39.48,False,27.2
ema_cross + rsi_rising,ema_cross,rsi_rising,VTR,discovery,0.122,24.7,-21.79,0.555,121.72,False,29.5
ema_cross + rsi_rising,ema_cross,rsi_rising,KIM,confirmation,-0.045,8.6,-29.64,0.49,104.27,False,30.7
ema_cross + rsi_rising,ema_cross,rsi_rising,BXP,discovery,0.136,26.02,-21.13,-0.003,-11.71,True,23.0
ema_cross + rsi_rising,ema_cross,rsi_rising,HST,confirmation,0.051,16.29,-28.01,0.449,100.27,False,30.5
ema_cross + rsi_rising,ema_cross,rsi_rising,F,discovery,0.081,17.65,-29.48,0.455,112.89,False,28.6
ema_cross + rsi_rising,ema_cross,rsi_rising,LEG,confirmation,-0.636,-35.72,-40.58,-0.418,-72.68,False,15.0
ema_cross + rsi_rising,ema_cross,rsi_rising,INTC,discovery,-0.239,-34.28,-62.73,0.495,140.96,False,22.6
ema_cross + mom_accelerating,ema_cross,mom_accelerating,SO,discovery,-0.848,-28.62,-29.06,0.515,86.48,False,32.0
ema_cross + mom_accelerating,ema_cross,mom_accelerating,DUK,confirmation,-0.674,-18.53,-19.71,0.384,61.14,False,30.2
ema_cross + mom_accelerating,ema_cross,mom_accelerating,AEP,discovery,-0.343,-4.58,-20.22,0.468,81.2,False,27.4
ema_cross + mom_accelerating,ema_cross,mom_accelerating,ED,confirmation,-0.905,-28.22,-35.09,0.417,68.61,False,25.6
ema_cross + mom_accelerating,ema_cross,mom_accelerating,XEL,discovery,-0.928,-33.48,-39.68,0.231,38.97,False,25.1
ema_cross + mom_accelerating,ema_cross,mom_accelerating,KHC,confirmation,-0.319,-2.62,-33.3,-0.109,-9.46,False,19.0
ema_cross + mom_accelerating,ema_cross,mom_accelerating,GIS,discovery,-0.836,-23.23,-31.16,-0.212,-19.57,False,18.2
ema_cross + mom_accelerating,ema_cross,mom_accelerating,CAG,confirmation,-0.77,-23.86,-27.74,-0.415,-41.87,False,16.8
ema_cross + mom_accelerating,ema_cross,mom_accelerating,CPB,discovery,-0.89,-32.2,-33.1,-0.391,-41.88,False,18.5
ema_cross + mom_accelerating,ema_cross,mom_accelerating,SJM,confirmation,-1.173,-54.12,-56.84,0.153,24.69,False,24.9
ema_cross + mom_accelerating,ema_cross,mom_accelerating,T,discovery,0.539,63.93,-13.75,0.348,63.12,True,28.6
ema_cross + mom_accelerating,ema_cross,mom_accelerating,VZ,confirmation,-1.004,-34.55,-38.13,0.062,13.18,False,21.7
ema_cross + mom_accelerating,ema_cross,mom_accelerating,BMY,confirmation,-0.12,7.52,-20.32,0.159,26.34,False,22.8
ema_cross + mom_accelerating,ema_cross,mom_accelerating,PFE,discovery,-0.3,-5.95,-38.81,-0.014,-1.62,False,22.9
ema_cross + mom_accelerating,ema_cross,mom_accelerating,CVS,confirmation,0.002,13.22,-31.0,0.362,71.02,False,27.9
ema_cross + mom_accelerating,ema_cross,mom_accelerating,VTRS,discovery,-0.333,-10.0,-27.3,0.176,20.88,False,24.6
ema_cross + mom_accelerating,ema_cross,mom_accelerating,MMM,confirmation,-0.454,-16.23,-35.06,0.28,49.88,False,24.6
ema_cross + mom_accelerating,ema_cross,mom_accelerating,EMR,discovery,-0.515,-22.75,-33.58,0.562,130.7,False,28.5
ema_cross + mom_accelerating,ema_cross,mom_accelerating,DOV,confirmation,-0.385,-10.68,-32.5,0.404,77.31,False,26.8
ema_cross + mom_accelerating,ema_cross,mom_accelerating,OKE,discovery,-0.19,-5.75,-46.35,0.808,253.62,False,34.3
ema_cross + mom_accelerating,ema_cross,mom_accelerating,DOW,confirmation,0.335,33.24,-11.58,-0.185,-26.56,True,18.3
ema_cross + mom_accelerating,ema_cross,mom_accelerating,LYB,discovery,0.015,13.75,-31.41,0.084,3.0,False,22.2
ema_cross + mom_accelerating,ema_cross,mom_accelerating,MOS,confirmation,-0.236,-17.98,-49.76,0.18,10.56,False,18.3
ema_cross + mom_accelerating,ema_cross,mom_accelerating,NEM,discovery,-0.095,-4.14,-31.95,0.519,141.69,False,24.6
ema_cross + mom_accelerating,ema_cross,mom_accelerating,O,confirmation,-0.599,-13.61,-20.99,0.238,39.48,False,26.8
ema_cross + mom_accelerating,ema_cross,mom_accelerating,VTR,discovery,-0.117,5.51,-25.49,0.555,121.72,False,28.9
ema_cross + mom_accelerating,ema_cross,mom_accelerating,KIM,confirmation,-0.457,-20.3,-30.81,0.49,104.27,False,30.8
ema_cross + mom_accelerating,ema_cross,mom_accelerating,BXP,discovery,-0.13,1.14,-23.3,-0.003,-11.71,False,22.6
ema_cross + mom_accelerating,ema_cross,mom_accelerating,HST,confirmation,0.035,14.8,-33.88,0.449,100.27,False,31.2
ema_cross + mom_accelerating,ema_cross,mom_accelerating,F,discovery,-0.229,-18.73,-43.27,0.455,112.89,False,26.9
ema_cross + mom_accelerating,ema_cross,mom_accelerating,LEG,confirmation,-0.512,-27.95,-40.13,-0.418,-72.68,False,14.8
ema_cross + mom_accelerating,ema_cross,mom_accelerating,INTC,discovery,0.613,166.26,-41.15,0.495,140.96,True,22.6
above_sma20 + above_sma50,above_sma20,above_sma50,SO,discovery,0.01,15.08,-15.03,0.515,86.48,False,49.4
above_sma20 + above_sma50,above_sma20,above_sma50,DUK,confirmation,-0.26,-2.51,-15.61,0.384,61.14,False,47.7
above_sma20 + above_sma50,above_sma20,above_sma50,AEP,discovery,0.167,28.77,-19.7,0.468,81.2,False,44.8
above_sma20 + above_sma50,above_sma20,above_sma50,ED,confirmation,0.075,20.66,-19.1,0.417,68.61,False,46.9
above_sma20 + above_sma50,above_sma20,above_sma50,XEL,discovery,-0.433,-16.82,-29.74,0.231,38.97,False,43.6
above_sma20 + above_sma50,above_sma20,above_sma50,KHC,confirmation,-0.178,-1.48,-33.86,-0.109,-9.46,False,37.4
above_sma20 + above_sma50,above_sma20,above_sma50,GIS,discovery,-0.577,-29.12,-36.69,-0.212,-19.57,False,38.2
above_sma20 + above_sma50,above_sma20,above_sma50,CAG,confirmation,-0.498,-23.78,-34.73,-0.415,-41.87,False,35.3
above_sma20 + above_sma50,above_sma20,above_sma50,CPB,discovery,-0.792,-46.34,-50.79,-0.391,-41.88,False,36.8
above_sma20 + above_sma50,above_sma20,above_sma50,SJM,confirmation,-0.447,-27.84,-39.65,0.153,24.69,False,43.9
above_sma20 + above_sma50,above_sma20,above_sma50,T,discovery,0.187,31.79,-18.99,0.348,63.12,False,47.6
above_sma20 + above_sma50,above_sma20,above_sma50,VZ,confirmation,-0.704,-33.22,-44.57,0.062,13.18,False,38.6
above_sma20 + above_sma50,above_sma20,above_sma50,PARA,discovery,-1.537,-72.55,-76.45,-1.495,-100.0,False,6.6
above_sma20 + above_sma50,above_sma20,above_sma50,BMY,confirmation,0.07,18.78,-20.4,0.159,26.34,False,41.4
above_sma20 + above_sma50,above_sma20,above_sma50,PFE,discovery,-0.115,-0.12,-47.04,-0.014,-1.62,False,37.0
above_sma20 + above_sma50,above_sma20,above_sma50,CVS,confirmation,0.063,14.76,-40.15,0.362,71.02,False,45.6
above_sma20 + above_sma50,above_sma20,above_sma50,VTRS,discovery,0.376,64.5,-27.86,0.176,20.88,True,44.1
above_sma20 + above_sma50,above_sma20,above_sma50,MMM,confirmation,-0.015,8.04,-32.18,0.28,49.88,False,45.6
above_sma20 + above_sma50,above_sma20,above_sma50,EMR,discovery,-0.057,5.31,-27.41,0.562,130.7,False,48.2
above_sma20 + above_sma50,above_sma20,above_sma50,DOV,confirmation,0.091,21.18,-21.48,0.404,77.31,False,48.1
above_sma20 + above_sma50,above_sma20,above_sma50,OKE,discovery,-0.087,-2.95,-37.04,0.808,253.62,False,53.1
above_sma20 + above_sma50,above_sma20,above_sma50,DOW,confirmation,-0.511,-26.27,-50.02,-0.185,-26.56,False,35.6
above_sma20 + above_sma50,above_sma20,above_sma50,LYB,discovery,-0.365,-32.29,-60.56,0.084,3.0,False,41.6
above_sma20 + above_sma50,above_sma20,above_sma50,MOS,confirmation,-0.371,-44.51,-72.33,0.18,10.56,False,39.3
above_sma20 + above_sma50,above_sma20,above_sma50,NEM,discovery,0.133,19.94,-39.01,0.519,141.69,False,47.5
above_sma20 + above_sma50,above_sma20,above_sma50,O,confirmation,-0.184,0.41,-19.92,0.238,39.48,False,47.7
above_sma20 + above_sma50,above_sma20,above_sma50,VTR,discovery,0.232,37.38,-24.43,0.555,121.72,False,48.2
above_sma20 + above_sma50,above_sma20,above_sma50,KIM,confirmation,-0.004,9.06,-33.1,0.49,104.27,False,49.0
above_sma20 + above_sma50,above_sma20,above_sma50,BXP,discovery,0.079,17.51,-22.9,-0.003,-11.71,True,39.6
above_sma20 + above_sma50,above_sma20,above_sma50,HST,confirmation,-0.508,-39.0,-58.4,0.449,100.27,False,49.2
above_sma20 + above_sma50,above_sma20,above_sma50,F,discovery,0.188,29.48,-45.03,0.455,112.89,False,42.3
above_sma20 + above_sma50,above_sma20,above_sma50,LEG,confirmation,-0.841,-60.36,-67.84,-0.418,-72.68,False,29.5
above_sma20 + above_sma50,above_sma20,above_sma50,INTC,discovery,0.291,50.54,-66.56,0.495,140.96,False,40.6
above_sma20 + mom20_positive,above_sma20,mom20_positive,SO,discovery,0.12,24.52,-18.15,0.515,86.48,False,49.6
above_sma20 + mom20_positive,above_sma20,mom20_positive,DUK,confirmation,-0.073,9.82,-12.0,0.384,61.14,False,49.0
above_sma20 + mom20_positive,above_sma20,mom20_positive,AEP,discovery,0.407,53.97,-14.5,0.468,81.2,False,48.2
above_sma20 + mom20_positive,above_sma20,mom20_positive,ED,confirmation,0.233,35.11,-13.86,0.417,68.61,False,49.4
above_sma20 + mom20_positive,above_sma20,mom20_positive,XEL,discovery,-0.356,-12.95,-25.83,0.231,38.97,False,46.9
above_sma20 + mom20_positive,above_sma20,mom20_positive,KHC,confirmation,-0.022,10.9,-30.95,-0.109,-9.46,True,40.6
above_sma20 + mom20_positive,above_sma20,mom20_positive,GIS,discovery,-0.575,-28.97,-35.86,-0.212,-19.57,False,39.2
above_sma20 + mom20_positive,above_sma20,mom20_positive,CAG,confirmation,-0.401,-19.51,-33.07,-0.415,-41.87,True,38.2
above_sma20 + mom20_positive,above_sma20,mom20_positive,CPB,discovery,-0.671,-40.0,-44.81,-0.391,-41.88,False,39.6
above_sma20 + mom20_positive,above_sma20,mom20_positive,SJM,confirmation,-0.444,-29.42,-48.19,0.153,24.69,False,46.1
above_sma20 + mom20_positive,above_sma20,mom20_positive,T,discovery,0.238,38.55,-19.54,0.348,63.12,False,47.0
above_sma20 + mom20_positive,above_sma20,mom20_positive,VZ,confirmation,-0.554,-24.67,-35.14,0.062,13.18,False,39.3
above_sma20 + mom20_positive,above_sma20,mom20_positive,PARA,discovery,-1.705,-81.84,-84.29,-1.495,-100.0,False,9.5
above_sma20 + mom20_positive,above_sma20,mom20_positive,BMY,confirmation,-0.016,9.57,-24.49,0.159,26.34,False,43.2
above_sma20 + mom20_positive,above_sma20,mom20_positive,PFE,discovery,0.048,15.78,-46.82,-0.014,-1.62,True,37.7
above_sma20 + mom20_positive,above_sma20,mom20_positive,CVS,confirmation,0.138,25.13,-35.48,0.362,71.02,False,45.9
above_sma20 + mom20_positive,above_sma20,mom20_positive,VTRS,discovery,0.381,67.53,-34.95,0.176,20.88,True,45.8
above_sma20 + mom20_positive,above_sma20,mom20_positive,MMM,confirmation,0.228,38.4,-28.22,0.28,49.88,False,48.1
above_sma20 + mom20_positive,above_sma20,mom20_positive,EMR,discovery,0.048,15.87,-23.96,0.562,130.7,False,49.9
above_sma20 + mom20_positive,above_sma20,mom20_positive,DOV,confirmation,0.361,53.23,-16.37,0.404,77.31,False,48.0
above_sma20 + mom20_positive,above_sma20,mom20_positive,OKE,discovery,-0.221,-16.45,-42.27,0.808,253.62,False,53.7
above_sma20 + mom20_positive,above_sma20,mom20_positive,DOW,confirmation,-0.83,-44.53,-57.11,-0.185,-26.56,False,37.8
above_sma20 + mom20_positive,above_sma20,mom20_positive,LYB,discovery,-0.438,-38.77,-64.92,0.084,3.0,False,41.9
above_sma20 + mom20_positive,above_sma20,mom20_positive,MOS,confirmation,-0.56,-59.19,-80.15,0.18,10.56,False,41.9
above_sma20 + mom20_positive,above_sma20,mom20_positive,NEM,discovery,-0.001,-1.47,-48.74,0.519,141.69,False,47.5
above_sma20 + mom20_positive,above_sma20,mom20_positive,O,confirmation,-0.02,12.99,-17.36,0.238,39.48,False,47.1
above_sma20 + mom20_positive,above_sma20,mom20_positive,VTR,discovery,0.225,36.61,-27.04,0.555,121.72,False,48.0
above_sma20 + mom20_positive,above_sma20,mom20_positive,KIM,confirmation,0.286,45.59,-22.08,0.49,104.27,False,48.7
above_sma20 + mom20_positive,above_sma20,mom20_positive,BXP,discovery,-0.076,-1.16,-36.63,-0.003,-11.71,False,40.4
above_sma20 + mom20_positive,above_sma20,mom20_positive,HST,confirmation,-0.577,-42.53,-61.33,0.449,100.27,False,47.2
above_sma20 + mom20_positive,above_sma20,mom20_positive,F,discovery,0.114,15.07,-56.91,0.455,112.89,False,45.1
above_sma20 + mom20_positive,above_sma20,mom20_positive,LEG,confirmation,-0.572,-49.59,-58.74,-0.418,-72.68,False,31.1
above_sma20 + mom20_positive,above_sma20,mom20_positive,INTC,discovery,0.049,-9.61,-71.79,0.495,140.96,False,42.3
above_sma20 + mom5_positive,above_sma20,mom5_positive,SO,discovery,-0.351,-10.14,-16.82,0.515,86.48,False,46.7
above_sma20 + mom5_positive,above_sma20,mom5_positive,DUK,confirmation,-0.031,12.96,-18.4,0.384,61.14,False,45.6
above_sma20 + mom5_positive,above_sma20,mom5_positive,AEP,discovery,0.324,44.43,-18.94,0.468,81.2,False,44.5
above_sma20 + mom5_positive,above_sma20,mom5_positive,ED,confirmation,0.158,27.9,-15.47,0.417,68.61,False,43.9
above_sma20 + mom5_positive,above_sma20,mom5_positive,XEL,discovery,-0.272,-7.07,-20.09,0.231,38.97,False,42.8
above_sma20 + mom5_positive,above_sma20,mom5_positive,KHC,confirmation,-0.117,3.8,-40.56,-0.109,-9.46,False,36.9
above_sma20 + mom5_positive,above_sma20,mom5_positive,GIS,discovery,-0.869,-45.15,-50.63,-0.212,-19.57,False,37.0
above_sma20 + mom5_positive,above_sma20,mom5_positive,CAG,confirmation,-0.815,-40.74,-43.81,-0.415,-41.87,False,35.9
above_sma20 + mom5_positive,above_sma20,mom5_positive,CPB,discovery,-1.128,-59.5,-60.85,-0.391,-41.88,False,37.1
above_sma20 + mom5_positive,above_sma20,mom5_positive,SJM,confirmation,-0.601,-38.59,-46.9,0.153,24.69,False,41.2
above_sma20 + mom5_positive,above_sma20,mom5_positive,T,discovery,0.361,53.31,-23.02,0.348,63.12,True,41.2
above_sma20 + mom5_positive,above_sma20,mom5_positive,VZ,confirmation,-0.464,-20.97,-35.9,0.062,13.18,False,37.3
above_sma20 + mom5_positive,above_sma20,mom5_positive,PARA,discovery,-1.146,-89.15,-92.38,-1.495,-100.0,True,12.3
above_sma20 + mom5_positive,above_sma20,mom5_positive,BMY,confirmation,-0.263,-9.99,-30.86,0.159,26.34,False,40.0
above_sma20 + mom5_positive,above_sma20,mom5_positive,PFE,discovery,-0.029,7.58,-47.39,-0.014,-1.62,False,37.3
above_sma20 + mom5_positive,above_sma20,mom5_positive,CVS,confirmation,0.083,18.69,-36.44,0.362,71.02,False,42.1
above_sma20 + mom5_positive,above_sma20,mom5_positive,VTRS,discovery,0.253,42.0,-37.75,0.176,20.88,True,41.1
above_sma20 + mom5_positive,above_sma20,mom5_positive,MMM,confirmation,-0.031,8.9,-27.61,0.28,49.88,False,41.2
above_sma20 + mom5_positive,above_sma20,mom5_positive,EMR,discovery,-0.233,-9.81,-42.72,0.562,130.7,False,44.7
above_sma20 + mom5_positive,above_sma20,mom5_positive,DOV,confirmation,0.024,14.52,-27.33,0.404,77.31,False,44.5
above_sma20 + mom5_positive,above_sma20,mom5_positive,OKE,discovery,0.014,10.49,-32.49,0.808,253.62,False,48.5
above_sma20 + mom5_positive,above_sma20,mom5_positive,DOW,confirmation,-0.264,-11.6,-45.58,-0.185,-26.56,False,35.5
above_sma20 + mom5_positive,above_sma20,mom5_positive,LYB,discovery,-0.351,-29.25,-59.29,0.084,3.0,False,39.4
above_sma20 + mom5_positive,above_sma20,mom5_positive,MOS,confirmation,-0.917,-73.58,-78.86,0.18,10.56,False,41.2
above_sma20 + mom5_positive,above_sma20,mom5_positive,NEM,discovery,-0.118,-14.33,-38.6,0.519,141.69,False,42.3
above_sma20 + mom5_positive,above_sma20,mom5_positive,O,confirmation,-0.169,2.63,-22.94,0.238,39.48,False,44.3
above_sma20 + mom5_positive,above_sma20,mom5_positive,VTR,discovery,0.009,12.34,-24.44,0.555,121.72,False,44.7
above_sma20 + mom5_positive,above_sma20,mom5_positive,KIM,confirmation,-0.573,-33.76,-39.35,0.49,104.27,False,42.9
above_sma20 + mom5_positive,above_sma20,mom5_positive,BXP,discovery,-0.355,-27.27,-46.76,-0.003,-11.71,False,39.7
above_sma20 + mom5_positive,above_sma20,mom5_positive,HST,confirmation,-0.115,-3.42,-35.06,0.449,100.27,False,42.6
above_sma20 + mom5_positive,above_sma20,mom5_positive,F,discovery,0.604,137.34,-29.46,0.455,112.89,True,40.9
above_sma20 + mom5_positive,above_sma20,mom5_positive,LEG,confirmation,-0.521,-61.41,-73.26,-0.418,-72.68,False,30.9
above_sma20 + mom5_positive,above_sma20,mom5_positive,INTC,discovery,0.32,60.38,-49.86,0.495,140.96,False,38.6
above_sma20 + rsi_bullish,above_sma20,rsi_bullish,SO,discovery,0.106,23.2,-15.44,0.515,86.48,False,52.5
above_sma20 + rsi_bullish,above_sma20,rsi_bullish,DUK,confirmation,0.062,19.73,-13.64,0.384,61.14,False,52.4
above_sma20 + rsi_bullish,above_sma20,rsi_bullish,AEP,discovery,0.521,68.39,-18.66,0.468,81.2,True,50.0
above_sma20 + rsi_bullish,above_sma20,rsi_bullish,ED,confirmation,0.375,50.71,-14.51,0.417,68.61,False,51.7
above_sma20 + rsi_bullish,above_sma20,rsi_bullish,XEL,discovery,-0.259,-7.79,-19.07,0.231,38.97,False,48.9
above_sma20 + rsi_bullish,above_sma20,rsi_bullish,KHC,confirmation,-0.16,-1.89,-35.16,-0.109,-9.46,False,44.1
above_sma20 + rsi_bullish,above_sma20,rsi_bullish,GIS,discovery,-0.672,-37.44,-44.59,-0.212,-19.57,False,41.6
above_sma20 + rsi_bullish,above_sma20,rsi_bullish,CAG,confirmation,-0.318,-12.88,-27.93,-0.415,-41.87,True,39.2
above_sma20 + rsi_bullish,above_sma20,rsi_bullish,CPB,discovery,-0.973,-57.45,-59.69,-0.391,-41.88,False,42.4
above_sma20 + rsi_bullish,above_sma20,rsi_bullish,SJM,confirmation,-0.497,-32.05,-44.64,0.153,24.69,False,48.7
above_sma20 + rsi_bullish,above_sma20,rsi_bullish,T,discovery,0.241,39.04,-22.75,0.348,63.12,False,48.3
above_sma20 + rsi_bullish,above_sma20,rsi_bullish,VZ,confirmation,-0.282,-9.38,-29.7,0.062,13.18,False,41.7
above_sma20 + rsi_bullish,above_sma20,rsi_bullish,PARA,discovery,-1.074,-84.75,-89.11,-1.495,-100.0,True,13.4
above_sma20 + rsi_bullish,above_sma20,rsi_bullish,BMY,confirmation,-0.024,8.67,-22.17,0.159,26.34,False,44.9
above_sma20 + rsi_bullish,above_sma20,rsi_bullish,PFE,discovery,0.118,23.53,-43.15,-0.014,-1.62,True,42.3
above_sma20 + rsi_bullish,above_sma20,rsi_bullish,CVS,confirmation,0.126,22.99,-36.58,0.362,71.02,False,48.8
above_sma20 + rsi_bullish,above_sma20,rsi_bullish,VTRS,discovery,0.32,55.82,-32.52,0.176,20.88,True,48.5
above_sma20 + rsi_bullish,above_sma20,rsi_bullish,MMM,confirmation,0.208,35.45,-26.76,0.28,49.88,False,49.5
above_sma20 + rsi_bullish,above_sma20,rsi_bullish,EMR,discovery,0.027,12.8,-28.53,0.562,130.7,False,52.2
above_sma20 + rsi_bullish,above_sma20,rsi_bullish,DOV,confirmation,0.49,74.61,-20.41,0.404,77.31,True,51.6
above_sma20 + rsi_bullish,above_sma20,rsi_bullish,OKE,discovery,-0.278,-23.23,-47.59,0.808,253.62,False,55.8
above_sma20 + rsi_bullish,above_sma20,rsi_bullish,DOW,confirmation,-0.647,-37.85,-53.22,-0.185,-26.56,False,42.3
above_sma20 + rsi_bullish,above_sma20,rsi_bullish,LYB,discovery,-0.371,-34.09,-64.28,0.084,3.0,False,44.8
above_sma20 + rsi_bullish,above_sma20,rsi_bullish,MOS,confirmation,-0.46,-54.88,-79.02,0.18,10.56,False,45.6
above_sma20 + rsi_bullish,above_sma20,rsi_bullish,NEM,discovery,0.223,36.67,-45.24,0.519,141.69,False,50.4
above_sma20 + rsi_bullish,above_sma20,rsi_bullish,O,confirmation,0.087,21.55,-20.55,0.238,39.48,False,50.8
above_sma20 + rsi_bullish,above_sma20,rsi_bullish,VTR,discovery,0.024,12.73,-38.25,0.555,121.72,False,51.2
above_sma20 + rsi_bullish,above_sma20,rsi_bullish,KIM,confirmation,-0.196,-11.72,-35.46,0.49,104.27,False,51.2
above_sma20 + rsi_bullish,above_sma20,rsi_bullish,BXP,discovery,-0.159,-12.27,-43.61,-0.003,-11.71,False,44.2
above_sma20 + rsi_bullish,above_sma20,rsi_bullish,HST,confirmation,-0.187,-13.89,-43.75,0.449,100.27,False,50.6
above_sma20 + rsi_bullish,above_sma20,rsi_bullish,F,discovery,0.143,20.49,-53.02,0.455,112.89,False,46.2
above_sma20 + rsi_bullish,above_sma20,rsi_bullish,LEG,confirmation,-0.199,-28.44,-55.3,-0.418,-72.68,True,35.3
above_sma20 + rsi_bullish,above_sma20,rsi_bullish,INTC,discovery,-0.015,-21.53,-72.98,0.495,140.96,False,44.6
above_sma20 + rsi_not_hot,above_sma20,rsi_not_hot,SO,discovery,-0.232,-2.2,-17.25,0.515,86.48,False,43.8
above_sma20 + rsi_not_hot,above_sma20,rsi_not_hot,DUK,confirmation,-0.049,11.63,-17.2,0.384,61.14,False,43.9
above_sma20 + rsi_not_hot,above_sma20,rsi_not_hot,AEP,discovery,0.035,17.6,-14.44,0.468,81.2,False,39.8
above_sma20 + rsi_not_hot,above_sma20,rsi_not_hot,ED,confirmation,0.563,67.91,-13.12,0.417,68.61,True,43.4
above_sma20 + rsi_not_hot,above_sma20,rsi_not_hot,XEL,discovery,-0.419,-15.83,-23.61,0.231,38.97,False,41.6
above_sma20 + rsi_not_hot,above_sma20,rsi_not_hot,KHC,confirmation,0.16,28.06,-38.64,-0.109,-9.46,True,36.4
above_sma20 + rsi_not_hot,above_sma20,rsi_not_hot,GIS,discovery,-0.72,-35.51,-43.95,-0.212,-19.57,False,36.1
above_sma20 + rsi_not_hot,above_sma20,rsi_not_hot,CAG,confirmation,-0.452,-19.86,-32.92,-0.415,-41.87,False,37.0
above_sma20 + rsi_not_hot,above_sma20,rsi_not_hot,CPB,discovery,-0.418,-24.39,-36.09,-0.391,-41.88,False,41.5
above_sma20 + rsi_not_hot,above_sma20,rsi_not_hot,SJM,confirmation,-0.091,1.26,-36.28,0.153,24.69,False,43.3
above_sma20 + rsi_not_hot,above_sma20,rsi_not_hot,T,discovery,0.558,80.11,-23.04,0.348,63.12,True,38.2
above_sma20 + rsi_not_hot,above_sma20,rsi_not_hot,VZ,confirmation,-0.197,-0.49,-31.78,0.062,13.18,False,35.0
above_sma20 + rsi_not_hot,above_sma20,rsi_not_hot,PARA,discovery,-1.478,-93.61,-95.51,-1.495,-100.0,True,15.2
above_sma20 + rsi_not_hot,above_sma20,rsi_not_hot,BMY,confirmation,-0.089,5.0,-28.9,0.159,26.34,False,38.5
above_sma20 + rsi_not_hot,above_sma20,rsi_not_hot,PFE,discovery,-0.297,-11.71,-43.42,-0.014,-1.62,False,34.9
above_sma20 + rsi_not_hot,above_sma20,rsi_not_hot,CVS,confirmation,-0.039,4.46,-35.71,0.362,71.02,False,36.0
above_sma20 + rsi_not_hot,above_sma20,rsi_not_hot,VTRS,discovery,0.423,68.23,-28.61,0.176,20.88,True,37.7
above_sma20 + rsi_not_hot,above_sma20,rsi_not_hot,MMM,confirmation,0.105,22.48,-36.23,0.28,49.88,False,41.2
above_sma20 + rsi_not_hot,above_sma20,rsi_not_hot,EMR,discovery,0.131,25.31,-26.61,0.562,130.7,False,38.2
above_sma20 + rsi_not_hot,above_sma20,rsi_not_hot,DOV,confirmation,0.292,43.72,-16.65,0.404,77.31,False,38.9
above_sma20 + rsi_not_hot,above_sma20,rsi_not_hot,OKE,discovery,-0.11,-3.03,-53.28,0.808,253.62,False,44.2
above_sma20 + rsi_not_hot,above_sma20,rsi_not_hot,DOW,confirmation,-0.475,-24.3,-46.41,-0.185,-26.56,False,35.1
above_sma20 + rsi_not_hot,above_sma20,rsi_not_hot,LYB,discovery,-0.159,-11.58,-50.92,0.084,3.0,False,40.3
above_sma20 + rsi_not_hot,above_sma20,rsi_not_hot,MOS,confirmation,-0.824,-70.92,-87.07,0.18,10.56,False,37.1
above_sma20 + rsi_not_hot,above_sma20,rsi_not_hot,NEM,discovery,0.294,51.02,-36.74,0.519,141.69,False,37.4
above_sma20 + rsi_not_hot,above_sma20,rsi_not_hot,O,confirmation,-0.067,9.81,-15.07,0.238,39.48,False,40.1
above_sma20 + rsi_not_hot,above_sma20,rsi_not_hot,VTR,discovery,-0.287,-11.2,-37.38,0.555,121.72,False,37.5
above_sma20 + rsi_not_hot,above_sma20,rsi_not_hot,KIM,confirmation,-0.231,-11.25,-29.01,0.49,104.27,False,43.9
above_sma20 + rsi_not_hot,above_sma20,rsi_not_hot,BXP,discovery,-0.634,-44.74,-60.0,-0.003,-11.71,False,38.9
above_sma20 + rsi_not_hot,above_sma20,rsi_not_hot,HST,confirmation,-0.159,-7.71,-31.16,0.449,100.27,False,41.6
above_sma20 + rsi_not_hot,above_sma20,rsi_not_hot,F,discovery,-0.033,-3.32,-40.94,0.455,112.89,False,35.5
above_sma20 + rsi_not_hot,above_sma20,rsi_not_hot,LEG,confirmation,-0.549,-61.93,-77.41,-0.418,-72.68,False,29.6
above_sma20 + rsi_not_hot,above_sma20,rsi_not_hot,INTC,discovery,-0.009,-9.11,-52.94,0.495,140.96,False,38.0
above_sma20 + bb_upper_half,above_sma20,bb_upper_half,SO,discovery,0.141,26.51,-15.42,0.515,86.48,False,58.1
above_sma20 + bb_upper_half,above_sma20,bb_upper_half,DUK,confirmation,0.114,23.98,-13.97,0.384,61.14,False,57.3
above_sma20 + bb_upper_half,above_sma20,bb_upper_half,AEP,discovery,0.319,45.93,-15.47,0.468,81.2,False,55.6
above_sma20 + bb_upper_half,above_sma20,bb_upper_half,ED,confirmation,0.348,48.98,-13.6,0.417,68.61,False,57.4
above_sma20 + bb_upper_half,above_sma20,bb_upper_half,XEL,discovery,-0.23,-6.94,-21.64,0.231,38.97,False,55.1
above_sma20 + bb_upper_half,above_sma20,bb_upper_half,KHC,confirmation,-0.074,4.42,-43.58,-0.109,-9.46,True,47.9
above_sma20 + bb_upper_half,above_sma20,bb_upper_half,GIS,discovery,-0.634,-36.81,-46.34,-0.212,-19.57,False,46.9
above_sma20 + bb_upper_half,above_sma20,bb_upper_half,CAG,confirmation,-0.478,-26.75,-39.58,-0.415,-41.87,False,45.8
above_sma20 + bb_upper_half,above_sma20,bb_upper_half,CPB,discovery,-0.676,-44.9,-49.52,-0.391,-41.88,False,48.3
above_sma20 + bb_upper_half,above_sma20,bb_upper_half,SJM,confirmation,-0.421,-29.81,-46.52,0.153,24.69,False,54.3
above_sma20 + bb_upper_half,above_sma20,bb_upper_half,T,discovery,0.41,65.72,-18.82,0.348,63.12,True,53.7
above_sma20 + bb_upper_half,above_sma20,bb_upper_half,VZ,confirmation,-0.233,-8.05,-32.89,0.062,13.18,False,48.3
above_sma20 + bb_upper_half,above_sma20,bb_upper_half,PARA,discovery,-1.389,-93.74,-95.6,-1.495,-100.0,True,16.1
above_sma20 + bb_upper_half,above_sma20,bb_upper_half,BMY,confirmation,-0.088,0.95,-27.71,0.159,26.34,False,51.3
above_sma20 + bb_upper_half,above_sma20,bb_upper_half,PFE,discovery,0.01,10.24,-49.77,-0.014,-1.62,True,46.9
above_sma20 + bb_upper_half,above_sma20,bb_upper_half,CVS,confirmation,0.107,19.59,-39.65,0.362,71.02,False,54.4
above_sma20 + bb_upper_half,above_sma20,bb_upper_half,VTRS,discovery,0.284,49.11,-39.64,0.176,20.88,True,53.9
above_sma20 + bb_upper_half,above_sma20,bb_upper_half,MMM,confirmation,0.28,46.75,-30.89,0.28,49.88,False,55.0
above_sma20 + bb_upper_half,above_sma20,bb_upper_half,EMR,discovery,0.198,33.49,-29.0,0.562,130.7,False,56.8
above_sma20 + bb_upper_half,above_sma20,bb_upper_half,DOV,confirmation,0.343,53.54,-18.35,0.404,77.31,False,56.1
above_sma20 + bb_upper_half,above_sma20,bb_upper_half,OKE,discovery,-0.095,-5.99,-50.47,0.808,253.62,False,60.9
above_sma20 + bb_upper_half,above_sma20,bb_upper_half,DOW,confirmation,-0.505,-30.98,-52.22,-0.185,-26.56,False,47.2
above_sma20 + bb_upper_half,above_sma20,bb_upper_half,LYB,discovery,-0.262,-27.19,-61.35,0.084,3.0,False,51.3
above_sma20 + bb_upper_half,above_sma20,bb_upper_half,MOS,confirmation,-0.565,-64.32,-83.56,0.18,10.56,False,51.0
above_sma20 + bb_upper_half,above_sma20,bb_upper_half,NEM,discovery,0.155,22.41,-44.4,0.519,141.69,False,55.2
above_sma20 + bb_upper_half,above_sma20,bb_upper_half,O,confirmation,0.177,29.97,-17.38,0.238,39.48,False,55.4
above_sma20 + bb_upper_half,above_sma20,bb_upper_half,VTR,discovery,0.172,29.98,-31.95,0.555,121.72,False,56.5
above_sma20 + bb_upper_half,above_sma20,bb_upper_half,KIM,confirmation,-0.149,-8.31,-30.65,0.49,104.27,False,56.5
above_sma20 + bb_upper_half,above_sma20,bb_upper_half,BXP,discovery,-0.48,-42.69,-56.59,-0.003,-11.71,False,51.3
above_sma20 + bb_upper_half,above_sma20,bb_upper_half,HST,confirmation,-0.228,-19.75,-44.23,0.449,100.27,False,55.9
above_sma20 + bb_upper_half,above_sma20,bb_upper_half,F,discovery,0.185,27.42,-50.22,0.455,112.89,False,52.4
above_sma20 + bb_upper_half,above_sma20,bb_upper_half,LEG,confirmation,-0.551,-66.66,-77.12,-0.418,-72.68,False,39.8
above_sma20 + bb_upper_half,above_sma20,bb_upper_half,INTC,discovery,0.303,53.31,-63.86,0.495,140.96,False,50.9
above_sma20 + adx_trending,above_sma20,adx_trending,SO,discovery,0.252,34.66,-12.19,0.515,86.48,False,35.8
above_sma20 + adx_trending,above_sma20,adx_trending,DUK,confirmation,0.102,23.11,-12.8,0.384,61.14,False,38.4
above_sma20 + adx_trending,above_sma20,adx_trending,AEP,discovery,0.19,29.99,-17.38,0.468,81.2,False,34.5
above_sma20 + adx_trending,above_sma20,adx_trending,ED,confirmation,0.295,40.0,-15.53,0.417,68.61,False,38.2
above_sma20 + adx_trending,above_sma20,adx_trending,XEL,discovery,0.019,17.28,-19.73,0.231,38.97,False,32.5
above_sma20 + adx_trending,above_sma20,adx_trending,KHC,confirmation,0.123,24.56,-34.61,-0.109,-9.46,True,31.0
above_sma20 + adx_trending,above_sma20,adx_trending,GIS,discovery,-0.451,-13.89,-31.52,-0.212,-19.57,False,27.6
above_sma20 + adx_trending,above_sma20,adx_trending,CAG,confirmation,-0.673,-24.4,-30.4,-0.415,-41.87,False,26.3
above_sma20 + adx_trending,above_sma20,adx_trending,CPB,discovery,-0.586,-25.97,-31.74,-0.391,-41.88,False,25.7
above_sma20 + adx_trending,above_sma20,adx_trending,SJM,confirmation,-0.376,-15.87,-41.89,0.153,24.69,False,34.1
above_sma20 + adx_trending,above_sma20,adx_trending,T,discovery,0.158,28.26,-23.27,0.348,63.12,False,37.7
above_sma20 + adx_trending,above_sma20,adx_trending,VZ,confirmation,-0.014,12.72,-20.73,0.062,13.18,False,33.2
above_sma20 + adx_trending,above_sma20,adx_trending,PARA,discovery,-1.142,-89.0,-92.99,-1.495,-100.0,True,12.3
above_sma20 + adx_trending,above_sma20,adx_trending,BMY,confirmation,-0.345,-14.94,-34.96,0.159,26.34,False,33.4
above_sma20 + adx_trending,above_sma20,adx_trending,PFE,discovery,0.311,47.21,-33.93,-0.014,-1.62,True,34.9
above_sma20 + adx_trending,above_sma20,adx_trending,CVS,confirmation,0.312,49.74,-30.55,0.362,71.02,False,36.6
above_sma20 + adx_trending,above_sma20,adx_trending,VTRS,discovery,-0.041,0.63,-42.09,0.176,20.88,False,38.2
above_sma20 + adx_trending,above_sma20,adx_trending,MMM,confirmation,0.053,18.09,-32.27,0.28,49.88,False,32.7
above_sma20 + adx_trending,above_sma20,adx_trending,EMR,discovery,0.315,47.08,-27.18,0.562,130.7,False,37.3
above_sma20 + adx_trending,above_sma20,adx_trending,DOV,confirmation,0.196,32.17,-14.57,0.404,77.31,False,38.0
above_sma20 + adx_trending,above_sma20,adx_trending,OKE,discovery,-0.235,-10.2,-36.91,0.808,253.62,False,32.0
above_sma20 + adx_trending,above_sma20,adx_trending,DOW,confirmation,-0.765,-33.22,-40.19,-0.185,-26.56,False,32.6
above_sma20 + adx_trending,above_sma20,adx_trending,LYB,discovery,-0.47,-32.41,-61.5,0.084,3.0,False,27.7
above_sma20 + adx_trending,above_sma20,adx_trending,MOS,confirmation,-0.444,-41.7,-68.73,0.18,10.56,False,29.8
above_sma20 + adx_trending,above_sma20,adx_trending,NEM,discovery,-0.443,-42.15,-48.34,0.519,141.69,False,36.8
above_sma20 + adx_trending,above_sma20,adx_trending,O,confirmation,0.091,22.28,-12.64,0.238,39.48,False,35.4
above_sma20 + adx_trending,above_sma20,adx_trending,VTR,discovery,-0.142,2.1,-31.1,0.555,121.72,False,38.0
above_sma20 + adx_trending,above_sma20,adx_trending,KIM,confirmation,-0.334,-14.7,-37.68,0.49,104.27,False,34.1
above_sma20 + adx_trending,above_sma20,adx_trending,BXP,discovery,-0.468,-29.48,-50.36,-0.003,-11.71,False,30.2
above_sma20 + adx_trending,above_sma20,adx_trending,HST,confirmation,-0.304,-17.56,-34.65,0.449,100.27,False,36.3
above_sma20 + adx_trending,above_sma20,adx_trending,F,discovery,-0.157,-20.22,-65.9,0.455,112.89,False,38.4
above_sma20 + adx_trending,above_sma20,adx_trending,LEG,confirmation,-0.848,-55.23,-58.69,-0.418,-72.68,False,22.4
above_sma20 + adx_trending,above_sma20,adx_trending,INTC,discovery,0.05,0.7,-61.12,0.495,140.96,False,32.7
above_sma20 + adx_quiet,above_sma20,adx_quiet,SO,discovery,-0.628,-7.86,-21.25,0.515,86.48,False,14.2
above_sma20 + adx_quiet,above_sma20,adx_quiet,DUK,confirmation,-0.246,8.46,-8.34,0.384,61.14,False,12.0
above_sma20 + adx_quiet,above_sma20,adx_quiet,AEP,discovery,-0.169,9.63,-9.8,0.468,81.2,False,13.6
above_sma20 + adx_quiet,above_sma20,adx_quiet,ED,confirmation,-0.204,10.95,-9.22,0.417,68.61,False,11.1
above_sma20 + adx_quiet,above_sma20,adx_quiet,XEL,discovery,-0.843,-23.37,-27.39,0.231,38.97,False,14.4
above_sma20 + adx_quiet,above_sma20,adx_quiet,KHC,confirmation,-0.229,6.97,-16.18,-0.109,-9.46,False,10.1
above_sma20 + adx_quiet,above_sma20,adx_quiet,GIS,discovery,-0.662,-14.28,-24.84,-0.212,-19.57,False,12.5
above_sma20 + adx_quiet,above_sma20,adx_quiet,CAG,confirmation,-0.615,-12.33,-27.75,-0.415,-41.87,False,12.9
above_sma20 + adx_quiet,above_sma20,adx_quiet,CPB,discovery,-0.518,-13.26,-29.14,-0.391,-41.88,False,14.8
above_sma20 + adx_quiet,above_sma20,adx_quiet,SJM,confirmation,-0.654,-16.13,-26.47,0.153,24.69,False,10.2
above_sma20 + adx_quiet,above_sma20,adx_quiet,T,discovery,-0.612,-3.08,-14.3,0.348,63.12,False,8.1
above_sma20 + adx_quiet,above_sma20,adx_quiet,VZ,confirmation,-0.847,-12.14,-25.56,0.062,13.18,False,10.2
above_sma20 + adx_quiet,above_sma20,adx_quiet,PARA,discovery,-1.281,-36.28,-39.3,-1.495,-100.0,True,1.7
above_sma20 + adx_quiet,above_sma20,adx_quiet,BMY,confirmation,-0.11,12.12,-15.12,0.159,26.34,False,11.3
above_sma20 + adx_quiet,above_sma20,adx_quiet,PFE,discovery,-1.382,-23.58,-23.58,-0.014,-1.62,False,7.5
above_sma20 + adx_quiet,above_sma20,adx_quiet,CVS,confirmation,-0.536,-8.77,-19.9,0.362,71.02,False,11.6
above_sma20 + adx_quiet,above_sma20,adx_quiet,VTRS,discovery,0.506,53.16,-14.09,0.176,20.88,True,10.9
above_sma20 + adx_quiet,above_sma20,adx_quiet,MMM,confirmation,-0.072,9.75,-16.67,0.28,49.88,False,14.5
above_sma20 + adx_quiet,above_sma20,adx_quiet,EMR,discovery,-0.288,3.72,-13.02,0.562,130.7,False,13.6
above_sma20 + adx_quiet,above_sma20,adx_quiet,DOV,confirmation,-0.007,17.01,-18.96,0.404,77.31,False,11.7
above_sma20 + adx_quiet,above_sma20,adx_quiet,OKE,discovery,-0.485,-13.68,-29.19,0.808,253.62,False,17.5
above_sma20 + adx_quiet,above_sma20,adx_quiet,DOW,confirmation,-0.112,7.08,-25.4,-0.185,-26.56,True,9.2
above_sma20 + adx_quiet,above_sma20,adx_quiet,LYB,discovery,-0.252,-0.89,-19.32,0.084,3.0,False,14.5
above_sma20 + adx_quiet,above_sma20,adx_quiet,MOS,confirmation,-0.34,-17.98,-44.26,0.18,10.56,False,13.5
above_sma20 + adx_quiet,above_sma20,adx_quiet,NEM,discovery,0.544,71.52,-18.73,0.519,141.69,True,11.8
above_sma20 + adx_quiet,above_sma20,adx_quiet,O,confirmation,-0.839,-13.73,-16.13,0.238,39.48,False,11.3
above_sma20 + adx_quiet,above_sma20,adx_quiet,VTR,discovery,-0.264,1.52,-19.76,0.555,121.72,False,12.3
above_sma20 + adx_quiet,above_sma20,adx_quiet,KIM,confirmation,-0.343,-2.49,-14.25,0.49,104.27,False,14.2
above_sma20 + adx_quiet,above_sma20,adx_quiet,BXP,discovery,-0.477,-17.06,-40.57,-0.003,-11.71,False,15.0
above_sma20 + adx_quiet,above_sma20,adx_quiet,HST,confirmation,-0.582,-14.91,-34.68,0.449,100.27,False,9.1
above_sma20 + adx_quiet,above_sma20,adx_quiet,F,discovery,0.258,37.33,-18.03,0.455,112.89,False,8.5
above_sma20 + adx_quiet,above_sma20,adx_quiet,LEG,confirmation,-0.272,-15.13,-32.87,-0.418,-72.68,True,9.2
above_sma20 + adx_quiet,above_sma20,adx_quiet,INTC,discovery,-0.065,-0.18,-32.44,0.495,140.96,False,10.7
above_sma20 + low_vol,above_sma20,low_vol,SO,discovery,0.283,36.25,-9.42,0.515,86.48,False,28.9
above_sma20 + low_vol,above_sma20,low_vol,DUK,confirmation,-0.541,-9.15,-15.79,0.384,61.14,False,27.1
above_sma20 + low_vol,above_sma20,low_vol,AEP,discovery,-0.399,-6.13,-25.74,0.468,81.2,False,23.4
above_sma20 + low_vol,above_sma20,low_vol,ED,confirmation,-0.545,-10.28,-18.88,0.417,68.61,False,23.1
above_sma20 + low_vol,above_sma20,low_vol,XEL,discovery,-0.818,-25.2,-35.38,0.231,38.97,False,22.8
above_sma20 + low_vol,above_sma20,low_vol,KHC,confirmation,-0.678,-20.52,-27.35,-0.109,-9.46,False,22.4
above_sma20 + low_vol,above_sma20,low_vol,GIS,discovery,-0.679,-17.71,-24.16,-0.212,-19.57,False,22.5
above_sma20 + low_vol,above_sma20,low_vol,CAG,confirmation,-0.852,-26.72,-31.18,-0.415,-41.87,False,18.9
above_sma20 + low_vol,above_sma20,low_vol,CPB,discovery,-0.852,-27.81,-28.59,-0.391,-41.88,False,19.2
above_sma20 + low_vol,above_sma20,low_vol,SJM,confirmation,-0.751,-26.3,-37.73,0.153,24.69,False,27.0
above_sma20 + low_vol,above_sma20,low_vol,T,discovery,-0.215,-1.61,-23.43,0.348,63.12,False,23.1
above_sma20 + low_vol,above_sma20,low_vol,VZ,confirmation,-0.956,-29.81,-30.5,0.062,13.18,False,22.5
above_sma20 + low_vol,above_sma20,low_vol,PARA,discovery,-1.048,-45.04,-48.48,-1.495,-100.0,True,4.4
above_sma20 + low_vol,above_sma20,low_vol,BMY,confirmation,-0.668,-23.22,-29.75,0.159,26.34,False,23.1
above_sma20 + low_vol,above_sma20,low_vol,PFE,discovery,-0.48,-11.83,-30.12,-0.014,-1.62,False,18.8
above_sma20 + low_vol,above_sma20,low_vol,CVS,confirmation,-0.251,-12.32,-38.93,0.362,71.02,False,28.3
above_sma20 + low_vol,above_sma20,low_vol,VTRS,discovery,0.181,30.96,-34.39,0.176,20.88,True,22.6
above_sma20 + low_vol,above_sma20,low_vol,MMM,confirmation,-0.035,9.61,-26.65,0.28,49.88,False,25.1
above_sma20 + low_vol,above_sma20,low_vol,EMR,discovery,-0.069,9.17,-39.91,0.562,130.7,False,25.1
above_sma20 + low_vol,above_sma20,low_vol,DOV,confirmation,-0.025,13.09,-20.76,0.404,77.31,False,23.8
above_sma20 + low_vol,above_sma20,low_vol,OKE,discovery,-0.937,-46.94,-53.16,0.808,253.62,False,30.9
above_sma20 + low_vol,above_sma20,low_vol,DOW,confirmation,-0.207,2.11,-23.75,-0.185,-26.56,False,19.0
above_sma20 + low_vol,above_sma20,low_vol,LYB,discovery,-0.474,-20.63,-31.86,0.084,3.0,False,21.2
above_sma20 + low_vol,above_sma20,low_vol,MOS,confirmation,-0.852,-57.97,-68.75,0.18,10.56,False,24.9
above_sma20 + low_vol,above_sma20,low_vol,NEM,discovery,-0.122,-8.09,-48.88,0.519,141.69,False,26.7
above_sma20 + low_vol,above_sma20,low_vol,O,confirmation,-0.803,-22.13,-23.14,0.238,39.48,False,26.3
above_sma20 + low_vol,above_sma20,low_vol,VTR,discovery,-0.25,-2.28,-24.71,0.555,121.72,False,26.9
above_sma20 + low_vol,above_sma20,low_vol,KIM,confirmation,-0.51,-17.91,-39.83,0.49,104.27,False,26.0
above_sma20 + low_vol,above_sma20,low_vol,BXP,discovery,-0.67,-32.12,-41.57,-0.003,-11.71,False,23.2
above_sma20 + low_vol,above_sma20,low_vol,HST,confirmation,-0.209,-6.28,-33.93,0.449,100.27,False,29.8
above_sma20 + low_vol,above_sma20,low_vol,F,discovery,-0.214,-10.68,-29.44,0.455,112.89,False,22.8
above_sma20 + low_vol,above_sma20,low_vol,LEG,confirmation,-0.171,-18.8,-58.53,-0.418,-72.68,True,16.2
above_sma20 + low_vol,above_sma20,low_vol,INTC,discovery,-0.426,-39.0,-49.82,0.495,140.96,False,19.3
above_sma20 + rsi_rising,above_sma20,rsi_rising,SO,discovery,-0.681,-23.33,-24.2,0.515,86.48,False,33.8
above_sma20 + rsi_rising,above_sma20,rsi_rising,DUK,confirmation,-0.728,-23.15,-23.28,0.384,61.14,False,34.7
above_sma20 + rsi_rising,above_sma20,rsi_rising,AEP,discovery,0.006,15.77,-20.88,0.468,81.2,False,33.0
above_sma20 + rsi_rising,above_sma20,rsi_rising,ED,confirmation,-0.273,-2.3,-17.5,0.417,68.61,False,34.7
above_sma20 + rsi_rising,above_sma20,rsi_rising,XEL,discovery,-0.653,-26.49,-29.44,0.231,38.97,False,32.2
above_sma20 + rsi_rising,above_sma20,rsi_rising,KHC,confirmation,-0.32,-8.63,-37.85,-0.109,-9.46,False,29.3
above_sma20 + rsi_rising,above_sma20,rsi_rising,GIS,discovery,-0.939,-43.92,-54.97,-0.212,-19.57,False,30.0
above_sma20 + rsi_rising,above_sma20,rsi_rising,CAG,confirmation,-0.975,-38.89,-45.09,-0.415,-41.87,False,27.5
above_sma20 + rsi_rising,above_sma20,rsi_rising,CPB,discovery,-1.335,-62.94,-66.22,-0.391,-41.88,False,29.9
above_sma20 + rsi_rising,above_sma20,rsi_rising,SJM,confirmation,-1.15,-54.08,-60.96,0.153,24.69,False,33.1
above_sma20 + rsi_rising,above_sma20,rsi_rising,T,discovery,0.134,25.83,-18.51,0.348,63.12,False,30.8
above_sma20 + rsi_rising,above_sma20,rsi_rising,VZ,confirmation,-0.657,-25.52,-39.08,0.062,13.18,False,29.7
above_sma20 + rsi_rising,above_sma20,rsi_rising,PARA,discovery,-1.013,-84.78,-88.99,-1.495,-100.0,True,11.4
above_sma20 + rsi_rising,above_sma20,rsi_rising,BMY,confirmation,-0.572,-25.91,-34.68,0.159,26.34,False,30.2
above_sma20 + rsi_rising,above_sma20,rsi_rising,PFE,discovery,-0.218,-4.55,-40.03,-0.014,-1.62,False,28.3
above_sma20 + rsi_rising,above_sma20,rsi_rising,CVS,confirmation,0.01,12.28,-34.4,0.362,71.02,False,32.2
above_sma20 + rsi_rising,above_sma20,rsi_rising,VTRS,discovery,-0.165,-7.81,-41.46,0.176,20.88,False,31.7
above_sma20 + rsi_rising,above_sma20,rsi_rising,MMM,confirmation,0.169,29.36,-21.41,0.28,49.88,False,33.6
above_sma20 + rsi_rising,above_sma20,rsi_rising,EMR,discovery,-0.456,-23.81,-33.76,0.562,130.7,False,34.7
above_sma20 + rsi_rising,above_sma20,rsi_rising,DOV,confirmation,-0.095,6.32,-30.38,0.404,77.31,False,33.4
above_sma20 + rsi_rising,above_sma20,rsi_rising,OKE,discovery,-0.445,-25.87,-42.95,0.808,253.62,False,36.8
above_sma20 + rsi_rising,above_sma20,rsi_rising,DOW,confirmation,-0.26,-9.89,-31.51,-0.185,-26.56,False,30.0
above_sma20 + rsi_rising,above_sma20,rsi_rising,LYB,discovery,-0.04,4.91,-31.34,0.084,3.0,False,29.9
above_sma20 + rsi_rising,above_sma20,rsi_rising,MOS,confirmation,-0.826,-65.14,-74.5,0.18,10.56,False,30.6
above_sma20 + rsi_rising,above_sma20,rsi_rising,NEM,discovery,-0.318,-28.95,-48.68,0.519,141.69,False,33.1
above_sma20 + rsi_rising,above_sma20,rsi_rising,O,confirmation,0.069,20.8,-14.25,0.238,39.48,False,32.0
above_sma20 + rsi_rising,above_sma20,rsi_rising,VTR,discovery,0.165,29.04,-21.92,0.555,121.72,False,33.3
above_sma20 + rsi_rising,above_sma20,rsi_rising,KIM,confirmation,-0.559,-30.04,-46.98,0.49,104.27,False,32.7
above_sma20 + rsi_rising,above_sma20,rsi_rising,BXP,discovery,-0.558,-36.23,-47.94,-0.003,-11.71,False,30.2
above_sma20 + rsi_rising,above_sma20,rsi_rising,HST,confirmation,-0.27,-14.26,-34.37,0.449,100.27,False,32.6
above_sma20 + rsi_rising,above_sma20,rsi_rising,F,discovery,0.215,36.43,-26.79,0.455,112.89,False,31.0
above_sma20 + rsi_rising,above_sma20,rsi_rising,LEG,confirmation,-0.259,-29.36,-51.35,-0.418,-72.68,True,24.9
above_sma20 + rsi_rising,above_sma20,rsi_rising,INTC,discovery,-0.19,-33.32,-63.59,0.495,140.96,False,30.9
above_sma20 + mom_accelerating,above_sma20,mom_accelerating,SO,discovery,-1.099,-40.69,-41.07,0.515,86.48,False,33.8
above_sma20 + mom_accelerating,above_sma20,mom_accelerating,DUK,confirmation,-0.414,-7.92,-18.96,0.384,61.14,False,33.5
above_sma20 + mom_accelerating,above_sma20,mom_accelerating,AEP,discovery,-0.132,6.25,-20.63,0.468,81.2,False,31.1
above_sma20 + mom_accelerating,above_sma20,mom_accelerating,ED,confirmation,-0.689,-23.9,-28.54,0.417,68.61,False,33.4
above_sma20 + mom_accelerating,above_sma20,mom_accelerating,XEL,discovery,-0.996,-41.38,-45.95,0.231,38.97,False,32.0
above_sma20 + mom_accelerating,above_sma20,mom_accelerating,KHC,confirmation,-0.195,0.66,-44.07,-0.109,-9.46,False,27.2
above_sma20 + mom_accelerating,above_sma20,mom_accelerating,GIS,discovery,-0.958,-42.79,-49.9,-0.212,-19.57,False,27.6
above_sma20 + mom_accelerating,above_sma20,mom_accelerating,CAG,confirmation,-0.759,-32.27,-40.11,-0.415,-41.87,False,27.8
above_sma20 + mom_accelerating,above_sma20,mom_accelerating,CPB,discovery,-1.162,-53.5,-55.49,-0.391,-41.88,False,29.5
above_sma20 + mom_accelerating,above_sma20,mom_accelerating,SJM,confirmation,-0.815,-41.49,-48.19,0.153,24.69,False,31.6
above_sma20 + mom_accelerating,above_sma20,mom_accelerating,T,discovery,0.444,56.19,-24.15,0.348,63.12,True,30.9
above_sma20 + mom_accelerating,above_sma20,mom_accelerating,VZ,confirmation,-0.807,-30.7,-37.59,0.062,13.18,False,29.5
above_sma20 + mom_accelerating,above_sma20,mom_accelerating,PARA,discovery,-1.189,-87.79,-90.93,-1.495,-100.0,True,10.8
above_sma20 + mom_accelerating,above_sma20,mom_accelerating,BMY,confirmation,-0.216,-3.62,-25.29,0.159,26.34,False,30.9
above_sma20 + mom_accelerating,above_sma20,mom_accelerating,PFE,discovery,0.195,32.22,-36.3,-0.014,-1.62,True,28.7
above_sma20 + mom_accelerating,above_sma20,mom_accelerating,CVS,confirmation,0.085,19.99,-26.71,0.362,71.02,False,32.0
above_sma20 + mom_accelerating,above_sma20,mom_accelerating,VTRS,discovery,0.161,28.57,-28.95,0.176,20.88,False,31.3
above_sma20 + mom_accelerating,above_sma20,mom_accelerating,MMM,confirmation,-0.283,-8.92,-31.21,0.28,49.88,False,31.2
above_sma20 + mom_accelerating,above_sma20,mom_accelerating,EMR,discovery,-0.053,8.5,-29.84,0.562,130.7,False,33.6
above_sma20 + mom_accelerating,above_sma20,mom_accelerating,DOV,confirmation,-0.144,2.39,-27.14,0.404,77.31,False,31.4
above_sma20 + mom_accelerating,above_sma20,mom_accelerating,OKE,discovery,-0.28,-13.53,-38.75,0.808,253.62,False,36.7
above_sma20 + mom_accelerating,above_sma20,mom_accelerating,DOW,confirmation,-0.003,11.21,-26.25,-0.185,-26.56,True,27.7
above_sma20 + mom_accelerating,above_sma20,mom_accelerating,LYB,discovery,-0.439,-30.05,-48.83,0.084,3.0,False,30.7
above_sma20 + mom_accelerating,above_sma20,mom_accelerating,MOS,confirmation,-0.63,-53.74,-65.57,0.18,10.56,False,30.2
above_sma20 + mom_accelerating,above_sma20,mom_accelerating,NEM,discovery,0.004,4.99,-32.22,0.519,141.69,False,33.0
above_sma20 + mom_accelerating,above_sma20,mom_accelerating,O,confirmation,-0.413,-7.97,-19.53,0.238,39.48,False,31.2
above_sma20 + mom_accelerating,above_sma20,mom_accelerating,VTR,discovery,-0.099,4.73,-28.82,0.555,121.72,False,33.4
above_sma20 + mom_accelerating,above_sma20,mom_accelerating,KIM,confirmation,-0.833,-41.53,-46.06,0.49,104.27,False,31.5
above_sma20 + mom_accelerating,above_sma20,mom_accelerating,BXP,discovery,-0.559,-36.7,-49.55,-0.003,-11.71,False,30.3
above_sma20 + mom_accelerating,above_sma20,mom_accelerating,HST,confirmation,-0.163,-3.67,-36.08,0.449,100.27,False,32.9
above_sma20 + mom_accelerating,above_sma20,mom_accelerating,F,discovery,0.446,81.84,-24.43,0.455,112.89,False,30.9
above_sma20 + mom_accelerating,above_sma20,mom_accelerating,LEG,confirmation,-0.32,-42.42,-64.46,-0.418,-72.68,True,23.8
above_sma20 + mom_accelerating,above_sma20,mom_accelerating,INTC,discovery,0.568,155.22,-45.17,0.495,140.96,True,31.3
above_sma50 + mom20_positive,above_sma50,mom20_positive,SO,discovery,-0.062,9.35,-17.59,0.515,86.48,False,50.0
above_sma50 + mom20_positive,above_sma50,mom20_positive,DUK,confirmation,-0.21,0.4,-20.63,0.384,61.14,False,49.6
above_sma50 + mom20_positive,above_sma50,mom20_positive,AEP,discovery,0.425,56.42,-14.57,0.468,81.2,False,48.2
above_sma50 + mom20_positive,above_sma50,mom20_positive,ED,confirmation,0.202,31.95,-15.92,0.417,68.61,False,48.3
above_sma50 + mom20_positive,above_sma50,mom20_positive,XEL,discovery,-0.25,-5.06,-27.63,0.231,38.97,False,45.1
above_sma50 + mom20_positive,above_sma50,mom20_positive,KHC,confirmation,-0.264,-8.62,-32.4,-0.109,-9.46,False,39.8
above_sma50 + mom20_positive,above_sma50,mom20_positive,GIS,discovery,-0.224,-5.8,-26.85,-0.212,-19.57,False,39.9
above_sma50 + mom20_positive,above_sma50,mom20_positive,CAG,confirmation,-0.258,-8.59,-21.57,-0.415,-41.87,True,36.8
above_sma50 + mom20_positive,above_sma50,mom20_positive,CPB,discovery,-0.648,-38.12,-43.34,-0.391,-41.88,False,37.5
above_sma50 + mom20_positive,above_sma50,mom20_positive,SJM,confirmation,-0.175,-7.35,-34.96,0.153,24.69,False,45.6
above_sma50 + mom20_positive,above_sma50,mom20_positive,T,discovery,0.287,45.76,-23.72,0.348,63.12,False,50.3
above_sma50 + mom20_positive,above_sma50,mom20_positive,VZ,confirmation,-0.769,-37.05,-44.75,0.062,13.18,False,39.5
above_sma50 + mom20_positive,above_sma50,mom20_positive,PARA,discovery,-1.635,-73.39,-76.62,-1.495,-100.0,False,6.2
above_sma50 + mom20_positive,above_sma50,mom20_positive,BMY,confirmation,0.28,43.24,-26.24,0.159,26.34,True,43.0
above_sma50 + mom20_positive,above_sma50,mom20_positive,PFE,discovery,-0.203,-8.48,-51.28,-0.014,-1.62,False,38.9
above_sma50 + mom20_positive,above_sma50,mom20_positive,CVS,confirmation,0.063,15.08,-35.39,0.362,71.02,False,46.6
above_sma50 + mom20_positive,above_sma50,mom20_positive,VTRS,discovery,0.195,32.17,-39.18,0.176,20.88,True,46.4
above_sma50 + mom20_positive,above_sma50,mom20_positive,MMM,confirmation,-0.147,-7.91,-39.66,0.28,49.88,False,47.7
above_sma50 + mom20_positive,above_sma50,mom20_positive,EMR,discovery,-0.23,-10.93,-32.19,0.562,130.7,False,51.0
above_sma50 + mom20_positive,above_sma50,mom20_positive,DOV,confirmation,0.242,38.25,-15.98,0.404,77.31,False,50.7
above_sma50 + mom20_positive,above_sma50,mom20_positive,OKE,discovery,0.111,20.91,-30.39,0.808,253.62,False,56.8
above_sma50 + mom20_positive,above_sma50,mom20_positive,DOW,confirmation,-0.482,-26.93,-56.14,-0.185,-26.56,False,36.7
above_sma50 + mom20_positive,above_sma50,mom20_positive,LYB,discovery,-0.501,-45.85,-66.08,0.084,3.0,False,42.8
above_sma50 + mom20_positive,above_sma50,mom20_positive,MOS,confirmation,-0.277,-36.45,-73.9,0.18,10.56,False,41.4
above_sma50 + mom20_positive,above_sma50,mom20_positive,NEM,discovery,0.145,21.04,-49.9,0.519,141.69,False,49.3
above_sma50 + mom20_positive,above_sma50,mom20_positive,O,confirmation,-0.28,-6.36,-23.03,0.238,39.48,False,48.2
above_sma50 + mom20_positive,above_sma50,mom20_positive,VTR,discovery,0.341,53.13,-21.6,0.555,121.72,False,50.8
above_sma50 + mom20_positive,above_sma50,mom20_positive,KIM,confirmation,0.221,36.64,-31.58,0.49,104.27,False,52.5
above_sma50 + mom20_positive,above_sma50,mom20_positive,BXP,discovery,0.239,39.97,-25.15,-0.003,-11.71,True,40.0
above_sma50 + mom20_positive,above_sma50,mom20_positive,HST,confirmation,-0.607,-47.29,-65.56,0.449,100.27,False,51.3
above_sma50 + mom20_positive,above_sma50,mom20_positive,F,discovery,0.184,28.42,-50.07,0.455,112.89,False,45.9
above_sma50 + mom20_positive,above_sma50,mom20_positive,LEG,confirmation,-0.85,-62.2,-65.18,-0.418,-72.68,False,32.0
above_sma50 + mom20_positive,above_sma50,mom20_positive,INTC,discovery,-0.028,-24.31,-74.69,0.495,140.96,False,42.0
above_sma50 + mom5_positive,above_sma50,mom5_positive,SO,discovery,-0.145,4.64,-14.35,0.515,86.48,False,42.5
above_sma50 + mom5_positive,above_sma50,mom5_positive,DUK,confirmation,-0.184,3.74,-14.23,0.384,61.14,False,40.7
above_sma50 + mom5_positive,above_sma50,mom5_positive,AEP,discovery,0.179,29.42,-19.11,0.468,81.2,False,38.5
above_sma50 + mom5_positive,above_sma50,mom5_positive,ED,confirmation,0.182,29.62,-13.99,0.417,68.61,False,38.2
above_sma50 + mom5_positive,above_sma50,mom5_positive,XEL,discovery,-0.332,-8.43,-23.78,0.231,38.97,False,36.8
above_sma50 + mom5_positive,above_sma50,mom5_positive,KHC,confirmation,-0.235,-2.64,-34.76,-0.109,-9.46,False,31.4
above_sma50 + mom5_positive,above_sma50,mom5_positive,GIS,discovery,-0.811,-39.02,-44.32,-0.212,-19.57,False,32.5
above_sma50 + mom5_positive,above_sma50,mom5_positive,CAG,confirmation,-0.772,-35.41,-37.06,-0.415,-41.87,False,29.5
above_sma50 + mom5_positive,above_sma50,mom5_positive,CPB,discovery,-1.167,-57.73,-58.93,-0.391,-41.88,False,30.6
above_sma50 + mom5_positive,above_sma50,mom5_positive,SJM,confirmation,-0.722,-42.74,-48.03,0.153,24.69,False,35.0
above_sma50 + mom5_positive,above_sma50,mom5_positive,T,discovery,0.13,25.31,-21.69,0.348,63.12,False,39.0
above_sma50 + mom5_positive,above_sma50,mom5_positive,VZ,confirmation,-0.827,-37.96,-47.4,0.062,13.18,False,32.7
above_sma50 + mom5_positive,above_sma50,mom5_positive,PARA,discovery,-1.279,-62.0,-66.61,-1.495,-100.0,True,4.8
above_sma50 + mom5_positive,above_sma50,mom5_positive,BMY,confirmation,-0.146,0.98,-32.09,0.159,26.34,False,34.3
above_sma50 + mom5_positive,above_sma50,mom5_positive,PFE,discovery,-0.211,-7.5,-49.27,-0.014,-1.62,False,32.9
above_sma50 + mom5_positive,above_sma50,mom5_positive,CVS,confirmation,0.072,17.98,-37.16,0.362,71.02,False,37.8
above_sma50 + mom5_positive,above_sma50,mom5_positive,VTRS,discovery,0.539,83.69,-30.69,0.176,20.88,True,34.9
above_sma50 + mom5_positive,above_sma50,mom5_positive,MMM,confirmation,-0.409,-19.65,-37.04,0.28,49.88,False,36.5
above_sma50 + mom5_positive,above_sma50,mom5_positive,EMR,discovery,-0.258,-9.31,-32.79,0.562,130.7,False,40.3
above_sma50 + mom5_positive,above_sma50,mom5_positive,DOV,confirmation,-0.089,5.83,-23.92,0.404,77.31,False,40.7
above_sma50 + mom5_positive,above_sma50,mom5_positive,OKE,discovery,-0.121,-3.59,-36.84,0.808,253.62,False,45.0
above_sma50 + mom5_positive,above_sma50,mom5_positive,DOW,confirmation,-0.252,-9.22,-49.74,-0.185,-26.56,False,29.7
above_sma50 + mom5_positive,above_sma50,mom5_positive,LYB,discovery,-0.278,-21.66,-55.44,0.084,3.0,False,35.4
above_sma50 + mom5_positive,above_sma50,mom5_positive,MOS,confirmation,-0.482,-46.27,-68.74,0.18,10.56,False,34.3
above_sma50 + mom5_positive,above_sma50,mom5_positive,NEM,discovery,-0.161,-17.92,-34.29,0.519,141.69,False,38.0
above_sma50 + mom5_positive,above_sma50,mom5_positive,O,confirmation,-0.379,-9.95,-23.53,0.238,39.48,False,40.9
above_sma50 + mom5_positive,above_sma50,mom5_positive,VTR,discovery,0.009,13.06,-18.44,0.555,121.72,False,41.4
above_sma50 + mom5_positive,above_sma50,mom5_positive,KIM,confirmation,-0.306,-14.43,-31.61,0.49,104.27,False,41.0
above_sma50 + mom5_positive,above_sma50,mom5_positive,BXP,discovery,0.056,15.86,-29.79,-0.003,-11.71,True,33.3
above_sma50 + mom5_positive,above_sma50,mom5_positive,HST,confirmation,-0.458,-30.63,-56.02,0.449,100.27,False,40.1
above_sma50 + mom5_positive,above_sma50,mom5_positive,F,discovery,0.518,108.39,-29.95,0.455,112.89,True,36.2
above_sma50 + mom5_positive,above_sma50,mom5_positive,LEG,confirmation,-0.791,-54.8,-64.1,-0.418,-72.68,False,26.2
above_sma50 + mom5_positive,above_sma50,mom5_positive,INTC,discovery,0.248,38.98,-57.3,0.495,140.96,False,33.1
above_sma50 + rsi_bullish,above_sma50,rsi_bullish,SO,discovery,-0.065,9.17,-15.33,0.515,86.48,False,48.1
above_sma50 + rsi_bullish,above_sma50,rsi_bullish,DUK,confirmation,0.008,15.91,-11.58,0.384,61.14,False,47.9
above_sma50 + rsi_bullish,above_sma50,rsi_bullish,AEP,discovery,0.377,49.1,-20.61,0.468,81.2,False,43.8
above_sma50 + rsi_bullish,above_sma50,rsi_bullish,ED,confirmation,0.061,19.6,-18.09,0.417,68.61,False,45.6
above_sma50 + rsi_bullish,above_sma50,rsi_bullish,XEL,discovery,-0.386,-14.07,-29.22,0.231,38.97,False,42.6
above_sma50 + rsi_bullish,above_sma50,rsi_bullish,KHC,confirmation,-0.364,-15.89,-40.6,-0.109,-9.46,False,37.6
above_sma50 + rsi_bullish,above_sma50,rsi_bullish,GIS,discovery,-0.587,-29.09,-39.46,-0.212,-19.57,False,36.1
above_sma50 + rsi_bullish,above_sma50,rsi_bullish,CAG,confirmation,-0.432,-18.52,-28.2,-0.415,-41.87,False,34.3
above_sma50 + rsi_bullish,above_sma50,rsi_bullish,CPB,discovery,-0.874,-50.83,-53.92,-0.391,-41.88,False,36.1
above_sma50 + rsi_bullish,above_sma50,rsi_bullish,SJM,confirmation,-0.414,-24.82,-31.88,0.153,24.69,False,42.8
above_sma50 + rsi_bullish,above_sma50,rsi_bullish,T,discovery,0.016,11.97,-24.63,0.348,63.12,False,47.5
above_sma50 + rsi_bullish,above_sma50,rsi_bullish,VZ,confirmation,-0.782,-34.9,-43.97,0.062,13.18,False,36.6
above_sma50 + rsi_bullish,above_sma50,rsi_bullish,PARA,discovery,-1.337,-66.64,-71.38,-1.495,-100.0,True,6.0
above_sma50 + rsi_bullish,above_sma50,rsi_bullish,BMY,confirmation,0.086,20.57,-22.87,0.159,26.34,False,40.4
above_sma50 + rsi_bullish,above_sma50,rsi_bullish,PFE,discovery,-0.182,-6.08,-51.5,-0.014,-1.62,False,37.1
above_sma50 + rsi_bullish,above_sma50,rsi_bullish,CVS,confirmation,-0.009,6.38,-36.71,0.362,71.02,False,44.0
above_sma50 + rsi_bullish,above_sma50,rsi_bullish,VTRS,discovery,0.233,39.16,-31.65,0.176,20.88,True,43.5
above_sma50 + rsi_bullish,above_sma50,rsi_bullish,MMM,confirmation,0.002,10.16,-29.59,0.28,49.88,False,43.7
above_sma50 + rsi_bullish,above_sma50,rsi_bullish,EMR,discovery,-0.055,4.42,-29.04,0.562,130.7,False,48.0
above_sma50 + rsi_bullish,above_sma50,rsi_bullish,DOV,confirmation,0.066,18.48,-22.09,0.404,77.31,False,47.6
above_sma50 + rsi_bullish,above_sma50,rsi_bullish,OKE,discovery,-0.045,1.41,-32.1,0.808,253.62,False,52.1
above_sma50 + rsi_bullish,above_sma50,rsi_bullish,DOW,confirmation,-0.567,-29.42,-52.5,-0.185,-26.56,False,34.7
above_sma50 + rsi_bullish,above_sma50,rsi_bullish,LYB,discovery,-0.426,-36.78,-61.55,0.084,3.0,False,40.5
above_sma50 + rsi_bullish,above_sma50,rsi_bullish,MOS,confirmation,-0.318,-39.64,-74.99,0.18,10.56,False,39.6
above_sma50 + rsi_bullish,above_sma50,rsi_bullish,NEM,discovery,0.331,61.08,-34.78,0.519,141.69,False,47.2
above_sma50 + rsi_bullish,above_sma50,rsi_bullish,O,confirmation,-0.084,7.81,-22.55,0.238,39.48,False,46.9
above_sma50 + rsi_bullish,above_sma50,rsi_bullish,VTR,discovery,0.247,39.71,-29.79,0.555,121.72,False,48.2
above_sma50 + rsi_bullish,above_sma50,rsi_bullish,KIM,confirmation,-0.067,2.63,-34.42,0.49,104.27,False,48.4
above_sma50 + rsi_bullish,above_sma50,rsi_bullish,BXP,discovery,0.373,61.91,-25.02,-0.003,-11.71,True,38.8
above_sma50 + rsi_bullish,above_sma50,rsi_bullish,HST,confirmation,-0.507,-38.97,-62.45,0.449,100.27,False,47.9
above_sma50 + rsi_bullish,above_sma50,rsi_bullish,F,discovery,0.19,30.4,-50.1,0.455,112.89,False,41.8
above_sma50 + rsi_bullish,above_sma50,rsi_bullish,LEG,confirmation,-0.65,-49.82,-59.91,-0.418,-72.68,False,29.2
above_sma50 + rsi_bullish,above_sma50,rsi_bullish,INTC,discovery,0.03,-12.42,-71.83,0.495,140.96,False,39.9
above_sma50 + rsi_not_hot,above_sma50,rsi_not_hot,SO,discovery,-0.42,-14.63,-25.69,0.515,86.48,False,46.5
above_sma50 + rsi_not_hot,above_sma50,rsi_not_hot,DUK,confirmation,-0.599,-22.46,-29.53,0.384,61.14,False,46.2
above_sma50 + rsi_not_hot,above_sma50,rsi_not_hot,AEP,discovery,0.005,15.04,-15.11,0.468,81.2,False,41.3
above_sma50 + rsi_not_hot,above_sma50,rsi_not_hot,ED,confirmation,0.348,44.64,-17.92,0.417,68.61,False,42.5
above_sma50 + rsi_not_hot,above_sma50,rsi_not_hot,XEL,discovery,-0.289,-6.85,-18.24,0.231,38.97,False,42.9
above_sma50 + rsi_not_hot,above_sma50,rsi_not_hot,KHC,confirmation,-0.046,8.83,-27.41,-0.109,-9.46,True,34.7
above_sma50 + rsi_not_hot,above_sma50,rsi_not_hot,GIS,discovery,-0.297,-8.42,-25.94,-0.212,-19.57,False,35.2
above_sma50 + rsi_not_hot,above_sma50,rsi_not_hot,CAG,confirmation,-0.504,-23.9,-37.45,-0.415,-41.87,False,33.4
above_sma50 + rsi_not_hot,above_sma50,rsi_not_hot,CPB,discovery,-0.2,-7.01,-30.01,-0.391,-41.88,True,37.7
above_sma50 + rsi_not_hot,above_sma50,rsi_not_hot,SJM,confirmation,0.283,44.19,-18.24,0.153,24.69,True,41.9
above_sma50 + rsi_not_hot,above_sma50,rsi_not_hot,T,discovery,0.582,87.6,-23.98,0.348,63.12,True,42.4
above_sma50 + rsi_not_hot,above_sma50,rsi_not_hot,VZ,confirmation,-0.656,-26.73,-33.53,0.062,13.18,False,35.2
above_sma50 + rsi_not_hot,above_sma50,rsi_not_hot,PARA,discovery,-1.794,-76.03,-79.43,-1.495,-100.0,False,6.2
above_sma50 + rsi_not_hot,above_sma50,rsi_not_hot,BMY,confirmation,0.378,53.06,-25.48,0.159,26.34,True,38.1
above_sma50 + rsi_not_hot,above_sma50,rsi_not_hot,PFE,discovery,-0.708,-36.54,-49.4,-0.014,-1.62,False,35.9
above_sma50 + rsi_not_hot,above_sma50,rsi_not_hot,CVS,confirmation,-0.062,1.81,-36.57,0.362,71.02,False,38.6
above_sma50 + rsi_not_hot,above_sma50,rsi_not_hot,VTRS,discovery,0.102,18.76,-39.76,0.176,20.88,False,38.6
above_sma50 + rsi_not_hot,above_sma50,rsi_not_hot,MMM,confirmation,-0.157,-6.64,-47.39,0.28,49.88,False,42.0
above_sma50 + rsi_not_hot,above_sma50,rsi_not_hot,EMR,discovery,-0.037,6.85,-29.1,0.562,130.7,False,39.8
above_sma50 + rsi_not_hot,above_sma50,rsi_not_hot,DOV,confirmation,0.055,17.62,-20.27,0.404,77.31,False,42.7
above_sma50 + rsi_not_hot,above_sma50,rsi_not_hot,OKE,discovery,0.322,53.47,-39.27,0.808,253.62,False,48.9
above_sma50 + rsi_not_hot,above_sma50,rsi_not_hot,DOW,confirmation,-0.324,-14.81,-47.99,-0.185,-26.56,False,33.8
above_sma50 + rsi_not_hot,above_sma50,rsi_not_hot,LYB,discovery,-0.165,-13.53,-55.53,0.084,3.0,False,41.6
above_sma50 + rsi_not_hot,above_sma50,rsi_not_hot,MOS,confirmation,-0.436,-46.41,-79.35,0.18,10.56,False,35.7
above_sma50 + rsi_not_hot,above_sma50,rsi_not_hot,NEM,discovery,0.568,120.87,-36.38,0.519,141.69,True,38.8
above_sma50 + rsi_not_hot,above_sma50,rsi_not_hot,O,confirmation,-0.416,-14.4,-19.48,0.238,39.48,False,43.2
above_sma50 + rsi_not_hot,above_sma50,rsi_not_hot,VTR,discovery,0.145,26.84,-20.17,0.555,121.72,False,42.1
above_sma50 + rsi_not_hot,above_sma50,rsi_not_hot,KIM,confirmation,0.096,20.73,-43.9,0.49,104.27,False,50.0
above_sma50 + rsi_not_hot,above_sma50,rsi_not_hot,BXP,discovery,0.037,13.17,-28.94,-0.003,-11.71,True,36.3
above_sma50 + rsi_not_hot,above_sma50,rsi_not_hot,HST,confirmation,-0.204,-15.03,-51.57,0.449,100.27,False,48.2
above_sma50 + rsi_not_hot,above_sma50,rsi_not_hot,F,discovery,0.003,-0.47,-55.83,0.455,112.89,False,40.9
above_sma50 + rsi_not_hot,above_sma50,rsi_not_hot,LEG,confirmation,-0.999,-66.79,-71.41,-0.418,-72.68,False,29.8
above_sma50 + rsi_not_hot,above_sma50,rsi_not_hot,INTC,discovery,-0.169,-34.4,-67.58,0.495,140.96,False,37.0
above_sma50 + rsi_oversold,above_sma50,rsi_oversold,PFE,discovery,-2.329,-5.52,-5.94,-0.014,-1.62,False,0.8
above_sma50 + rsi_oversold,above_sma50,rsi_oversold,CVS,confirmation,-0.905,4.42,-5.31,0.362,71.02,False,1.3
above_sma50 + rsi_oversold,above_sma50,rsi_oversold,VTRS,discovery,-1.809,-10.45,-12.86,0.176,20.88,False,0.8
above_sma50 + rsi_oversold,above_sma50,rsi_oversold,EMR,discovery,-0.598,8.57,-1.55,0.562,130.7,False,0.7
above_sma50 + rsi_oversold,above_sma50,rsi_oversold,DOV,confirmation,-1.6,-3.83,-8.59,0.404,77.31,False,0.9
above_sma50 + rsi_oversold,above_sma50,rsi_oversold,KIM,confirmation,-1.436,2.01,-4.87,0.49,104.27,False,0.9
above_sma50 + rsi_oversold,above_sma50,rsi_oversold,F,discovery,-1.211,-4.27,-10.2,0.455,112.89,False,1.3
above_sma50 + bb_lower_half,above_sma50,bb_lower_half,SO,discovery,-0.793,-10.23,-16.12,0.515,86.48,False,11.1
above_sma50 + bb_lower_half,above_sma50,bb_lower_half,DUK,confirmation,-1.078,-17.17,-21.34,0.384,61.14,False,11.6
above_sma50 + bb_lower_half,above_sma50,bb_lower_half,AEP,discovery,-0.331,3.14,-12.07,0.468,81.2,False,12.1
above_sma50 + bb_lower_half,above_sma50,bb_lower_half,ED,confirmation,-0.456,2.2,-12.56,0.417,68.61,False,9.0
above_sma50 + bb_lower_half,above_sma50,bb_lower_half,XEL,discovery,-0.16,11.61,-8.22,0.231,38.97,False,11.8
above_sma50 + bb_lower_half,above_sma50,bb_lower_half,KHC,confirmation,-0.768,-12.93,-18.21,-0.109,-9.46,False,8.4
above_sma50 + bb_lower_half,above_sma50,bb_lower_half,GIS,discovery,0.092,21.81,-6.87,-0.212,-19.57,True,7.5
above_sma50 + bb_lower_half,above_sma50,bb_lower_half,CAG,confirmation,-0.746,-14.92,-23.23,-0.415,-41.87,False,6.7
above_sma50 + bb_lower_half,above_sma50,bb_lower_half,CPB,discovery,0.004,18.16,-14.65,-0.391,-41.88,True,7.7
above_sma50 + bb_lower_half,above_sma50,bb_lower_half,SJM,confirmation,0.108,23.04,-8.19,0.153,24.69,False,8.1
above_sma50 + bb_lower_half,above_sma50,bb_lower_half,T,discovery,0.054,20.29,-16.06,0.348,63.12,False,9.9
above_sma50 + bb_lower_half,above_sma50,bb_lower_half,VZ,confirmation,-0.673,-6.87,-16.22,0.062,13.18,False,9.2
above_sma50 + bb_lower_half,above_sma50,bb_lower_half,BMY,confirmation,-0.156,10.86,-13.84,0.159,26.34,False,9.0
above_sma50 + bb_lower_half,above_sma50,bb_lower_half,PFE,discovery,-1.142,-27.62,-31.15,-0.014,-1.62,False,10.6
above_sma50 + bb_lower_half,above_sma50,bb_lower_half,CVS,confirmation,-0.412,-4.39,-15.01,0.362,71.02,False,10.4
above_sma50 + bb_lower_half,above_sma50,bb_lower_half,VTRS,discovery,-0.422,-19.97,-30.28,0.176,20.88,False,9.6
above_sma50 + bb_lower_half,above_sma50,bb_lower_half,MMM,confirmation,-0.4,-6.19,-28.28,0.28,49.88,False,9.7
above_sma50 + bb_lower_half,above_sma50,bb_lower_half,EMR,discovery,-0.23,2.49,-19.08,0.562,130.7,False,9.5
above_sma50 + bb_lower_half,above_sma50,bb_lower_half,DOV,confirmation,-0.606,-10.63,-22.07,0.404,77.31,False,11.4
above_sma50 + bb_lower_half,above_sma50,bb_lower_half,OKE,discovery,0.323,40.16,-13.95,0.808,253.62,False,11.9
above_sma50 + bb_lower_half,above_sma50,bb_lower_half,DOW,confirmation,-0.027,14.27,-15.96,-0.185,-26.56,True,8.9
above_sma50 + bb_lower_half,above_sma50,bb_lower_half,LYB,discovery,-0.201,2.36,-17.81,0.084,3.0,False,10.3
above_sma50 + bb_lower_half,above_sma50,bb_lower_half,MOS,confirmation,0.021,16.44,-28.1,0.18,10.56,False,9.8
above_sma50 + bb_lower_half,above_sma50,bb_lower_half,NEM,discovery,0.324,44.1,-13.88,0.519,141.69,False,8.6
above_sma50 + bb_lower_half,above_sma50,bb_lower_half,O,confirmation,-0.9,-13.64,-18.0,0.238,39.48,False,10.5
above_sma50 + bb_lower_half,above_sma50,bb_lower_half,VTR,discovery,0.061,20.47,-13.45,0.555,121.72,False,12.7
above_sma50 + bb_lower_half,above_sma50,bb_lower_half,KIM,confirmation,-0.105,11.08,-22.99,0.49,104.27,False,13.4
above_sma50 + bb_lower_half,above_sma50,bb_lower_half,BXP,discovery,-0.372,-6.02,-18.49,-0.003,-11.71,False,8.9
above_sma50 + bb_lower_half,above_sma50,bb_lower_half,HST,confirmation,-0.158,4.45,-23.98,0.449,100.27,False,12.7
above_sma50 + bb_lower_half,above_sma50,bb_lower_half,F,discovery,-0.172,-1.05,-36.0,0.455,112.89,False,14.3
above_sma50 + bb_lower_half,above_sma50,bb_lower_half,LEG,confirmation,-0.79,-33.28,-34.61,-0.418,-72.68,False,9.7
above_sma50 + bb_lower_half,above_sma50,bb_lower_half,INTC,discovery,-0.592,-34.69,-43.96,0.495,140.96,False,9.1
above_sma50 + bb_upper_half,above_sma50,bb_upper_half,SO,discovery,0.01,15.08,-15.03,0.515,86.48,False,49.4
above_sma50 + bb_upper_half,above_sma50,bb_upper_half,DUK,confirmation,-0.26,-2.51,-15.61,0.384,61.14,False,47.7
above_sma50 + bb_upper_half,above_sma50,bb_upper_half,AEP,discovery,0.167,28.77,-19.7,0.468,81.2,False,44.8
above_sma50 + bb_upper_half,above_sma50,bb_upper_half,ED,confirmation,0.075,20.66,-19.1,0.417,68.61,False,46.9
above_sma50 + bb_upper_half,above_sma50,bb_upper_half,XEL,discovery,-0.433,-16.82,-29.74,0.231,38.97,False,43.6
above_sma50 + bb_upper_half,above_sma50,bb_upper_half,KHC,confirmation,-0.178,-1.48,-33.86,-0.109,-9.46,False,37.4
above_sma50 + bb_upper_half,above_sma50,bb_upper_half,GIS,discovery,-0.577,-29.12,-36.69,-0.212,-19.57,False,38.2
above_sma50 + bb_upper_half,above_sma50,bb_upper_half,CAG,confirmation,-0.498,-23.78,-34.73,-0.415,-41.87,False,35.3
above_sma50 + bb_upper_half,above_sma50,bb_upper_half,CPB,discovery,-0.792,-46.34,-50.79,-0.391,-41.88,False,36.8
above_sma50 + bb_upper_half,above_sma50,bb_upper_half,SJM,confirmation,-0.447,-27.84,-39.65,0.153,24.69,False,43.9
above_sma50 + bb_upper_half,above_sma50,bb_upper_half,T,discovery,0.187,31.79,-18.99,0.348,63.12,False,47.6
above_sma50 + bb_upper_half,above_sma50,bb_upper_half,VZ,confirmation,-0.704,-33.22,-44.57,0.062,13.18,False,38.6
above_sma50 + bb_upper_half,above_sma50,bb_upper_half,PARA,discovery,-1.537,-72.55,-76.45,-1.495,-100.0,False,6.6
above_sma50 + bb_upper_half,above_sma50,bb_upper_half,BMY,confirmation,0.07,18.78,-20.4,0.159,26.34,False,41.4
above_sma50 + bb_upper_half,above_sma50,bb_upper_half,PFE,discovery,-0.115,-0.12,-47.04,-0.014,-1.62,False,37.0
above_sma50 + bb_upper_half,above_sma50,bb_upper_half,CVS,confirmation,0.063,14.76,-40.15,0.362,71.02,False,45.6
above_sma50 + bb_upper_half,above_sma50,bb_upper_half,VTRS,discovery,0.376,64.5,-27.86,0.176,20.88,True,44.1
above_sma50 + bb_upper_half,above_sma50,bb_upper_half,MMM,confirmation,-0.015,8.04,-32.18,0.28,49.88,False,45.6
above_sma50 + bb_upper_half,above_sma50,bb_upper_half,EMR,discovery,-0.057,5.31,-27.41,0.562,130.7,False,48.2
above_sma50 + bb_upper_half,above_sma50,bb_upper_half,DOV,confirmation,0.091,21.18,-21.48,0.404,77.31,False,48.1
above_sma50 + bb_upper_half,above_sma50,bb_upper_half,OKE,discovery,-0.087,-2.95,-37.04,0.808,253.62,False,53.1
above_sma50 + bb_upper_half,above_sma50,bb_upper_half,DOW,confirmation,-0.511,-26.27,-50.02,-0.185,-26.56,False,35.6
above_sma50 + bb_upper_half,above_sma50,bb_upper_half,LYB,discovery,-0.365,-32.29,-60.56,0.084,3.0,False,41.6
above_sma50 + bb_upper_half,above_sma50,bb_upper_half,MOS,confirmation,-0.371,-44.51,-72.33,0.18,10.56,False,39.3
above_sma50 + bb_upper_half,above_sma50,bb_upper_half,NEM,discovery,0.133,19.94,-39.01,0.519,141.69,False,47.5
above_sma50 + bb_upper_half,above_sma50,bb_upper_half,O,confirmation,-0.184,0.41,-19.92,0.238,39.48,False,47.7
above_sma50 + bb_upper_half,above_sma50,bb_upper_half,VTR,discovery,0.232,37.38,-24.43,0.555,121.72,False,48.2
above_sma50 + bb_upper_half,above_sma50,bb_upper_half,KIM,confirmation,-0.004,9.06,-33.1,0.49,104.27,False,49.0
above_sma50 + bb_upper_half,above_sma50,bb_upper_half,BXP,discovery,0.079,17.51,-22.9,-0.003,-11.71,True,39.6
above_sma50 + bb_upper_half,above_sma50,bb_upper_half,HST,confirmation,-0.508,-39.0,-58.4,0.449,100.27,False,49.2
above_sma50 + bb_upper_half,above_sma50,bb_upper_half,F,discovery,0.188,29.48,-45.03,0.455,112.89,False,42.3
above_sma50 + bb_upper_half,above_sma50,bb_upper_half,LEG,confirmation,-0.841,-60.36,-67.84,-0.418,-72.68,False,29.5
above_sma50 + bb_upper_half,above_sma50,bb_upper_half,INTC,discovery,0.291,50.54,-66.56,0.495,140.96,False,40.6
above_sma50 + adx_trending,above_sma50,adx_trending,SO,discovery,0.18,28.99,-12.81,0.515,86.48,False,35.7
above_sma50 + adx_trending,above_sma50,adx_trending,DUK,confirmation,0.009,16.96,-15.02,0.384,61.14,False,38.0
above_sma50 + adx_trending,above_sma50,adx_trending,AEP,discovery,0.647,73.84,-8.17,0.468,81.2,True,36.0
above_sma50 + adx_trending,above_sma50,adx_trending,ED,confirmation,0.317,41.12,-16.76,0.417,68.61,False,37.7
above_sma50 + adx_trending,above_sma50,adx_trending,XEL,discovery,-0.375,-5.21,-23.09,0.231,38.97,False,31.5
above_sma50 + adx_trending,above_sma50,adx_trending,KHC,confirmation,0.022,16.82,-20.65,-0.109,-9.46,True,29.3
above_sma50 + adx_trending,above_sma50,adx_trending,GIS,discovery,-0.182,4.11,-20.94,-0.212,-19.57,True,25.6
above_sma50 + adx_trending,above_sma50,adx_trending,CAG,confirmation,-0.23,-0.13,-13.18,-0.415,-41.87,True,24.7
above_sma50 + adx_trending,above_sma50,adx_trending,CPB,discovery,-0.261,-4.78,-19.97,-0.391,-41.88,True,23.3
above_sma50 + adx_trending,above_sma50,adx_trending,SJM,confirmation,-0.089,6.11,-32.6,0.153,24.69,False,33.3
above_sma50 + adx_trending,above_sma50,adx_trending,T,discovery,0.032,14.53,-28.43,0.348,63.12,False,40.1
above_sma50 + adx_trending,above_sma50,adx_trending,VZ,confirmation,-0.479,-18.06,-34.74,0.062,13.18,False,32.2
above_sma50 + adx_trending,above_sma50,adx_trending,PARA,discovery,-1.529,-70.41,-74.61,-1.495,-100.0,False,6.0
above_sma50 + adx_trending,above_sma50,adx_trending,BMY,confirmation,0.144,26.94,-20.89,0.159,26.34,False,31.8
above_sma50 + adx_trending,above_sma50,adx_trending,PFE,discovery,-0.138,-1.02,-43.99,-0.014,-1.62,False,35.3
above_sma50 + adx_trending,above_sma50,adx_trending,CVS,confirmation,0.179,31.08,-38.94,0.362,71.02,False,37.9
above_sma50 + adx_trending,above_sma50,adx_trending,VTRS,discovery,0.167,28.97,-35.46,0.176,20.88,False,37.8
above_sma50 + adx_trending,above_sma50,adx_trending,MMM,confirmation,0.083,20.61,-34.84,0.28,49.88,False,34.2
above_sma50 + adx_trending,above_sma50,adx_trending,EMR,discovery,0.06,17.89,-28.26,0.562,130.7,False,38.1
above_sma50 + adx_trending,above_sma50,adx_trending,DOV,confirmation,-0.057,8.63,-21.39,0.404,77.31,False,40.0
above_sma50 + adx_trending,above_sma50,adx_trending,OKE,discovery,0.086,19.81,-27.73,0.808,253.62,False,35.0
above_sma50 + adx_trending,above_sma50,adx_trending,DOW,confirmation,-0.474,-17.84,-33.48,-0.185,-26.56,False,29.1
above_sma50 + adx_trending,above_sma50,adx_trending,LYB,discovery,-0.393,-28.72,-54.25,0.084,3.0,False,25.8
above_sma50 + adx_trending,above_sma50,adx_trending,MOS,confirmation,0.053,11.83,-50.61,0.18,10.56,False,27.7
above_sma50 + adx_trending,above_sma50,adx_trending,NEM,discovery,-0.206,-22.24,-47.64,0.519,141.69,False,36.4
above_sma50 + adx_trending,above_sma50,adx_trending,O,confirmation,-0.436,-11.97,-23.27,0.238,39.48,False,36.8
above_sma50 + adx_trending,above_sma50,adx_trending,VTR,discovery,0.062,18.59,-28.85,0.555,121.72,False,40.8
above_sma50 + adx_trending,above_sma50,adx_trending,KIM,confirmation,-0.234,-7.88,-36.52,0.49,104.27,False,37.5
above_sma50 + adx_trending,above_sma50,adx_trending,BXP,discovery,0.009,10.59,-35.52,-0.003,-11.71,True,32.1
above_sma50 + adx_trending,above_sma50,adx_trending,HST,confirmation,-0.401,-27.3,-53.93,0.449,100.27,False,39.3
above_sma50 + adx_trending,above_sma50,adx_trending,F,discovery,0.065,8.63,-55.46,0.455,112.89,False,40.6
above_sma50 + adx_trending,above_sma50,adx_trending,LEG,confirmation,-0.814,-54.01,-56.53,-0.418,-72.68,False,22.4
above_sma50 + adx_trending,above_sma50,adx_trending,INTC,discovery,0.204,30.32,-58.54,0.495,140.96,False,34.6
above_sma50 + adx_quiet,above_sma50,adx_quiet,SO,discovery,-0.998,-21.3,-28.93,0.515,86.48,False,14.1
above_sma50 + adx_quiet,above_sma50,adx_quiet,DUK,confirmation,-1.002,-19.1,-22.14,0.384,61.14,False,13.0
above_sma50 + adx_quiet,above_sma50,adx_quiet,AEP,discovery,-0.722,-12.03,-19.19,0.468,81.2,False,12.5
above_sma50 + adx_quiet,above_sma50,adx_quiet,ED,confirmation,-0.578,-2.61,-11.96,0.417,68.61,False,10.6
above_sma50 + adx_quiet,above_sma50,adx_quiet,XEL,discovery,-0.507,-8.95,-17.04,0.231,38.97,False,16.2
above_sma50 + adx_quiet,above_sma50,adx_quiet,KHC,confirmation,-0.489,-8.1,-22.99,-0.109,-9.46,False,10.9
above_sma50 + adx_quiet,above_sma50,adx_quiet,GIS,discovery,-0.412,-3.66,-20.6,-0.212,-19.57,False,13.4
above_sma50 + adx_quiet,above_sma50,adx_quiet,CAG,confirmation,-0.97,-29.95,-42.66,-0.415,-41.87,False,11.6
above_sma50 + adx_quiet,above_sma50,adx_quiet,CPB,discovery,-0.731,-23.11,-33.3,-0.391,-41.88,False,13.4
above_sma50 + adx_quiet,above_sma50,adx_quiet,SJM,confirmation,-0.608,-12.24,-29.63,0.153,24.69,False,9.6
above_sma50 + adx_quiet,above_sma50,adx_quiet,T,discovery,-0.46,-0.12,-12.1,0.348,63.12,False,9.1
above_sma50 + adx_quiet,above_sma50,adx_quiet,VZ,confirmation,-0.798,-11.56,-23.43,0.062,13.18,False,10.9
above_sma50 + adx_quiet,above_sma50,adx_quiet,BMY,confirmation,-0.005,17.6,-15.57,0.159,26.34,False,11.0
above_sma50 + adx_quiet,above_sma50,adx_quiet,PFE,discovery,-1.149,-15.14,-20.89,-0.014,-1.62,False,7.3
above_sma50 + adx_quiet,above_sma50,adx_quiet,CVS,confirmation,-0.418,-3.74,-18.11,0.362,71.02,False,11.9
above_sma50 + adx_quiet,above_sma50,adx_quiet,VTRS,discovery,0.359,44.88,-22.71,0.176,20.88,True,10.8
above_sma50 + adx_quiet,above_sma50,adx_quiet,MMM,confirmation,-0.27,-4.47,-22.89,0.28,49.88,False,14.0
above_sma50 + adx_quiet,above_sma50,adx_quiet,EMR,discovery,-0.168,6.78,-11.91,0.562,130.7,False,14.1
above_sma50 + adx_quiet,above_sma50,adx_quiet,DOV,confirmation,-0.034,15.86,-19.91,0.404,77.31,False,11.8
above_sma50 + adx_quiet,above_sma50,adx_quiet,OKE,discovery,-0.182,3.04,-20.41,0.808,253.62,False,18.3
above_sma50 + adx_quiet,above_sma50,adx_quiet,DOW,confirmation,-0.47,-9.37,-31.5,-0.185,-26.56,False,9.5
above_sma50 + adx_quiet,above_sma50,adx_quiet,LYB,discovery,-0.406,-10.5,-19.28,0.084,3.0,False,15.8
above_sma50 + adx_quiet,above_sma50,adx_quiet,MOS,confirmation,-0.163,-4.18,-48.52,0.18,10.56,False,14.6
above_sma50 + adx_quiet,above_sma50,adx_quiet,NEM,discovery,0.441,58.69,-21.85,0.519,141.69,False,12.2
above_sma50 + adx_quiet,above_sma50,adx_quiet,O,confirmation,-0.708,-10.35,-14.07,0.238,39.48,False,12.5
above_sma50 + adx_quiet,above_sma50,adx_quiet,VTR,discovery,0.165,27.36,-11.61,0.555,121.72,False,13.6
above_sma50 + adx_quiet,above_sma50,adx_quiet,KIM,confirmation,-0.116,8.82,-25.03,0.49,104.27,False,16.5
above_sma50 + adx_quiet,above_sma50,adx_quiet,BXP,discovery,-0.173,6.39,-18.98,-0.003,-11.71,False,10.1
above_sma50 + adx_quiet,above_sma50,adx_quiet,HST,confirmation,-0.865,-28.85,-46.97,0.449,100.27,False,10.2
above_sma50 + adx_quiet,above_sma50,adx_quiet,F,discovery,0.184,30.75,-26.56,0.455,112.89,False,10.4
above_sma50 + adx_quiet,above_sma50,adx_quiet,LEG,confirmation,-1.041,-39.64,-42.49,-0.418,-72.68,False,8.5
above_sma50 + adx_quiet,above_sma50,adx_quiet,INTC,discovery,-0.245,-17.48,-40.78,0.495,140.96,False,8.4
above_sma50 + low_vol,above_sma50,low_vol,SO,discovery,0.042,18.91,-17.87,0.515,86.48,False,31.5
above_sma50 + low_vol,above_sma50,low_vol,DUK,confirmation,-0.819,-23.81,-27.13,0.384,61.14,False,31.5
above_sma50 + low_vol,above_sma50,low_vol,AEP,discovery,-0.6,-17.83,-21.94,0.468,81.2,False,26.6
above_sma50 + low_vol,above_sma50,low_vol,ED,confirmation,-0.502,-9.88,-22.09,0.417,68.61,False,26.3
above_sma50 + low_vol,above_sma50,low_vol,XEL,discovery,-0.629,-18.93,-27.9,0.231,38.97,False,27.9
above_sma50 + low_vol,above_sma50,low_vol,KHC,confirmation,-0.505,-11.35,-18.78,-0.109,-9.46,False,20.6
above_sma50 + low_vol,above_sma50,low_vol,GIS,discovery,-0.241,3.85,-12.79,-0.212,-19.57,False,23.5
above_sma50 + low_vol,above_sma50,low_vol,CAG,confirmation,-0.61,-16.36,-22.26,-0.415,-41.87,False,16.6
above_sma50 + low_vol,above_sma50,low_vol,CPB,discovery,-0.66,-20.65,-24.25,-0.391,-41.88,False,17.7
above_sma50 + low_vol,above_sma50,low_vol,SJM,confirmation,-0.724,-25.02,-32.99,0.153,24.69,False,25.6
above_sma50 + low_vol,above_sma50,low_vol,T,discovery,-0.181,-0.05,-25.52,0.348,63.12,False,22.6
above_sma50 + low_vol,above_sma50,low_vol,VZ,confirmation,-1.338,-45.66,-46.22,0.062,13.18,False,24.0
above_sma50 + low_vol,above_sma50,low_vol,BMY,confirmation,-0.358,-8.5,-25.43,0.159,26.34,False,25.2
above_sma50 + low_vol,above_sma50,low_vol,PFE,discovery,-0.548,-16.13,-33.8,-0.014,-1.62,False,19.7
above_sma50 + low_vol,above_sma50,low_vol,CVS,confirmation,-0.055,4.94,-28.38,0.362,71.02,False,29.4
above_sma50 + low_vol,above_sma50,low_vol,VTRS,discovery,0.311,46.94,-17.98,0.176,20.88,True,22.9
above_sma50 + low_vol,above_sma50,low_vol,MMM,confirmation,-0.132,-1.8,-37.74,0.28,49.88,False,28.3
above_sma50 + low_vol,above_sma50,low_vol,EMR,discovery,-0.084,7.13,-33.76,0.562,130.7,False,28.2
above_sma50 + low_vol,above_sma50,low_vol,DOV,confirmation,-0.026,12.34,-24.33,0.404,77.31,False,27.4
above_sma50 + low_vol,above_sma50,low_vol,OKE,discovery,-0.476,-26.1,-42.13,0.808,253.62,False,33.8
above_sma50 + low_vol,above_sma50,low_vol,DOW,confirmation,-0.07,9.25,-21.43,-0.185,-26.56,True,19.6
above_sma50 + low_vol,above_sma50,low_vol,LYB,discovery,-0.502,-21.85,-37.63,0.084,3.0,False,20.8
above_sma50 + low_vol,above_sma50,low_vol,MOS,confirmation,-0.774,-53.03,-63.48,0.18,10.56,False,24.4
above_sma50 + low_vol,above_sma50,low_vol,NEM,discovery,0.053,12.41,-48.84,0.519,141.69,False,26.7
above_sma50 + low_vol,above_sma50,low_vol,O,confirmation,-0.857,-27.12,-30.83,0.238,39.48,False,28.8
above_sma50 + low_vol,above_sma50,low_vol,VTR,discovery,-0.238,-2.7,-24.45,0.555,121.72,False,28.8
above_sma50 + low_vol,above_sma50,low_vol,KIM,confirmation,-0.435,-16.21,-37.78,0.49,104.27,False,32.7
above_sma50 + low_vol,above_sma50,low_vol,BXP,discovery,-0.301,-11.67,-31.15,-0.003,-11.71,False,24.4
above_sma50 + low_vol,above_sma50,low_vol,HST,confirmation,-0.277,-13.57,-38.46,0.449,100.27,False,34.5
above_sma50 + low_vol,above_sma50,low_vol,F,discovery,0.015,9.26,-38.98,0.455,112.89,False,26.0
above_sma50 + low_vol,above_sma50,low_vol,LEG,confirmation,-0.664,-44.1,-60.03,-0.418,-72.68,False,17.9
above_sma50 + low_vol,above_sma50,low_vol,INTC,discovery,-0.396,-39.5,-56.14,0.495,140.96,False,17.5
above_sma50 + rsi_rising,above_sma50,rsi_rising,SO,discovery,-0.857,-28.55,-30.5,0.515,86.48,False,30.7
above_sma50 + rsi_rising,above_sma50,rsi_rising,DUK,confirmation,-0.847,-26.21,-28.66,0.384,61.14,False,31.3
above_sma50 + rsi_rising,above_sma50,rsi_rising,AEP,discovery,-0.102,9.21,-24.87,0.468,81.2,False,28.5
above_sma50 + rsi_rising,above_sma50,rsi_rising,ED,confirmation,-0.323,-3.22,-18.23,0.417,68.61,False,29.5
above_sma50 + rsi_rising,above_sma50,rsi_rising,XEL,discovery,-0.692,-25.16,-32.22,0.231,38.97,False,28.7
above_sma50 + rsi_rising,above_sma50,rsi_rising,KHC,confirmation,-0.574,-21.69,-38.59,-0.109,-9.46,False,24.3
above_sma50 + rsi_rising,above_sma50,rsi_rising,GIS,discovery,-0.788,-32.5,-44.9,-0.212,-19.57,False,25.9
above_sma50 + rsi_rising,above_sma50,rsi_rising,CAG,confirmation,-1.36,-51.75,-53.34,-0.415,-41.87,False,21.7
above_sma50 + rsi_rising,above_sma50,rsi_rising,CPB,discovery,-1.119,-53.34,-57.88,-0.391,-41.88,False,24.7
above_sma50 + rsi_rising,above_sma50,rsi_rising,SJM,confirmation,-1.076,-48.42,-55.59,0.153,24.69,False,28.1
above_sma50 + rsi_rising,above_sma50,rsi_rising,T,discovery,0.247,36.43,-15.5,0.348,63.12,False,29.0
above_sma50 + rsi_rising,above_sma50,rsi_rising,VZ,confirmation,-1.357,-46.79,-49.72,0.062,13.18,False,24.9
above_sma50 + rsi_rising,above_sma50,rsi_rising,PARA,discovery,-1.261,-56.91,-62.54,-1.495,-100.0,True,4.4
above_sma50 + rsi_rising,above_sma50,rsi_rising,BMY,confirmation,-0.324,-10.03,-36.89,0.159,26.34,False,27.0
above_sma50 + rsi_rising,above_sma50,rsi_rising,PFE,discovery,-0.394,-13.89,-40.17,-0.014,-1.62,False,24.2
above_sma50 + rsi_rising,above_sma50,rsi_rising,CVS,confirmation,-0.173,-3.51,-38.17,0.362,71.02,False,29.5
above_sma50 + rsi_rising,above_sma50,rsi_rising,VTRS,discovery,-0.137,-4.57,-40.9,0.176,20.88,False,27.2
above_sma50 + rsi_rising,above_sma50,rsi_rising,MMM,confirmation,-0.032,10.47,-21.0,0.28,49.88,False,29.9
above_sma50 + rsi_rising,above_sma50,rsi_rising,EMR,discovery,-0.568,-29.15,-41.48,0.562,130.7,False,31.3
above_sma50 + rsi_rising,above_sma50,rsi_rising,DOV,confirmation,-0.192,1.4,-21.3,0.404,77.31,False,30.5
above_sma50 + rsi_rising,above_sma50,rsi_rising,OKE,discovery,-0.422,-23.47,-41.81,0.808,253.62,False,34.2
above_sma50 + rsi_rising,above_sma50,rsi_rising,DOW,confirmation,-0.25,-7.08,-40.08,-0.185,-26.56,False,24.8
above_sma50 + rsi_rising,above_sma50,rsi_rising,LYB,discovery,-0.074,2.75,-28.47,0.084,3.0,False,26.8
above_sma50 + rsi_rising,above_sma50,rsi_rising,MOS,confirmation,-0.477,-39.71,-56.77,0.18,10.56,False,24.4
above_sma50 + rsi_rising,above_sma50,rsi_rising,NEM,discovery,-0.225,-17.45,-34.01,0.519,141.69,False,28.7
above_sma50 + rsi_rising,above_sma50,rsi_rising,O,confirmation,-0.142,7.72,-15.79,0.238,39.48,False,29.7
above_sma50 + rsi_rising,above_sma50,rsi_rising,VTR,discovery,0.23,35.81,-23.74,0.555,121.72,False,31.3
above_sma50 + rsi_rising,above_sma50,rsi_rising,KIM,confirmation,-0.253,-8.08,-39.32,0.49,104.27,False,31.7
above_sma50 + rsi_rising,above_sma50,rsi_rising,BXP,discovery,0.024,14.84,-20.39,-0.003,-11.71,True,24.6
above_sma50 + rsi_rising,above_sma50,rsi_rising,HST,confirmation,-0.168,-4.78,-32.19,0.449,100.27,False,31.3
above_sma50 + rsi_rising,above_sma50,rsi_rising,F,discovery,0.314,53.87,-28.61,0.455,112.89,False,30.4
above_sma50 + rsi_rising,above_sma50,rsi_rising,LEG,confirmation,-0.623,-41.19,-45.97,-0.418,-72.68,False,20.4
above_sma50 + rsi_rising,above_sma50,rsi_rising,INTC,discovery,-0.212,-36.07,-66.28,0.495,140.96,False,27.5
above_sma50 + mom_accelerating,above_sma50,mom_accelerating,SO,discovery,-0.966,-34.05,-34.25,0.515,86.48,False,31.6
above_sma50 + mom_accelerating,above_sma50,mom_accelerating,DUK,confirmation,-0.823,-25.18,-25.3,0.384,61.14,False,30.9
above_sma50 + mom_accelerating,above_sma50,mom_accelerating,AEP,discovery,-0.328,-4.28,-20.98,0.468,81.2,False,28.0
above_sma50 + mom_accelerating,above_sma50,mom_accelerating,ED,confirmation,-0.736,-23.36,-31.74,0.417,68.61,False,28.4
above_sma50 + mom_accelerating,above_sma50,mom_accelerating,XEL,discovery,-1.139,-43.65,-47.76,0.231,38.97,False,27.7
above_sma50 + mom_accelerating,above_sma50,mom_accelerating,KHC,confirmation,-0.441,-11.94,-36.31,-0.109,-9.46,False,23.5
above_sma50 + mom_accelerating,above_sma50,mom_accelerating,GIS,discovery,-0.834,-34.07,-42.1,-0.212,-19.57,False,23.7
above_sma50 + mom_accelerating,above_sma50,mom_accelerating,CAG,confirmation,-0.685,-26.26,-33.26,-0.415,-41.87,False,22.2
above_sma50 + mom_accelerating,above_sma50,mom_accelerating,CPB,discovery,-1.109,-47.32,-49.98,-0.391,-41.88,False,23.5
above_sma50 + mom_accelerating,above_sma50,mom_accelerating,SJM,confirmation,-0.741,-34.98,-42.25,0.153,24.69,False,26.7
above_sma50 + mom_accelerating,above_sma50,mom_accelerating,T,discovery,0.465,56.95,-17.32,0.348,63.12,True,29.2
above_sma50 + mom_accelerating,above_sma50,mom_accelerating,VZ,confirmation,-1.098,-41.27,-46.88,0.062,13.18,False,26.0
above_sma50 + mom_accelerating,above_sma50,mom_accelerating,PARA,discovery,-1.75,-67.17,-71.15,-1.495,-100.0,False,4.7
above_sma50 + mom_accelerating,above_sma50,mom_accelerating,BMY,confirmation,-0.101,6.36,-23.06,0.159,26.34,False,27.4
above_sma50 + mom_accelerating,above_sma50,mom_accelerating,PFE,discovery,-0.158,0.89,-39.3,-0.014,-1.62,False,25.3
above_sma50 + mom_accelerating,above_sma50,mom_accelerating,CVS,confirmation,-0.067,5.65,-35.02,0.362,71.02,False,29.7
above_sma50 + mom_accelerating,above_sma50,mom_accelerating,VTRS,discovery,0.244,37.05,-19.01,0.176,20.88,True,26.3
above_sma50 + mom_accelerating,above_sma50,mom_accelerating,MMM,confirmation,-0.58,-25.45,-41.42,0.28,49.88,False,27.7
above_sma50 + mom_accelerating,above_sma50,mom_accelerating,EMR,discovery,-0.276,-7.61,-26.69,0.562,130.7,False,30.2
above_sma50 + mom_accelerating,above_sma50,mom_accelerating,DOV,confirmation,-0.34,-8.68,-28.27,0.404,77.31,False,28.6
above_sma50 + mom_accelerating,above_sma50,mom_accelerating,OKE,discovery,-0.22,-8.72,-37.18,0.808,253.62,False,34.7
above_sma50 + mom_accelerating,above_sma50,mom_accelerating,DOW,confirmation,-0.199,0.08,-30.69,-0.185,-26.56,False,23.6
above_sma50 + mom_accelerating,above_sma50,mom_accelerating,LYB,discovery,-0.418,-26.54,-50.99,0.084,3.0,False,27.4
above_sma50 + mom_accelerating,above_sma50,mom_accelerating,MOS,confirmation,-0.31,-25.23,-53.41,0.18,10.56,False,24.6
above_sma50 + mom_accelerating,above_sma50,mom_accelerating,NEM,discovery,0.015,7.04,-36.95,0.519,141.69,False,29.7
above_sma50 + mom_accelerating,above_sma50,mom_accelerating,O,confirmation,-0.753,-21.99,-23.44,0.238,39.48,False,28.5
above_sma50 + mom_accelerating,above_sma50,mom_accelerating,VTR,discovery,0.001,13.9,-22.32,0.555,121.72,False,32.1
above_sma50 + mom_accelerating,above_sma50,mom_accelerating,KIM,confirmation,-0.519,-24.05,-32.63,0.49,104.27,False,31.3
above_sma50 + mom_accelerating,above_sma50,mom_accelerating,BXP,discovery,-0.234,-9.45,-34.13,-0.003,-11.71,False,24.8
above_sma50 + mom_accelerating,above_sma50,mom_accelerating,HST,confirmation,-0.201,-7.03,-43.3,0.449,100.27,False,32.2
above_sma50 + mom_accelerating,above_sma50,mom_accelerating,F,discovery,0.224,38.2,-35.4,0.455,112.89,False,29.2
above_sma50 + mom_accelerating,above_sma50,mom_accelerating,LEG,confirmation,-0.298,-18.52,-37.5,-0.418,-72.68,True,20.3
above_sma50 + mom_accelerating,above_sma50,mom_accelerating,INTC,discovery,0.503,125.73,-48.66,0.495,140.96,True,27.6
mom20_positive + mom5_positive,mom20_positive,mom5_positive,SO,discovery,-0.134,5.88,-13.06,0.515,86.48,False,41.8
mom20_positive + mom5_positive,mom20_positive,mom5_positive,DUK,confirmation,-0.141,6.76,-15.18,0.384,61.14,False,39.7
mom20_positive + mom5_positive,mom20_positive,mom5_positive,AEP,discovery,0.371,47.35,-12.07,0.468,81.2,False,39.4
mom20_positive + mom5_positive,mom20_positive,mom5_positive,ED,confirmation,0.112,23.88,-15.08,0.417,68.61,False,38.5
mom20_positive + mom5_positive,mom20_positive,mom5_positive,XEL,discovery,-0.343,-9.58,-24.05,0.231,38.97,False,37.8
mom20_positive + mom5_positive,mom20_positive,mom5_positive,KHC,confirmation,-0.098,6.74,-27.79,-0.109,-9.46,True,32.2
mom20_positive + mom5_positive,mom20_positive,mom5_positive,GIS,discovery,-0.752,-35.79,-40.3,-0.212,-19.57,False,32.4
mom20_positive + mom5_positive,mom20_positive,mom5_positive,CAG,confirmation,-0.657,-31.42,-34.25,-0.415,-41.87,False,31.8
mom20_positive + mom5_positive,mom20_positive,mom5_positive,CPB,discovery,-1.201,-58.26,-60.39,-0.391,-41.88,False,32.0
mom20_positive + mom5_positive,mom20_positive,mom5_positive,SJM,confirmation,-0.576,-35.09,-44.29,0.153,24.69,False,36.6
mom20_positive + mom5_positive,mom20_positive,mom5_positive,T,discovery,0.154,27.87,-22.33,0.348,63.12,False,37.3
mom20_positive + mom5_positive,mom20_positive,mom5_positive,VZ,confirmation,-0.741,-32.36,-39.75,0.062,13.18,False,31.5
mom20_positive + mom5_positive,mom20_positive,mom5_positive,PARA,discovery,-1.724,-82.83,-85.16,-1.495,-100.0,False,8.4
mom20_positive + mom5_positive,mom20_positive,mom5_positive,BMY,confirmation,-0.061,7.82,-22.4,0.159,26.34,False,35.2
mom20_positive + mom5_positive,mom20_positive,mom5_positive,PFE,discovery,-0.128,-0.37,-48.71,-0.014,-1.62,False,31.9
mom20_positive + mom5_positive,mom20_positive,mom5_positive,CVS,confirmation,0.136,25.56,-25.61,0.362,71.02,False,36.6
mom20_positive + mom5_positive,mom20_positive,mom5_positive,VTRS,discovery,0.463,75.31,-40.19,0.176,20.88,True,34.6
mom20_positive + mom5_positive,mom20_positive,mom5_positive,MMM,confirmation,-0.086,4.31,-27.4,0.28,49.88,False,37.3
mom20_positive + mom5_positive,mom20_positive,mom5_positive,EMR,discovery,-0.258,-9.13,-29.84,0.562,130.7,False,40.7
mom20_positive + mom5_positive,mom20_positive,mom5_positive,DOV,confirmation,0.079,20.67,-16.83,0.404,77.31,False,38.3
mom20_positive + mom5_positive,mom20_positive,mom5_positive,OKE,discovery,0.017,11.9,-22.79,0.808,253.62,False,44.1
mom20_positive + mom5_positive,mom20_positive,mom5_positive,DOW,confirmation,-0.503,-25.18,-54.32,-0.185,-26.56,False,29.5
mom20_positive + mom5_positive,mom20_positive,mom5_positive,LYB,discovery,-0.457,-35.56,-58.14,0.084,3.0,False,33.4
mom20_positive + mom5_positive,mom20_positive,mom5_positive,MOS,confirmation,-0.572,-52.85,-70.59,0.18,10.56,False,35.9
mom20_positive + mom5_positive,mom20_positive,mom5_positive,NEM,discovery,-0.191,-20.76,-42.97,0.519,141.69,False,37.3
mom20_positive + mom5_positive,mom20_positive,mom5_positive,O,confirmation,-0.481,-14.27,-24.43,0.238,39.48,False,39.0
mom20_positive + mom5_positive,mom20_positive,mom5_positive,VTR,discovery,0.03,15.1,-21.13,0.555,121.72,False,39.4
mom20_positive + mom5_positive,mom20_positive,mom5_positive,KIM,confirmation,-0.146,-0.81,-24.05,0.49,104.27,False,38.0
mom20_positive + mom5_positive,mom20_positive,mom5_positive,BXP,discovery,-0.056,3.84,-29.64,-0.003,-11.71,False,33.4
mom20_positive + mom5_positive,mom20_positive,mom5_positive,HST,confirmation,-0.304,-17.43,-45.64,0.449,100.27,False,36.5
mom20_positive + mom5_positive,mom20_positive,mom5_positive,F,discovery,0.555,115.59,-20.52,0.455,112.89,True,36.3
mom20_positive + mom5_positive,mom20_positive,mom5_positive,LEG,confirmation,-0.605,-47.19,-58.06,-0.418,-72.68,False,25.6
mom20_positive + mom5_positive,mom20_positive,mom5_positive,INTC,discovery,0.114,6.7,-59.24,0.495,140.96,False,33.6
mom20_positive + rsi_bullish,mom20_positive,rsi_bullish,SO,discovery,-0.06,9.58,-16.56,0.515,86.48,False,48.7
mom20_positive + rsi_bullish,mom20_positive,rsi_bullish,DUK,confirmation,0.025,17.0,-13.98,0.384,61.14,False,48.8
mom20_positive + rsi_bullish,mom20_positive,rsi_bullish,AEP,discovery,0.474,60.98,-15.81,0.468,81.2,True,46.9
mom20_positive + rsi_bullish,mom20_positive,rsi_bullish,ED,confirmation,0.374,49.5,-14.13,0.417,68.61,False,48.0
mom20_positive + rsi_bullish,mom20_positive,rsi_bullish,XEL,discovery,-0.196,-1.89,-21.3,0.231,38.97,False,45.7
mom20_positive + rsi_bullish,mom20_positive,rsi_bullish,KHC,confirmation,-0.3,-11.54,-32.32,-0.109,-9.46,False,40.5
mom20_positive + rsi_bullish,mom20_positive,rsi_bullish,GIS,discovery,-0.74,-37.35,-45.89,-0.212,-19.57,False,37.5
mom20_positive + rsi_bullish,mom20_positive,rsi_bullish,CAG,confirmation,-0.262,-8.84,-24.43,-0.415,-41.87,True,36.1
mom20_positive + rsi_bullish,mom20_positive,rsi_bullish,CPB,discovery,-0.988,-55.26,-57.18,-0.391,-41.88,False,38.3
mom20_positive + rsi_bullish,mom20_positive,rsi_bullish,SJM,confirmation,-0.464,-29.41,-47.06,0.153,24.69,False,44.6
mom20_positive + rsi_bullish,mom20_positive,rsi_bullish,T,discovery,0.157,28.09,-22.46,0.348,63.12,False,46.4
mom20_positive + rsi_bullish,mom20_positive,rsi_bullish,VZ,confirmation,-0.663,-30.03,-38.81,0.062,13.18,False,37.7
mom20_positive + rsi_bullish,mom20_positive,rsi_bullish,PARA,discovery,-0.964,-72.45,-75.79,-1.495,-100.0,True,10.4
mom20_positive + rsi_bullish,mom20_positive,rsi_bullish,BMY,confirmation,0.033,14.87,-23.66,0.159,26.34,False,42.2
mom20_positive + rsi_bullish,mom20_positive,rsi_bullish,PFE,discovery,0.059,17.05,-43.63,-0.014,-1.62,True,38.4
mom20_positive + rsi_bullish,mom20_positive,rsi_bullish,CVS,confirmation,0.011,8.99,-35.57,0.362,71.02,False,44.5
mom20_positive + rsi_bullish,mom20_positive,rsi_bullish,VTRS,discovery,0.2,33.67,-38.06,0.176,20.88,True,44.9
mom20_positive + rsi_bullish,mom20_positive,rsi_bullish,MMM,confirmation,0.039,13.48,-35.23,0.28,49.88,False,47.3
mom20_positive + rsi_bullish,mom20_positive,rsi_bullish,EMR,discovery,-0.123,-1.84,-34.28,0.562,130.7,False,50.1
mom20_positive + rsi_bullish,mom20_positive,rsi_bullish,DOV,confirmation,0.085,20.26,-20.68,0.404,77.31,False,48.5
mom20_positive + rsi_bullish,mom20_positive,rsi_bullish,OKE,discovery,-0.201,-14.92,-40.34,0.808,253.62,False,53.2
mom20_positive + rsi_bullish,mom20_positive,rsi_bullish,DOW,confirmation,-0.937,-50.29,-60.44,-0.185,-26.56,False,38.3
mom20_positive + rsi_bullish,mom20_positive,rsi_bullish,LYB,discovery,-0.458,-39.9,-67.03,0.084,3.0,False,41.0
mom20_positive + rsi_bullish,mom20_positive,rsi_bullish,MOS,confirmation,-0.5,-54.92,-79.78,0.18,10.56,False,41.1
mom20_positive + rsi_bullish,mom20_positive,rsi_bullish,NEM,discovery,0.16,24.51,-42.64,0.519,141.69,False,46.7
mom20_positive + rsi_bullish,mom20_positive,rsi_bullish,O,confirmation,-0.046,11.14,-20.4,0.238,39.48,False,46.2
mom20_positive + rsi_bullish,mom20_positive,rsi_bullish,VTR,discovery,0.329,51.3,-23.68,0.555,121.72,False,47.8
mom20_positive + rsi_bullish,mom20_positive,rsi_bullish,KIM,confirmation,0.188,32.09,-25.79,0.49,104.27,False,48.1
mom20_positive + rsi_bullish,mom20_positive,rsi_bullish,BXP,discovery,0.19,32.53,-30.54,-0.003,-11.71,True,38.5
mom20_positive + rsi_bullish,mom20_positive,rsi_bullish,HST,confirmation,-0.562,-41.92,-60.71,0.449,100.27,False,46.4
mom20_positive + rsi_bullish,mom20_positive,rsi_bullish,F,discovery,0.064,7.13,-60.6,0.455,112.89,False,44.2
mom20_positive + rsi_bullish,mom20_positive,rsi_bullish,LEG,confirmation,-0.322,-29.6,-44.93,-0.418,-72.68,True,30.7
mom20_positive + rsi_bullish,mom20_positive,rsi_bullish,INTC,discovery,-0.022,-22.76,-74.67,0.495,140.96,False,42.1
mom20_positive + rsi_not_hot,mom20_positive,rsi_not_hot,SO,discovery,-0.305,-6.54,-21.0,0.515,86.48,False,42.6
mom20_positive + rsi_not_hot,mom20_positive,rsi_not_hot,DUK,confirmation,-0.109,7.3,-18.64,0.384,61.14,False,43.7
mom20_positive + rsi_not_hot,mom20_positive,rsi_not_hot,AEP,discovery,0.157,27.72,-13.24,0.468,81.2,False,40.4
mom20_positive + rsi_not_hot,mom20_positive,rsi_not_hot,ED,confirmation,0.637,77.05,-14.6,0.417,68.61,True,42.1
mom20_positive + rsi_not_hot,mom20_positive,rsi_not_hot,XEL,discovery,-0.299,-7.84,-21.84,0.231,38.97,False,42.3
mom20_positive + rsi_not_hot,mom20_positive,rsi_not_hot,KHC,confirmation,-0.024,11.17,-30.44,-0.109,-9.46,True,37.0
mom20_positive + rsi_not_hot,mom20_positive,rsi_not_hot,GIS,discovery,-0.408,-16.54,-30.56,-0.212,-19.57,False,36.4
mom20_positive + rsi_not_hot,mom20_positive,rsi_not_hot,CAG,confirmation,0.182,30.72,-18.53,-0.415,-41.87,True,37.3
mom20_positive + rsi_not_hot,mom20_positive,rsi_not_hot,CPB,discovery,-0.369,-19.32,-41.42,-0.391,-41.88,True,40.7
mom20_positive + rsi_not_hot,mom20_positive,rsi_not_hot,SJM,confirmation,0.239,38.83,-30.7,0.153,24.69,True,43.7
mom20_positive + rsi_not_hot,mom20_positive,rsi_not_hot,T,discovery,0.64,95.15,-22.46,0.348,63.12,True,38.9
mom20_positive + rsi_not_hot,mom20_positive,rsi_not_hot,VZ,confirmation,-0.572,-21.36,-32.12,0.062,13.18,False,35.4
mom20_positive + rsi_not_hot,mom20_positive,rsi_not_hot,PARA,discovery,-2.122,-91.5,-92.77,-1.495,-100.0,False,14.3
mom20_positive + rsi_not_hot,mom20_positive,rsi_not_hot,BMY,confirmation,0.084,20.79,-30.45,0.159,26.34,False,39.9
mom20_positive + rsi_not_hot,mom20_positive,rsi_not_hot,PFE,discovery,-0.387,-16.92,-41.61,-0.014,-1.62,False,35.9
mom20_positive + rsi_not_hot,mom20_positive,rsi_not_hot,CVS,confirmation,-0.16,-6.84,-37.9,0.362,71.02,False,37.3
mom20_positive + rsi_not_hot,mom20_positive,rsi_not_hot,VTRS,discovery,0.335,57.16,-28.78,0.176,20.88,True,37.1
mom20_positive + rsi_not_hot,mom20_positive,rsi_not_hot,MMM,confirmation,-0.167,-8.5,-36.69,0.28,49.88,False,43.4
mom20_positive + rsi_not_hot,mom20_positive,rsi_not_hot,EMR,discovery,0.065,18.05,-20.96,0.562,130.7,False,40.7
mom20_positive + rsi_not_hot,mom20_positive,rsi_not_hot,DOV,confirmation,0.235,36.83,-19.13,0.404,77.31,False,39.4
mom20_positive + rsi_not_hot,mom20_positive,rsi_not_hot,OKE,discovery,0.191,32.64,-38.29,0.808,253.62,False,47.3
mom20_positive + rsi_not_hot,mom20_positive,rsi_not_hot,DOW,confirmation,-0.645,-36.57,-59.06,-0.185,-26.56,False,36.5
mom20_positive + rsi_not_hot,mom20_positive,rsi_not_hot,LYB,discovery,-0.219,-19.91,-53.46,0.084,3.0,False,41.3
mom20_positive + rsi_not_hot,mom20_positive,rsi_not_hot,MOS,confirmation,-0.609,-59.04,-83.76,0.18,10.56,False,36.7
mom20_positive + rsi_not_hot,mom20_positive,rsi_not_hot,NEM,discovery,0.603,133.19,-28.37,0.519,141.69,True,37.7
mom20_positive + rsi_not_hot,mom20_positive,rsi_not_hot,O,confirmation,-0.551,-20.2,-31.27,0.238,39.48,False,40.0
mom20_positive + rsi_not_hot,mom20_positive,rsi_not_hot,VTR,discovery,0.056,17.48,-32.09,0.555,121.72,False,38.6
mom20_positive + rsi_not_hot,mom20_positive,rsi_not_hot,KIM,confirmation,0.261,41.26,-21.8,0.49,104.27,False,45.3
mom20_positive + rsi_not_hot,mom20_positive,rsi_not_hot,BXP,discovery,-0.094,-1.78,-39.56,-0.003,-11.71,False,35.7
mom20_positive + rsi_not_hot,mom20_positive,rsi_not_hot,HST,confirmation,-0.308,-22.95,-50.74,0.449,100.27,False,42.9
mom20_positive + rsi_not_hot,mom20_positive,rsi_not_hot,F,discovery,-0.076,-8.89,-52.87,0.455,112.89,False,38.2
mom20_positive + rsi_not_hot,mom20_positive,rsi_not_hot,LEG,confirmation,-0.608,-48.26,-53.88,-0.418,-72.68,False,30.0
mom20_positive + rsi_not_hot,mom20_positive,rsi_not_hot,INTC,discovery,-0.378,-55.06,-65.93,0.495,140.96,False,40.3
mom20_positive + rsi_oversold,mom20_positive,rsi_oversold,CVS,confirmation,-2.721,1.98,-1.26,0.362,71.02,False,0.8
mom20_positive + rsi_oversold,mom20_positive,rsi_oversold,INTC,discovery,0.314,34.16,-6.82,0.495,140.96,False,1.1
mom20_positive + bb_lower_half,mom20_positive,bb_lower_half,SO,discovery,-0.8,-6.99,-16.22,0.515,86.48,False,7.0
mom20_positive + bb_lower_half,mom20_positive,bb_lower_half,DUK,confirmation,-0.459,3.4,-10.82,0.384,61.14,False,7.7
mom20_positive + bb_lower_half,mom20_positive,bb_lower_half,AEP,discovery,-0.569,-2.47,-10.93,0.468,81.2,False,7.8
mom20_positive + bb_lower_half,mom20_positive,bb_lower_half,ED,confirmation,-0.239,9.43,-10.77,0.417,68.61,False,6.5
mom20_positive + bb_lower_half,mom20_positive,bb_lower_half,XEL,discovery,-0.283,7.88,-8.43,0.231,38.97,False,8.4
mom20_positive + bb_lower_half,mom20_positive,bb_lower_half,KHC,confirmation,-1.117,-22.44,-23.01,-0.109,-9.46,False,7.7
mom20_positive + bb_lower_half,mom20_positive,bb_lower_half,GIS,discovery,-0.231,9.44,-13.98,-0.212,-19.57,False,7.8
mom20_positive + bb_lower_half,mom20_positive,bb_lower_half,CAG,confirmation,0.339,34.1,-6.28,-0.415,-41.87,True,7.6
mom20_positive + bb_lower_half,mom20_positive,bb_lower_half,CPB,discovery,-0.518,-3.0,-13.89,-0.391,-41.88,False,7.9
mom20_positive + bb_lower_half,mom20_positive,bb_lower_half,SJM,confirmation,0.105,22.98,-12.36,0.153,24.69,False,8.2
mom20_positive + bb_lower_half,mom20_positive,bb_lower_half,T,discovery,-0.064,15.25,-8.85,0.348,63.12,False,7.2
mom20_positive + bb_lower_half,mom20_positive,bb_lower_half,VZ,confirmation,-0.972,-13.98,-19.54,0.062,13.18,False,8.9
mom20_positive + bb_lower_half,mom20_positive,bb_lower_half,PARA,discovery,-0.272,-20.74,-43.8,-1.495,-100.0,True,5.7
mom20_positive + bb_lower_half,mom20_positive,bb_lower_half,BMY,confirmation,-0.533,-3.71,-17.38,0.159,26.34,False,9.0
mom20_positive + bb_lower_half,mom20_positive,bb_lower_half,PFE,discovery,-0.841,-13.2,-23.44,-0.014,-1.62,False,9.9
mom20_positive + bb_lower_half,mom20_positive,bb_lower_half,CVS,confirmation,-0.978,-22.68,-28.02,0.362,71.02,False,9.3
mom20_positive + bb_lower_half,mom20_positive,bb_lower_half,VTRS,discovery,-0.417,-17.4,-39.8,0.176,20.88,False,7.2
mom20_positive + bb_lower_half,mom20_positive,bb_lower_half,MMM,confirmation,-0.839,-25.82,-34.13,0.28,49.88,False,9.1
mom20_positive + bb_lower_half,mom20_positive,bb_lower_half,EMR,discovery,-0.246,3.26,-24.07,0.562,130.7,False,9.1
mom20_positive + bb_lower_half,mom20_positive,bb_lower_half,DOV,confirmation,-0.768,-12.58,-17.21,0.404,77.31,False,8.1
mom20_positive + bb_lower_half,mom20_positive,bb_lower_half,OKE,discovery,0.096,22.7,-18.86,0.808,253.62,False,10.0
mom20_positive + bb_lower_half,mom20_positive,bb_lower_half,DOW,confirmation,-0.419,-2.48,-20.38,-0.185,-26.56,False,10.0
mom20_positive + bb_lower_half,mom20_positive,bb_lower_half,LYB,discovery,-0.271,-2.59,-18.73,0.084,3.0,False,10.1
mom20_positive + bb_lower_half,mom20_positive,bb_lower_half,MOS,confirmation,-0.121,5.82,-24.68,0.18,10.56,False,8.1
mom20_positive + bb_lower_half,mom20_positive,bb_lower_half,NEM,discovery,0.784,102.75,-10.52,0.519,141.69,True,7.6
mom20_positive + bb_lower_half,mom20_positive,bb_lower_half,O,confirmation,-1.435,-24.23,-26.95,0.238,39.48,False,7.9
mom20_positive + bb_lower_half,mom20_positive,bb_lower_half,VTR,discovery,-0.053,14.3,-9.81,0.555,121.72,False,9.4
mom20_positive + bb_lower_half,mom20_positive,bb_lower_half,KIM,confirmation,-0.33,2.67,-13.76,0.49,104.27,False,9.0
mom20_positive + bb_lower_half,mom20_positive,bb_lower_half,BXP,discovery,-0.307,-2.83,-18.85,-0.003,-11.71,False,7.5
mom20_positive + bb_lower_half,mom20_positive,bb_lower_half,HST,confirmation,-0.092,9.64,-22.89,0.449,100.27,False,9.7
mom20_positive + bb_lower_half,mom20_positive,bb_lower_half,F,discovery,-0.157,5.47,-22.94,0.455,112.89,False,9.7
mom20_positive + bb_lower_half,mom20_positive,bb_lower_half,LEG,confirmation,-0.924,-30.86,-33.19,-0.418,-72.68,False,8.5
mom20_positive + bb_lower_half,mom20_positive,bb_lower_half,INTC,discovery,-0.644,-38.63,-48.37,0.495,140.96,False,10.4
mom20_positive + bb_upper_half,mom20_positive,bb_upper_half,SO,discovery,0.12,24.52,-18.15,0.515,86.48,False,49.6
mom20_positive + bb_upper_half,mom20_positive,bb_upper_half,DUK,confirmation,-0.073,9.82,-12.0,0.384,61.14,False,49.0
mom20_positive + bb_upper_half,mom20_positive,bb_upper_half,AEP,discovery,0.407,53.97,-14.5,0.468,81.2,False,48.2
mom20_positive + bb_upper_half,mom20_positive,bb_upper_half,ED,confirmation,0.233,35.11,-13.86,0.417,68.61,False,49.4
mom20_positive + bb_upper_half,mom20_positive,bb_upper_half,XEL,discovery,-0.356,-12.95,-25.83,0.231,38.97,False,46.9
mom20_positive + bb_upper_half,mom20_positive,bb_upper_half,KHC,confirmation,-0.022,10.9,-30.95,-0.109,-9.46,True,40.6
mom20_positive + bb_upper_half,mom20_positive,bb_upper_half,GIS,discovery,-0.575,-28.97,-35.86,-0.212,-19.57,False,39.2
mom20_positive + bb_upper_half,mom20_positive,bb_upper_half,CAG,confirmation,-0.401,-19.51,-33.07,-0.415,-41.87,True,38.2
mom20_positive + bb_upper_half,mom20_positive,bb_upper_half,CPB,discovery,-0.671,-40.0,-44.81,-0.391,-41.88,False,39.6
mom20_positive + bb_upper_half,mom20_positive,bb_upper_half,SJM,confirmation,-0.444,-29.42,-48.19,0.153,24.69,False,46.1
mom20_positive + bb_upper_half,mom20_positive,bb_upper_half,T,discovery,0.238,38.55,-19.54,0.348,63.12,False,47.0
mom20_positive + bb_upper_half,mom20_positive,bb_upper_half,VZ,confirmation,-0.554,-24.67,-35.14,0.062,13.18,False,39.3
mom20_positive + bb_upper_half,mom20_positive,bb_upper_half,PARA,discovery,-1.705,-81.84,-84.29,-1.495,-100.0,False,9.5
mom20_positive + bb_upper_half,mom20_positive,bb_upper_half,BMY,confirmation,-0.016,9.57,-24.49,0.159,26.34,False,43.2
mom20_positive + bb_upper_half,mom20_positive,bb_upper_half,PFE,discovery,0.048,15.78,-46.82,-0.014,-1.62,True,37.7
mom20_positive + bb_upper_half,mom20_positive,bb_upper_half,CVS,confirmation,0.138,25.13,-35.48,0.362,71.02,False,45.9
mom20_positive + bb_upper_half,mom20_positive,bb_upper_half,VTRS,discovery,0.381,67.53,-34.95,0.176,20.88,True,45.8
mom20_positive + bb_upper_half,mom20_positive,bb_upper_half,MMM,confirmation,0.228,38.4,-28.22,0.28,49.88,False,48.1
mom20_positive + bb_upper_half,mom20_positive,bb_upper_half,EMR,discovery,0.048,15.87,-23.96,0.562,130.7,False,49.9
mom20_positive + bb_upper_half,mom20_positive,bb_upper_half,DOV,confirmation,0.361,53.23,-16.37,0.404,77.31,False,48.0
mom20_positive + bb_upper_half,mom20_positive,bb_upper_half,OKE,discovery,-0.221,-16.45,-42.27,0.808,253.62,False,53.7
mom20_positive + bb_upper_half,mom20_positive,bb_upper_half,DOW,confirmation,-0.83,-44.53,-57.11,-0.185,-26.56,False,37.8
mom20_positive + bb_upper_half,mom20_positive,bb_upper_half,LYB,discovery,-0.438,-38.77,-64.92,0.084,3.0,False,41.9
mom20_positive + bb_upper_half,mom20_positive,bb_upper_half,MOS,confirmation,-0.56,-59.19,-80.15,0.18,10.56,False,41.9
mom20_positive + bb_upper_half,mom20_positive,bb_upper_half,NEM,discovery,-0.001,-1.47,-48.74,0.519,141.69,False,47.5
mom20_positive + bb_upper_half,mom20_positive,bb_upper_half,O,confirmation,-0.02,12.99,-17.36,0.238,39.48,False,47.1
mom20_positive + bb_upper_half,mom20_positive,bb_upper_half,VTR,discovery,0.225,36.61,-27.04,0.555,121.72,False,48.0
mom20_positive + bb_upper_half,mom20_positive,bb_upper_half,KIM,confirmation,0.286,45.59,-22.08,0.49,104.27,False,48.7
mom20_positive + bb_upper_half,mom20_positive,bb_upper_half,BXP,discovery,-0.076,-1.16,-36.63,-0.003,-11.71,False,40.4
mom20_positive + bb_upper_half,mom20_positive,bb_upper_half,HST,confirmation,-0.577,-42.53,-61.33,0.449,100.27,False,47.2
mom20_positive + bb_upper_half,mom20_positive,bb_upper_half,F,discovery,0.114,15.07,-56.91,0.455,112.89,False,45.1
mom20_positive + bb_upper_half,mom20_positive,bb_upper_half,LEG,confirmation,-0.572,-49.59,-58.74,-0.418,-72.68,False,31.1
mom20_positive + bb_upper_half,mom20_positive,bb_upper_half,INTC,discovery,0.049,-9.61,-71.79,0.495,140.96,False,42.3
mom20_positive + adx_trending,mom20_positive,adx_trending,SO,discovery,0.213,31.34,-13.31,0.515,86.48,False,34.3
mom20_positive + adx_trending,mom20_positive,adx_trending,DUK,confirmation,0.204,30.26,-9.4,0.384,61.14,False,36.8
mom20_positive + adx_trending,mom20_positive,adx_trending,AEP,discovery,0.703,79.52,-11.99,0.468,81.2,True,34.9
mom20_positive + adx_trending,mom20_positive,adx_trending,ED,confirmation,0.208,31.88,-19.11,0.417,68.61,False,36.4
mom20_positive + adx_trending,mom20_positive,adx_trending,XEL,discovery,-0.019,15.18,-19.94,0.231,38.97,False,31.5
mom20_positive + adx_trending,mom20_positive,adx_trending,KHC,confirmation,0.148,26.5,-24.8,-0.109,-9.46,True,30.8
mom20_positive + adx_trending,mom20_positive,adx_trending,GIS,discovery,-0.224,1.2,-24.31,-0.212,-19.57,False,27.4
mom20_positive + adx_trending,mom20_positive,adx_trending,CAG,confirmation,-0.253,-2.54,-17.15,-0.415,-41.87,True,26.2
mom20_positive + adx_trending,mom20_positive,adx_trending,CPB,discovery,-0.283,-7.38,-27.24,-0.391,-41.88,True,24.9
mom20_positive + adx_trending,mom20_positive,adx_trending,SJM,confirmation,-0.024,10.41,-37.74,0.153,24.69,False,35.2
mom20_positive + adx_trending,mom20_positive,adx_trending,T,discovery,0.04,15.08,-26.18,0.348,63.12,False,38.0
mom20_positive + adx_trending,mom20_positive,adx_trending,VZ,confirmation,-0.435,-15.85,-30.85,0.062,13.18,False,35.0
mom20_positive + adx_trending,mom20_positive,adx_trending,PARA,discovery,-1.745,-87.81,-89.46,-1.495,-100.0,False,12.2
mom20_positive + adx_trending,mom20_positive,adx_trending,BMY,confirmation,-0.104,3.61,-29.14,0.159,26.34,False,34.6
mom20_positive + adx_trending,mom20_positive,adx_trending,PFE,discovery,0.185,31.52,-35.88,-0.014,-1.62,True,37.0
mom20_positive + adx_trending,mom20_positive,adx_trending,CVS,confirmation,-0.083,1.11,-47.84,0.362,71.02,False,37.3
mom20_positive + adx_trending,mom20_positive,adx_trending,VTRS,discovery,0.047,11.57,-36.61,0.176,20.88,False,37.0
mom20_positive + adx_trending,mom20_positive,adx_trending,MMM,confirmation,-0.22,-5.95,-43.46,0.28,49.88,False,33.8
mom20_positive + adx_trending,mom20_positive,adx_trending,EMR,discovery,0.137,25.97,-21.37,0.562,130.7,False,38.7
mom20_positive + adx_trending,mom20_positive,adx_trending,DOV,confirmation,0.111,23.69,-19.65,0.404,77.31,False,38.4
mom20_positive + adx_trending,mom20_positive,adx_trending,OKE,discovery,0.04,15.28,-26.87,0.808,253.62,False,34.1
mom20_positive + adx_trending,mom20_positive,adx_trending,DOW,confirmation,-1.093,-48.44,-53.42,-0.185,-26.56,False,32.3
mom20_positive + adx_trending,mom20_positive,adx_trending,LYB,discovery,-0.236,-17.42,-49.8,0.084,3.0,False,28.8
mom20_positive + adx_trending,mom20_positive,adx_trending,MOS,confirmation,-0.333,-31.1,-62.72,0.18,10.56,False,28.3
mom20_positive + adx_trending,mom20_positive,adx_trending,NEM,discovery,0.008,2.53,-36.8,0.519,141.69,False,36.1
mom20_positive + adx_trending,mom20_positive,adx_trending,O,confirmation,-0.231,0.46,-13.06,0.238,39.48,False,35.9
mom20_positive + adx_trending,mom20_positive,adx_trending,VTR,discovery,0.304,44.03,-20.45,0.555,121.72,False,39.1
mom20_positive + adx_trending,mom20_positive,adx_trending,KIM,confirmation,0.084,20.75,-25.6,0.49,104.27,False,34.7
mom20_positive + adx_trending,mom20_positive,adx_trending,BXP,discovery,-0.001,10.42,-33.94,-0.003,-11.71,True,28.0
mom20_positive + adx_trending,mom20_positive,adx_trending,HST,confirmation,-0.262,-16.96,-44.01,0.449,100.27,False,37.9
mom20_positive + adx_trending,mom20_positive,adx_trending,F,discovery,-0.17,-21.55,-67.6,0.455,112.89,False,41.0
mom20_positive + adx_trending,mom20_positive,adx_trending,LEG,confirmation,-0.764,-49.24,-54.83,-0.418,-72.68,False,22.7
mom20_positive + adx_trending,mom20_positive,adx_trending,INTC,discovery,-0.042,-15.88,-65.29,0.495,140.96,False,35.0
mom20_positive + adx_quiet,mom20_positive,adx_quiet,SO,discovery,-0.795,-14.22,-23.82,0.515,86.48,False,14.3
mom20_positive + adx_quiet,mom20_positive,adx_quiet,DUK,confirmation,-0.558,-4.14,-10.1,0.384,61.14,False,12.3
mom20_positive + adx_quiet,mom20_positive,adx_quiet,AEP,discovery,-0.509,-4.7,-20.25,0.468,81.2,False,13.0
mom20_positive + adx_quiet,mom20_positive,adx_quiet,ED,confirmation,-0.273,7.38,-8.93,0.417,68.61,False,11.1
mom20_positive + adx_quiet,mom20_positive,adx_quiet,XEL,discovery,-0.674,-17.58,-23.75,0.231,38.97,False,15.8
mom20_positive + adx_quiet,mom20_positive,adx_quiet,KHC,confirmation,-0.521,-7.82,-21.52,-0.109,-9.46,False,10.6
mom20_positive + adx_quiet,mom20_positive,adx_quiet,GIS,discovery,-0.555,-10.63,-24.7,-0.212,-19.57,False,12.4
mom20_positive + adx_quiet,mom20_positive,adx_quiet,CAG,confirmation,-0.312,0.65,-20.54,-0.415,-41.87,True,12.7
mom20_positive + adx_quiet,mom20_positive,adx_quiet,CPB,discovery,-1.01,-31.87,-36.66,-0.391,-41.88,False,13.9
mom20_positive + adx_quiet,mom20_positive,adx_quiet,SJM,confirmation,-0.616,-15.34,-28.89,0.153,24.69,False,9.6
mom20_positive + adx_quiet,mom20_positive,adx_quiet,T,discovery,-0.324,5.82,-8.78,0.348,63.12,False,8.8
mom20_positive + adx_quiet,mom20_positive,adx_quiet,VZ,confirmation,-0.933,-12.19,-19.27,0.062,13.18,False,8.8
mom20_positive + adx_quiet,mom20_positive,adx_quiet,BMY,confirmation,-0.053,15.05,-16.08,0.159,26.34,False,11.4
mom20_positive + adx_quiet,mom20_positive,adx_quiet,PFE,discovery,-1.388,-18.14,-18.14,-0.014,-1.62,False,6.5
mom20_positive + adx_quiet,mom20_positive,adx_quiet,CVS,confirmation,-0.162,8.38,-14.35,0.362,71.02,False,12.5
mom20_positive + adx_quiet,mom20_positive,adx_quiet,VTRS,discovery,0.544,61.99,-16.88,0.176,20.88,True,10.7
mom20_positive + adx_quiet,mom20_positive,adx_quiet,MMM,confirmation,-0.103,6.39,-22.33,0.28,49.88,False,15.0
mom20_positive + adx_quiet,mom20_positive,adx_quiet,EMR,discovery,-0.108,11.11,-10.89,0.562,130.7,False,14.3
mom20_positive + adx_quiet,mom20_positive,adx_quiet,DOV,confirmation,0.047,19.97,-13.73,0.404,77.31,False,10.9
mom20_positive + adx_quiet,mom20_positive,adx_quiet,OKE,discovery,-0.432,-11.77,-32.64,0.808,253.62,False,17.9
mom20_positive + adx_quiet,mom20_positive,adx_quiet,DOW,confirmation,-0.418,-7.71,-26.9,-0.185,-26.56,False,9.0
mom20_positive + adx_quiet,mom20_positive,adx_quiet,LYB,discovery,-0.472,-14.72,-21.63,0.084,3.0,False,14.6
mom20_positive + adx_quiet,mom20_positive,adx_quiet,MOS,confirmation,-0.384,-20.94,-46.97,0.18,10.56,False,14.3
mom20_positive + adx_quiet,mom20_positive,adx_quiet,NEM,discovery,0.343,47.38,-20.77,0.519,141.69,False,12.1
mom20_positive + adx_quiet,mom20_positive,adx_quiet,O,confirmation,-1.121,-20.23,-24.04,0.238,39.48,False,10.6
mom20_positive + adx_quiet,mom20_positive,adx_quiet,VTR,discovery,-0.295,-0.95,-19.13,0.555,121.72,False,11.8
mom20_positive + adx_quiet,mom20_positive,adx_quiet,KIM,confirmation,-0.103,10.71,-19.22,0.49,104.27,False,14.3
mom20_positive + adx_quiet,mom20_positive,adx_quiet,BXP,discovery,-0.238,-2.84,-31.27,-0.003,-11.71,False,14.1
mom20_positive + adx_quiet,mom20_positive,adx_quiet,HST,confirmation,-1.286,-40.92,-53.38,0.449,100.27,False,9.1
mom20_positive + adx_quiet,mom20_positive,adx_quiet,F,discovery,0.542,66.26,-14.18,0.455,112.89,True,7.9
mom20_positive + adx_quiet,mom20_positive,adx_quiet,LEG,confirmation,-0.854,-33.65,-35.09,-0.418,-72.68,False,9.7
mom20_positive + adx_quiet,mom20_positive,adx_quiet,INTC,discovery,-0.444,-33.75,-44.12,0.495,140.96,False,10.2
mom20_positive + low_vol,mom20_positive,low_vol,SO,discovery,0.101,23.1,-15.44,0.515,86.48,False,29.2
mom20_positive + low_vol,mom20_positive,low_vol,DUK,confirmation,-0.464,-7.22,-21.01,0.384,61.14,False,28.8
mom20_positive + low_vol,mom20_positive,low_vol,AEP,discovery,-0.495,-11.61,-26.98,0.468,81.2,False,25.5
mom20_positive + low_vol,mom20_positive,low_vol,ED,confirmation,-0.57,-13.21,-20.9,0.417,68.61,False,25.1
mom20_positive + low_vol,mom20_positive,low_vol,XEL,discovery,-0.449,-9.63,-17.01,0.231,38.97,False,25.2
mom20_positive + low_vol,mom20_positive,low_vol,KHC,confirmation,-0.529,-12.01,-22.55,-0.109,-9.46,False,22.9
mom20_positive + low_vol,mom20_positive,low_vol,GIS,discovery,-0.525,-11.34,-22.69,-0.212,-19.57,False,23.4
mom20_positive + low_vol,mom20_positive,low_vol,CAG,confirmation,-0.375,-5.83,-22.3,-0.415,-41.87,True,20.0
mom20_positive + low_vol,mom20_positive,low_vol,CPB,discovery,-0.594,-15.0,-22.77,-0.391,-41.88,False,19.6
mom20_positive + low_vol,mom20_positive,low_vol,SJM,confirmation,-0.684,-28.55,-39.98,0.153,24.69,False,28.0
mom20_positive + low_vol,mom20_positive,low_vol,T,discovery,-0.122,4.49,-25.23,0.348,63.12,False,22.8
mom20_positive + low_vol,mom20_positive,low_vol,VZ,confirmation,-1.523,-48.35,-48.86,0.062,13.18,False,24.7
mom20_positive + low_vol,mom20_positive,low_vol,PARA,discovery,0.107,13.21,-13.44,-1.495,-100.0,True,3.2
mom20_positive + low_vol,mom20_positive,low_vol,BMY,confirmation,-0.34,-7.09,-26.8,0.159,26.34,False,24.3
mom20_positive + low_vol,mom20_positive,low_vol,PFE,discovery,-0.407,-8.11,-24.37,-0.014,-1.62,False,19.1
mom20_positive + low_vol,mom20_positive,low_vol,CVS,confirmation,-0.073,3.55,-24.62,0.362,71.02,False,28.0
mom20_positive + low_vol,mom20_positive,low_vol,VTRS,discovery,0.376,57.1,-28.19,0.176,20.88,True,21.2
mom20_positive + low_vol,mom20_positive,low_vol,MMM,confirmation,-0.26,-13.07,-31.68,0.28,49.88,False,27.7
mom20_positive + low_vol,mom20_positive,low_vol,EMR,discovery,0.05,18.32,-26.94,0.562,130.7,False,28.2
mom20_positive + low_vol,mom20_positive,low_vol,DOV,confirmation,-0.022,13.39,-17.59,0.404,77.31,False,24.4
mom20_positive + low_vol,mom20_positive,low_vol,OKE,discovery,-0.507,-26.41,-46.38,0.808,253.62,False,32.9
mom20_positive + low_vol,mom20_positive,low_vol,DOW,confirmation,-0.634,-20.58,-30.08,-0.185,-26.56,False,20.5
mom20_positive + low_vol,mom20_positive,low_vol,LYB,discovery,-0.55,-26.21,-37.31,0.084,3.0,False,21.4
mom20_positive + low_vol,mom20_positive,low_vol,MOS,confirmation,-0.921,-59.98,-66.18,0.18,10.56,False,25.1
mom20_positive + low_vol,mom20_positive,low_vol,NEM,discovery,0.115,20.81,-42.31,0.519,141.69,False,26.6
mom20_positive + low_vol,mom20_positive,low_vol,O,confirmation,-0.852,-25.16,-27.78,0.238,39.48,False,27.9
mom20_positive + low_vol,mom20_positive,low_vol,VTR,discovery,-0.045,11.01,-21.65,0.555,121.72,False,28.6
mom20_positive + low_vol,mom20_positive,low_vol,KIM,confirmation,-0.176,2.01,-33.8,0.49,104.27,False,29.2
mom20_positive + low_vol,mom20_positive,low_vol,BXP,discovery,-0.533,-27.8,-42.67,-0.003,-11.71,False,23.1
mom20_positive + low_vol,mom20_positive,low_vol,HST,confirmation,-0.244,-10.35,-33.06,0.449,100.27,False,31.4
mom20_positive + low_vol,mom20_positive,low_vol,F,discovery,0.02,12.07,-26.42,0.455,112.89,False,24.3
mom20_positive + low_vol,mom20_positive,low_vol,LEG,confirmation,-0.229,-12.31,-44.65,-0.418,-72.68,True,17.1
mom20_positive + low_vol,mom20_positive,low_vol,INTC,discovery,-0.784,-60.78,-61.55,0.495,140.96,False,17.6
mom20_positive + rsi_rising,mom20_positive,rsi_rising,SO,discovery,-0.819,-24.56,-27.74,0.515,86.48,False,28.3
mom20_positive + rsi_rising,mom20_positive,rsi_rising,DUK,confirmation,-0.798,-21.71,-25.72,0.384,61.14,False,28.6
mom20_positive + rsi_rising,mom20_positive,rsi_rising,AEP,discovery,0.094,22.58,-14.92,0.468,81.2,False,27.4
mom20_positive + rsi_rising,mom20_positive,rsi_rising,ED,confirmation,-0.486,-10.78,-17.26,0.417,68.61,False,28.7
mom20_positive + rsi_rising,mom20_positive,rsi_rising,XEL,discovery,-0.667,-22.97,-23.38,0.231,38.97,False,28.3
mom20_positive + rsi_rising,mom20_positive,rsi_rising,KHC,confirmation,-0.463,-14.53,-25.97,-0.109,-9.46,False,24.6
mom20_positive + rsi_rising,mom20_positive,rsi_rising,GIS,discovery,-0.831,-34.08,-46.02,-0.212,-19.57,False,25.8
mom20_positive + rsi_rising,mom20_positive,rsi_rising,CAG,confirmation,-0.653,-23.48,-34.24,-0.415,-41.87,False,23.7
mom20_positive + rsi_rising,mom20_positive,rsi_rising,CPB,discovery,-1.333,-59.22,-62.57,-0.391,-41.88,False,24.7
mom20_positive + rsi_rising,mom20_positive,rsi_rising,SJM,confirmation,-0.922,-41.96,-50.47,0.153,24.69,False,28.8
mom20_positive + rsi_rising,mom20_positive,rsi_rising,T,discovery,0.105,23.29,-16.44,0.348,63.12,False,26.9
mom20_positive + rsi_rising,mom20_positive,rsi_rising,VZ,confirmation,-1.307,-44.64,-47.8,0.062,13.18,False,23.3
mom20_positive + rsi_rising,mom20_positive,rsi_rising,PARA,discovery,-1.452,-71.16,-74.74,-1.495,-100.0,True,8.7
mom20_positive + rsi_rising,mom20_positive,rsi_rising,BMY,confirmation,-0.487,-18.12,-26.44,0.159,26.34,False,24.9
mom20_positive + rsi_rising,mom20_positive,rsi_rising,PFE,discovery,-0.249,-4.09,-36.22,-0.014,-1.62,False,22.7
mom20_positive + rsi_rising,mom20_positive,rsi_rising,CVS,confirmation,-0.021,11.36,-30.74,0.362,71.02,False,27.2
mom20_positive + rsi_rising,mom20_positive,rsi_rising,VTRS,discovery,-0.306,-21.44,-45.17,0.176,20.88,False,25.8
mom20_positive + rsi_rising,mom20_positive,rsi_rising,MMM,confirmation,0.086,21.21,-27.22,0.28,49.88,False,29.9
mom20_positive + rsi_rising,mom20_positive,rsi_rising,EMR,discovery,-0.606,-30.55,-40.76,0.562,130.7,False,30.9
mom20_positive + rsi_rising,mom20_positive,rsi_rising,DOV,confirmation,-0.105,7.78,-19.54,0.404,77.31,False,27.7
mom20_positive + rsi_rising,mom20_positive,rsi_rising,OKE,discovery,-0.451,-23.36,-38.17,0.808,253.62,False,32.6
mom20_positive + rsi_rising,mom20_positive,rsi_rising,DOW,confirmation,-0.79,-36.46,-48.28,-0.185,-26.56,False,23.9
mom20_positive + rsi_rising,mom20_positive,rsi_rising,LYB,discovery,-0.417,-26.11,-41.09,0.084,3.0,False,24.9
mom20_positive + rsi_rising,mom20_positive,rsi_rising,MOS,confirmation,-0.685,-53.61,-67.28,0.18,10.56,False,25.1
mom20_positive + rsi_rising,mom20_positive,rsi_rising,NEM,discovery,-0.347,-27.47,-44.59,0.519,141.69,False,26.9
mom20_positive + rsi_rising,mom20_positive,rsi_rising,O,confirmation,-0.248,2.5,-14.28,0.238,39.48,False,26.7
mom20_positive + rsi_rising,mom20_positive,rsi_rising,VTR,discovery,0.297,42.71,-22.85,0.555,121.72,False,28.1
mom20_positive + rsi_rising,mom20_positive,rsi_rising,KIM,confirmation,-0.088,6.54,-25.75,0.49,104.27,False,27.4
mom20_positive + rsi_rising,mom20_positive,rsi_rising,BXP,discovery,-0.011,10.76,-21.79,-0.003,-11.71,False,23.3
mom20_positive + rsi_rising,mom20_positive,rsi_rising,HST,confirmation,-0.443,-23.49,-40.89,0.449,100.27,False,27.2
mom20_positive + rsi_rising,mom20_positive,rsi_rising,F,discovery,0.239,39.92,-20.84,0.455,112.89,False,27.4
mom20_positive + rsi_rising,mom20_positive,rsi_rising,LEG,confirmation,-0.469,-33.02,-37.66,-0.418,-72.68,False,19.0
mom20_positive + rsi_rising,mom20_positive,rsi_rising,INTC,discovery,-0.573,-62.54,-78.63,0.495,140.96,False,26.1
mom20_positive + mom_accelerating,mom20_positive,mom_accelerating,SO,discovery,-1.018,-34.19,-35.26,0.515,86.48,False,30.0
mom20_positive + mom_accelerating,mom20_positive,mom_accelerating,DUK,confirmation,-0.595,-14.02,-14.88,0.384,61.14,False,29.0
mom20_positive + mom_accelerating,mom20_positive,mom_accelerating,AEP,discovery,-0.088,10.53,-16.54,0.468,81.2,False,27.1
mom20_positive + mom_accelerating,mom20_positive,mom_accelerating,ED,confirmation,-0.808,-25.4,-26.24,0.417,68.61,False,28.3
mom20_positive + mom_accelerating,mom20_positive,mom_accelerating,XEL,discovery,-1.244,-46.17,-47.07,0.231,38.97,False,27.4
mom20_positive + mom_accelerating,mom20_positive,mom_accelerating,KHC,confirmation,-0.157,4.94,-31.08,-0.109,-9.46,False,23.7
mom20_positive + mom_accelerating,mom20_positive,mom_accelerating,GIS,discovery,-0.542,-19.19,-29.55,-0.212,-19.57,False,23.1
mom20_positive + mom_accelerating,mom20_positive,mom_accelerating,CAG,confirmation,-0.44,-14.41,-24.63,-0.415,-41.87,False,24.2
mom20_positive + mom_accelerating,mom20_positive,mom_accelerating,CPB,discovery,-1.064,-44.14,-47.5,-0.391,-41.88,False,24.0
mom20_positive + mom_accelerating,mom20_positive,mom_accelerating,SJM,confirmation,-0.767,-38.95,-44.25,0.153,24.69,False,27.4
mom20_positive + mom_accelerating,mom20_positive,mom_accelerating,T,discovery,0.514,61.93,-19.26,0.348,63.12,True,27.7
mom20_positive + mom_accelerating,mom20_positive,mom_accelerating,VZ,confirmation,-1.036,-37.89,-40.73,0.062,13.18,False,25.1
mom20_positive + mom_accelerating,mom20_positive,mom_accelerating,PARA,discovery,-0.963,-63.0,-68.53,-1.495,-100.0,True,8.0
mom20_positive + mom_accelerating,mom20_positive,mom_accelerating,BMY,confirmation,0.013,15.56,-16.74,0.159,26.34,False,26.7
mom20_positive + mom_accelerating,mom20_positive,mom_accelerating,PFE,discovery,-0.061,8.89,-42.22,-0.014,-1.62,False,23.4
mom20_positive + mom_accelerating,mom20_positive,mom_accelerating,CVS,confirmation,0.131,25.31,-25.16,0.362,71.02,False,27.7
mom20_positive + mom_accelerating,mom20_positive,mom_accelerating,VTRS,discovery,0.398,57.49,-26.97,0.176,20.88,True,25.8
mom20_positive + mom_accelerating,mom20_positive,mom_accelerating,MMM,confirmation,-0.426,-17.92,-42.62,0.28,49.88,False,28.0
mom20_positive + mom_accelerating,mom20_positive,mom_accelerating,EMR,discovery,-0.031,11.85,-22.9,0.562,130.7,False,30.3
mom20_positive + mom_accelerating,mom20_positive,mom_accelerating,DOV,confirmation,0.052,19.22,-18.78,0.404,77.31,False,26.0
mom20_positive + mom_accelerating,mom20_positive,mom_accelerating,OKE,discovery,-0.134,0.26,-26.26,0.808,253.62,False,33.9
mom20_positive + mom_accelerating,mom20_positive,mom_accelerating,DOW,confirmation,-0.406,-11.09,-39.49,-0.185,-26.56,False,22.5
mom20_positive + mom_accelerating,mom20_positive,mom_accelerating,LYB,discovery,-0.664,-41.98,-54.4,0.084,3.0,False,25.6
mom20_positive + mom_accelerating,mom20_positive,mom_accelerating,MOS,confirmation,-0.402,-32.63,-52.84,0.18,10.56,False,24.9
mom20_positive + mom_accelerating,mom20_positive,mom_accelerating,NEM,discovery,-0.126,-8.49,-37.46,0.519,141.69,False,28.4
mom20_positive + mom_accelerating,mom20_positive,mom_accelerating,O,confirmation,-0.762,-20.82,-22.23,0.238,39.48,False,26.7
mom20_positive + mom_accelerating,mom20_positive,mom_accelerating,VTR,discovery,0.007,14.49,-21.45,0.555,121.72,False,29.0
mom20_positive + mom_accelerating,mom20_positive,mom_accelerating,KIM,confirmation,-0.368,-13.06,-28.32,0.49,104.27,False,27.9
mom20_positive + mom_accelerating,mom20_positive,mom_accelerating,BXP,discovery,-0.353,-18.75,-36.49,-0.003,-11.71,False,24.5
mom20_positive + mom_accelerating,mom20_positive,mom_accelerating,HST,confirmation,-0.19,-3.32,-39.26,0.449,100.27,False,27.7
mom20_positive + mom_accelerating,mom20_positive,mom_accelerating,F,discovery,0.452,79.21,-21.66,0.455,112.89,False,26.9
mom20_positive + mom_accelerating,mom20_positive,mom_accelerating,LEG,confirmation,-0.334,-23.95,-39.19,-0.418,-72.68,True,19.2
mom20_positive + mom_accelerating,mom20_positive,mom_accelerating,INTC,discovery,0.352,71.12,-45.77,0.495,140.96,False,27.4
mom5_positive + rsi_bullish,mom5_positive,rsi_bullish,SO,discovery,-0.32,-7.24,-17.11,0.515,86.48,False,43.3
mom5_positive + rsi_bullish,mom5_positive,rsi_bullish,DUK,confirmation,-0.085,9.83,-18.13,0.384,61.14,False,41.9
mom5_positive + rsi_bullish,mom5_positive,rsi_bullish,AEP,discovery,0.527,64.25,-21.58,0.468,81.2,True,39.9
mom5_positive + rsi_bullish,mom5_positive,rsi_bullish,ED,confirmation,0.151,27.12,-14.05,0.417,68.61,False,39.7
mom5_positive + rsi_bullish,mom5_positive,rsi_bullish,XEL,discovery,-0.349,-11.2,-22.04,0.231,38.97,False,38.7
mom5_positive + rsi_bullish,mom5_positive,rsi_bullish,KHC,confirmation,-0.121,4.32,-36.68,-0.109,-9.46,False,34.9
mom5_positive + rsi_bullish,mom5_positive,rsi_bullish,GIS,discovery,-1.029,-50.95,-54.95,-0.212,-19.57,False,33.4
mom5_positive + rsi_bullish,mom5_positive,rsi_bullish,CAG,confirmation,-1.043,-48.83,-49.46,-0.415,-41.87,False,32.0
mom5_positive + rsi_bullish,mom5_positive,rsi_bullish,CPB,discovery,-1.51,-69.8,-69.95,-0.391,-41.88,False,32.9
mom5_positive + rsi_bullish,mom5_positive,rsi_bullish,SJM,confirmation,-0.654,-38.63,-40.58,0.153,24.69,False,37.5
mom5_positive + rsi_bullish,mom5_positive,rsi_bullish,T,discovery,0.278,42.02,-22.37,0.348,63.12,False,37.6
mom5_positive + rsi_bullish,mom5_positive,rsi_bullish,VZ,confirmation,-0.549,-23.16,-33.53,0.062,13.18,False,32.7
mom5_positive + rsi_bullish,mom5_positive,rsi_bullish,PARA,discovery,-0.608,-73.23,-80.2,-1.495,-100.0,True,11.9
mom5_positive + rsi_bullish,mom5_positive,rsi_bullish,BMY,confirmation,-0.21,-3.94,-30.88,0.159,26.34,False,35.1
mom5_positive + rsi_bullish,mom5_positive,rsi_bullish,PFE,discovery,0.133,25.57,-35.63,-0.014,-1.62,True,34.3
mom5_positive + rsi_bullish,mom5_positive,rsi_bullish,CVS,confirmation,0.251,40.34,-26.68,0.362,71.02,False,37.9
mom5_positive + rsi_bullish,mom5_positive,rsi_bullish,VTRS,discovery,0.285,46.63,-37.91,0.176,20.88,True,37.4
mom5_positive + rsi_bullish,mom5_positive,rsi_bullish,MMM,confirmation,-0.157,-1.12,-25.54,0.28,49.88,False,37.3
mom5_positive + rsi_bullish,mom5_positive,rsi_bullish,EMR,discovery,-0.335,-16.58,-39.35,0.562,130.7,False,42.5
mom5_positive + rsi_bullish,mom5_positive,rsi_bullish,DOV,confirmation,0.245,37.7,-26.58,0.404,77.31,False,41.2
mom5_positive + rsi_bullish,mom5_positive,rsi_bullish,OKE,discovery,-0.164,-7.6,-30.7,0.808,253.62,False,45.1
mom5_positive + rsi_bullish,mom5_positive,rsi_bullish,DOW,confirmation,-0.43,-21.45,-48.34,-0.185,-26.56,False,32.3
mom5_positive + rsi_bullish,mom5_positive,rsi_bullish,LYB,discovery,-0.337,-26.27,-57.94,0.084,3.0,False,35.9
mom5_positive + rsi_bullish,mom5_positive,rsi_bullish,MOS,confirmation,-0.725,-63.99,-74.16,0.18,10.56,False,37.7
mom5_positive + rsi_bullish,mom5_positive,rsi_bullish,NEM,discovery,-0.094,-10.24,-37.16,0.519,141.69,False,38.7
mom5_positive + rsi_bullish,mom5_positive,rsi_bullish,O,confirmation,-0.307,-5.22,-24.1,0.238,39.48,False,40.9
mom5_positive + rsi_bullish,mom5_positive,rsi_bullish,VTR,discovery,-0.148,-1.48,-32.32,0.555,121.72,False,41.7
mom5_positive + rsi_bullish,mom5_positive,rsi_bullish,KIM,confirmation,-0.538,-30.51,-38.22,0.49,104.27,False,40.0
mom5_positive + rsi_bullish,mom5_positive,rsi_bullish,BXP,discovery,-0.138,-6.47,-41.85,-0.003,-11.71,False,35.6
mom5_positive + rsi_bullish,mom5_positive,rsi_bullish,HST,confirmation,-0.035,5.77,-34.25,0.449,100.27,False,38.5
mom5_positive + rsi_bullish,mom5_positive,rsi_bullish,F,discovery,0.52,103.57,-24.61,0.455,112.89,True,37.0
mom5_positive + rsi_bullish,mom5_positive,rsi_bullish,LEG,confirmation,-0.281,-33.47,-50.38,-0.418,-72.68,True,28.3
mom5_positive + rsi_bullish,mom5_positive,rsi_bullish,INTC,discovery,0.048,-6.86,-63.9,0.495,140.96,False,34.8
mom5_positive + rsi_not_hot,mom5_positive,rsi_not_hot,SO,discovery,-0.425,-13.5,-22.01,0.515,86.48,False,44.1
mom5_positive + rsi_not_hot,mom5_positive,rsi_not_hot,DUK,confirmation,-0.214,0.19,-16.74,0.384,61.14,False,43.7
mom5_positive + rsi_not_hot,mom5_positive,rsi_not_hot,AEP,discovery,0.166,28.59,-15.48,0.468,81.2,False,41.3
mom5_positive + rsi_not_hot,mom5_positive,rsi_not_hot,ED,confirmation,0.665,78.28,-10.78,0.417,68.61,True,40.5
mom5_positive + rsi_not_hot,mom5_positive,rsi_not_hot,XEL,discovery,-0.103,5.75,-20.44,0.231,38.97,False,40.7
mom5_positive + rsi_not_hot,mom5_positive,rsi_not_hot,KHC,confirmation,-0.258,-7.47,-40.94,-0.109,-9.46,False,39.3
mom5_positive + rsi_not_hot,mom5_positive,rsi_not_hot,GIS,discovery,-0.987,-50.31,-56.26,-0.212,-19.57,False,38.5
mom5_positive + rsi_not_hot,mom5_positive,rsi_not_hot,CAG,confirmation,-1.174,-57.12,-58.81,-0.415,-41.87,False,40.7
mom5_positive + rsi_not_hot,mom5_positive,rsi_not_hot,CPB,discovery,-1.209,-63.3,-68.46,-0.391,-41.88,False,42.4
mom5_positive + rsi_not_hot,mom5_positive,rsi_not_hot,SJM,confirmation,0.025,12.78,-27.1,0.153,24.69,False,42.2
mom5_positive + rsi_not_hot,mom5_positive,rsi_not_hot,T,discovery,0.476,66.29,-26.51,0.348,63.12,True,38.9
mom5_positive + rsi_not_hot,mom5_positive,rsi_not_hot,VZ,confirmation,-0.463,-22.73,-35.66,0.062,13.18,False,38.2
mom5_positive + rsi_not_hot,mom5_positive,rsi_not_hot,PARA,discovery,-1.336,-96.93,-97.35,-1.495,-100.0,True,28.2
mom5_positive + rsi_not_hot,mom5_positive,rsi_not_hot,BMY,confirmation,-0.236,-7.2,-38.41,0.159,26.34,False,39.9
mom5_positive + rsi_not_hot,mom5_positive,rsi_not_hot,PFE,discovery,-0.191,-4.52,-40.26,-0.014,-1.62,False,38.4
mom5_positive + rsi_not_hot,mom5_positive,rsi_not_hot,CVS,confirmation,0.003,9.59,-39.02,0.362,71.02,False,37.0
mom5_positive + rsi_not_hot,mom5_positive,rsi_not_hot,VTRS,discovery,0.314,49.2,-25.7,0.176,20.88,True,37.0
mom5_positive + rsi_not_hot,mom5_positive,rsi_not_hot,MMM,confirmation,-0.398,-20.19,-50.06,0.28,49.88,False,38.7
mom5_positive + rsi_not_hot,mom5_positive,rsi_not_hot,EMR,discovery,-0.413,-22.81,-44.25,0.562,130.7,False,39.0
mom5_positive + rsi_not_hot,mom5_positive,rsi_not_hot,DOV,confirmation,0.133,25.64,-34.86,0.404,77.31,False,39.2
mom5_positive + rsi_not_hot,mom5_positive,rsi_not_hot,OKE,discovery,-0.064,2.57,-43.95,0.808,253.62,False,42.3
mom5_positive + rsi_not_hot,mom5_positive,rsi_not_hot,DOW,confirmation,-0.261,-11.78,-44.52,-0.185,-26.56,False,37.5
mom5_positive + rsi_not_hot,mom5_positive,rsi_not_hot,LYB,discovery,-0.26,-20.94,-62.26,0.084,3.0,False,41.2
mom5_positive + rsi_not_hot,mom5_positive,rsi_not_hot,MOS,confirmation,-0.653,-62.36,-75.88,0.18,10.56,False,39.9
mom5_positive + rsi_not_hot,mom5_positive,rsi_not_hot,NEM,discovery,0.049,9.95,-41.46,0.519,141.69,False,38.8
mom5_positive + rsi_not_hot,mom5_positive,rsi_not_hot,O,confirmation,-0.25,-2.01,-27.84,0.238,39.48,False,40.2
mom5_positive + rsi_not_hot,mom5_positive,rsi_not_hot,VTR,discovery,-0.35,-14.7,-30.0,0.555,121.72,False,38.0
mom5_positive + rsi_not_hot,mom5_positive,rsi_not_hot,KIM,confirmation,-0.431,-23.97,-43.95,0.49,104.27,False,42.3
mom5_positive + rsi_not_hot,mom5_positive,rsi_not_hot,BXP,discovery,-0.869,-59.45,-72.52,-0.003,-11.71,False,40.5
mom5_positive + rsi_not_hot,mom5_positive,rsi_not_hot,HST,confirmation,-0.092,-0.58,-34.74,0.449,100.27,False,39.6
mom5_positive + rsi_not_hot,mom5_positive,rsi_not_hot,F,discovery,0.109,18.55,-55.16,0.455,112.89,False,37.4
mom5_positive + rsi_not_hot,mom5_positive,rsi_not_hot,LEG,confirmation,-0.476,-58.82,-80.49,-0.418,-72.68,False,37.5
mom5_positive + rsi_not_hot,mom5_positive,rsi_not_hot,INTC,discovery,-0.03,-13.25,-47.12,0.495,140.96,False,38.4
mom5_positive + rsi_oversold,mom5_positive,rsi_oversold,SO,discovery,-1.533,2.69,-4.5,0.515,86.48,False,1.1
mom5_positive + rsi_oversold,mom5_positive,rsi_oversold,DUK,confirmation,-1.798,1.8,-2.7,0.384,61.14,False,0.9
mom5_positive + rsi_oversold,mom5_positive,rsi_oversold,AEP,discovery,-1.037,5.2,-3.53,0.468,81.2,False,1.7
mom5_positive + rsi_oversold,mom5_positive,rsi_oversold,ED,confirmation,-1.148,4.19,-3.06,0.417,68.61,False,1.0
mom5_positive + rsi_oversold,mom5_positive,rsi_oversold,XEL,discovery,-2.347,-1.92,-2.68,0.231,38.97,False,0.7
mom5_positive + rsi_oversold,mom5_positive,rsi_oversold,KHC,confirmation,-1.96,0.66,-4.88,-0.109,-9.46,False,1.0
mom5_positive + rsi_oversold,mom5_positive,rsi_oversold,GIS,discovery,-1.498,-11.39,-13.05,-0.212,-19.57,False,1.7
mom5_positive + rsi_oversold,mom5_positive,rsi_oversold,CAG,confirmation,-1.501,-7.08,-10.7,-0.415,-41.87,False,1.7
mom5_positive + rsi_oversold,mom5_positive,rsi_oversold,CPB,discovery,-1.983,-4.02,-7.85,-0.391,-41.88,False,1.3
mom5_positive + rsi_oversold,mom5_positive,rsi_oversold,SJM,confirmation,-0.604,6.51,-5.31,0.153,24.69,False,1.9
mom5_positive + rsi_oversold,mom5_positive,rsi_oversold,T,discovery,-1.043,-1.9,-8.26,0.348,63.12,False,1.7
mom5_positive + rsi_oversold,mom5_positive,rsi_oversold,VZ,confirmation,-1.61,-4.85,-8.2,0.062,13.18,False,1.7
mom5_positive + rsi_oversold,mom5_positive,rsi_oversold,PARA,discovery,-0.251,-21.18,-42.34,-1.495,-100.0,True,3.6
mom5_positive + rsi_oversold,mom5_positive,rsi_oversold,BMY,confirmation,-1.714,-6.62,-9.87,0.159,26.34,False,1.9
mom5_positive + rsi_oversold,mom5_positive,rsi_oversold,PFE,discovery,-1.802,-8.94,-11.14,-0.014,-1.62,False,1.8
mom5_positive + rsi_oversold,mom5_positive,rsi_oversold,CVS,confirmation,-1.27,-1.53,-6.94,0.362,71.02,False,1.5
mom5_positive + rsi_oversold,mom5_positive,rsi_oversold,VTRS,discovery,-0.308,10.44,-12.39,0.176,20.88,False,2.0
mom5_positive + rsi_oversold,mom5_positive,rsi_oversold,MMM,confirmation,-2.007,-11.65,-14.74,0.28,49.88,False,1.2
mom5_positive + rsi_oversold,mom5_positive,rsi_oversold,EMR,discovery,-0.816,2.27,-6.31,0.562,130.7,False,1.4
mom5_positive + rsi_oversold,mom5_positive,rsi_oversold,DOV,confirmation,-1.949,-7.5,-9.0,0.404,77.31,False,1.0
mom5_positive + rsi_oversold,mom5_positive,rsi_oversold,OKE,discovery,-1.59,-2.56,-4.63,0.808,253.62,False,0.9
mom5_positive + rsi_oversold,mom5_positive,rsi_oversold,DOW,confirmation,-1.285,-4.07,-11.27,-0.185,-26.56,False,1.7
mom5_positive + rsi_oversold,mom5_positive,rsi_oversold,LYB,discovery,-1.036,1.38,-6.14,0.084,3.0,False,1.5
mom5_positive + rsi_oversold,mom5_positive,rsi_oversold,MOS,confirmation,-0.782,-16.89,-19.92,0.18,10.56,False,2.2
mom5_positive + rsi_oversold,mom5_positive,rsi_oversold,NEM,discovery,-0.392,6.96,-9.11,0.519,141.69,False,1.7
mom5_positive + rsi_oversold,mom5_positive,rsi_oversold,O,confirmation,-1.2,3.93,-3.68,0.238,39.48,False,1.3
mom5_positive + rsi_oversold,mom5_positive,rsi_oversold,KIM,confirmation,-1.306,0.09,-5.16,0.49,104.27,False,1.3
mom5_positive + rsi_oversold,mom5_positive,rsi_oversold,BXP,discovery,-1.3,-9.5,-13.57,-0.003,-11.71,False,1.0
mom5_positive + rsi_oversold,mom5_positive,rsi_oversold,F,discovery,-1.262,-18.64,-22.27,0.455,112.89,False,1.3
mom5_positive + rsi_oversold,mom5_positive,rsi_oversold,LEG,confirmation,0.004,19.12,-5.53,-0.418,-72.68,True,1.7
mom5_positive + rsi_oversold,mom5_positive,rsi_oversold,INTC,discovery,-0.015,17.1,-11.79,0.495,140.96,False,2.2
mom5_positive + bb_lower_half,mom5_positive,bb_lower_half,SO,discovery,-0.193,11.72,-12.7,0.515,86.48,False,10.7
mom5_positive + bb_lower_half,mom5_positive,bb_lower_half,DUK,confirmation,-0.696,-3.65,-11.4,0.384,61.14,False,9.5
mom5_positive + bb_lower_half,mom5_positive,bb_lower_half,AEP,discovery,-0.418,3.02,-13.39,0.468,81.2,False,11.1
mom5_positive + bb_lower_half,mom5_positive,bb_lower_half,ED,confirmation,0.145,24.22,-7.74,0.417,68.61,False,9.1
mom5_positive + bb_lower_half,mom5_positive,bb_lower_half,XEL,discovery,-0.285,7.23,-9.26,0.231,38.97,False,10.0
mom5_positive + bb_lower_half,mom5_positive,bb_lower_half,KHC,confirmation,-1.207,-28.15,-35.87,-0.109,-9.46,False,12.5
mom5_positive + bb_lower_half,mom5_positive,bb_lower_half,GIS,discovery,-0.828,-18.15,-24.52,-0.212,-19.57,False,11.4
mom5_positive + bb_lower_half,mom5_positive,bb_lower_half,CAG,confirmation,-1.401,-40.54,-42.49,-0.415,-41.87,False,13.2
mom5_positive + bb_lower_half,mom5_positive,bb_lower_half,CPB,discovery,-1.286,-34.44,-40.48,-0.391,-41.88,False,11.8
mom5_positive + bb_lower_half,mom5_positive,bb_lower_half,SJM,confirmation,-0.043,15.77,-11.7,0.153,24.69,False,11.2
mom5_positive + bb_lower_half,mom5_positive,bb_lower_half,T,discovery,-0.492,-2.76,-16.58,0.348,63.12,False,11.6
mom5_positive + bb_lower_half,mom5_positive,bb_lower_half,VZ,confirmation,-0.707,-14.96,-29.82,0.062,13.18,False,12.5
mom5_positive + bb_lower_half,mom5_positive,bb_lower_half,PARA,discovery,-0.188,-52.99,-53.74,-1.495,-100.0,True,16.8
mom5_positive + bb_lower_half,mom5_positive,bb_lower_half,BMY,confirmation,-0.417,-3.8,-26.87,0.159,26.34,False,11.0
mom5_positive + bb_lower_half,mom5_positive,bb_lower_half,PFE,discovery,-0.353,1.5,-12.34,-0.014,-1.62,False,12.2
mom5_positive + bb_lower_half,mom5_positive,bb_lower_half,CVS,confirmation,-0.201,4.63,-14.75,0.362,71.02,False,10.7
mom5_positive + bb_lower_half,mom5_positive,bb_lower_half,VTRS,discovery,-0.182,5.18,-23.35,0.176,20.88,False,10.3
mom5_positive + bb_lower_half,mom5_positive,bb_lower_half,MMM,confirmation,-1.008,-28.2,-40.13,0.28,49.88,False,9.7
mom5_positive + bb_lower_half,mom5_positive,bb_lower_half,EMR,discovery,-0.865,-25.47,-28.59,0.562,130.7,False,11.1
mom5_positive + bb_lower_half,mom5_positive,bb_lower_half,DOV,confirmation,-0.417,-2.33,-27.04,0.404,77.31,False,10.0
mom5_positive + bb_lower_half,mom5_positive,bb_lower_half,OKE,discovery,-0.691,-18.48,-30.41,0.808,253.62,False,9.1
mom5_positive + bb_lower_half,mom5_positive,bb_lower_half,DOW,confirmation,-0.352,0.01,-17.51,-0.185,-26.56,False,12.8
mom5_positive + bb_lower_half,mom5_positive,bb_lower_half,LYB,discovery,-0.579,-17.46,-35.71,0.084,3.0,False,11.8
mom5_positive + bb_lower_half,mom5_positive,bb_lower_half,MOS,confirmation,0.293,43.31,-20.64,0.18,10.56,True,11.5
mom5_positive + bb_lower_half,mom5_positive,bb_lower_half,NEM,discovery,-0.331,-8.43,-25.49,0.519,141.69,False,11.3
mom5_positive + bb_lower_half,mom5_positive,bb_lower_half,O,confirmation,-0.473,2.61,-17.07,0.238,39.48,False,9.5
mom5_positive + bb_lower_half,mom5_positive,bb_lower_half,VTR,discovery,-0.679,-9.62,-19.71,0.555,121.72,False,9.9
mom5_positive + bb_lower_half,mom5_positive,bb_lower_half,KIM,confirmation,-0.427,-2.85,-18.81,0.49,104.27,False,10.7
mom5_positive + bb_lower_half,mom5_positive,bb_lower_half,BXP,discovery,-1.054,-41.72,-42.76,-0.003,-11.71,False,11.7
mom5_positive + bb_lower_half,mom5_positive,bb_lower_half,HST,confirmation,-0.563,-13.17,-23.98,0.449,100.27,False,9.7
mom5_positive + bb_lower_half,mom5_positive,bb_lower_half,F,discovery,-0.839,-36.41,-60.93,0.455,112.89,False,11.4
mom5_positive + bb_lower_half,mom5_positive,bb_lower_half,LEG,confirmation,-0.516,-21.31,-39.45,-0.418,-72.68,False,15.5
mom5_positive + bb_lower_half,mom5_positive,bb_lower_half,INTC,discovery,-0.21,-7.55,-34.26,0.495,140.96,False,11.1
mom5_positive + bb_upper_half,mom5_positive,bb_upper_half,SO,discovery,-0.351,-10.14,-16.82,0.515,86.48,False,46.7
mom5_positive + bb_upper_half,mom5_positive,bb_upper_half,DUK,confirmation,-0.031,12.96,-18.4,0.384,61.14,False,45.6
mom5_positive + bb_upper_half,mom5_positive,bb_upper_half,AEP,discovery,0.324,44.43,-18.94,0.468,81.2,False,44.5
mom5_positive + bb_upper_half,mom5_positive,bb_upper_half,ED,confirmation,0.158,27.9,-15.47,0.417,68.61,False,43.9
mom5_positive + bb_upper_half,mom5_positive,bb_upper_half,XEL,discovery,-0.272,-7.07,-20.09,0.231,38.97,False,42.8
mom5_positive + bb_upper_half,mom5_positive,bb_upper_half,KHC,confirmation,-0.117,3.8,-40.56,-0.109,-9.46,False,36.9
mom5_positive + bb_upper_half,mom5_positive,bb_upper_half,GIS,discovery,-0.869,-45.15,-50.63,-0.212,-19.57,False,37.0
mom5_positive + bb_upper_half,mom5_positive,bb_upper_half,CAG,confirmation,-0.815,-40.74,-43.81,-0.415,-41.87,False,35.9
mom5_positive + bb_upper_half,mom5_positive,bb_upper_half,CPB,discovery,-1.128,-59.5,-60.85,-0.391,-41.88,False,37.1
mom5_positive + bb_upper_half,mom5_positive,bb_upper_half,SJM,confirmation,-0.601,-38.59,-46.9,0.153,24.69,False,41.2
mom5_positive + bb_upper_half,mom5_positive,bb_upper_half,T,discovery,0.361,53.31,-23.02,0.348,63.12,True,41.2
mom5_positive + bb_upper_half,mom5_positive,bb_upper_half,VZ,confirmation,-0.464,-20.97,-35.9,0.062,13.18,False,37.3
mom5_positive + bb_upper_half,mom5_positive,bb_upper_half,PARA,discovery,-1.146,-89.15,-92.38,-1.495,-100.0,True,12.3
mom5_positive + bb_upper_half,mom5_positive,bb_upper_half,BMY,confirmation,-0.263,-9.99,-30.86,0.159,26.34,False,40.0
mom5_positive + bb_upper_half,mom5_positive,bb_upper_half,PFE,discovery,-0.029,7.58,-47.39,-0.014,-1.62,False,37.3
mom5_positive + bb_upper_half,mom5_positive,bb_upper_half,CVS,confirmation,0.083,18.69,-36.44,0.362,71.02,False,42.1
mom5_positive + bb_upper_half,mom5_positive,bb_upper_half,VTRS,discovery,0.253,42.0,-37.75,0.176,20.88,True,41.1
mom5_positive + bb_upper_half,mom5_positive,bb_upper_half,MMM,confirmation,-0.031,8.9,-27.61,0.28,49.88,False,41.2
mom5_positive + bb_upper_half,mom5_positive,bb_upper_half,EMR,discovery,-0.233,-9.81,-42.72,0.562,130.7,False,44.7
mom5_positive + bb_upper_half,mom5_positive,bb_upper_half,DOV,confirmation,0.024,14.52,-27.33,0.404,77.31,False,44.5
mom5_positive + bb_upper_half,mom5_positive,bb_upper_half,OKE,discovery,0.014,10.49,-32.49,0.808,253.62,False,48.5
mom5_positive + bb_upper_half,mom5_positive,bb_upper_half,DOW,confirmation,-0.264,-11.6,-45.58,-0.185,-26.56,False,35.5
mom5_positive + bb_upper_half,mom5_positive,bb_upper_half,LYB,discovery,-0.351,-29.25,-59.29,0.084,3.0,False,39.4
mom5_positive + bb_upper_half,mom5_positive,bb_upper_half,MOS,confirmation,-0.917,-73.58,-78.86,0.18,10.56,False,41.2
mom5_positive + bb_upper_half,mom5_positive,bb_upper_half,NEM,discovery,-0.118,-14.33,-38.6,0.519,141.69,False,42.3
mom5_positive + bb_upper_half,mom5_positive,bb_upper_half,O,confirmation,-0.169,2.63,-22.94,0.238,39.48,False,44.3
mom5_positive + bb_upper_half,mom5_positive,bb_upper_half,VTR,discovery,0.009,12.34,-24.44,0.555,121.72,False,44.7
mom5_positive + bb_upper_half,mom5_positive,bb_upper_half,KIM,confirmation,-0.573,-33.76,-39.35,0.49,104.27,False,42.9
mom5_positive + bb_upper_half,mom5_positive,bb_upper_half,BXP,discovery,-0.355,-27.27,-46.76,-0.003,-11.71,False,39.7
mom5_positive + bb_upper_half,mom5_positive,bb_upper_half,HST,confirmation,-0.115,-3.42,-35.06,0.449,100.27,False,42.6
mom5_positive + bb_upper_half,mom5_positive,bb_upper_half,F,discovery,0.604,137.34,-29.46,0.455,112.89,True,40.9
mom5_positive + bb_upper_half,mom5_positive,bb_upper_half,LEG,confirmation,-0.521,-61.41,-73.26,-0.418,-72.68,False,30.9
mom5_positive + bb_upper_half,mom5_positive,bb_upper_half,INTC,discovery,0.32,60.38,-49.86,0.495,140.96,False,38.6
mom5_positive + adx_trending,mom5_positive,adx_trending,SO,discovery,-0.072,11.19,-17.29,0.515,86.48,False,35.5
mom5_positive + adx_trending,mom5_positive,adx_trending,DUK,confirmation,0.11,23.71,-15.76,0.384,61.14,False,36.6
mom5_positive + adx_trending,mom5_positive,adx_trending,AEP,discovery,0.354,44.07,-18.32,0.468,81.2,False,35.2
mom5_positive + adx_trending,mom5_positive,adx_trending,ED,confirmation,0.498,59.15,-14.12,0.417,68.61,True,36.1
mom5_positive + adx_trending,mom5_positive,adx_trending,XEL,discovery,-0.071,11.18,-16.64,0.231,38.97,False,31.8
mom5_positive + adx_trending,mom5_positive,adx_trending,KHC,confirmation,-0.249,-2.76,-27.65,-0.109,-9.46,False,33.2
mom5_positive + adx_trending,mom5_positive,adx_trending,GIS,discovery,-0.861,-37.16,-47.48,-0.212,-19.57,False,28.9
mom5_positive + adx_trending,mom5_positive,adx_trending,CAG,confirmation,-1.027,-44.2,-49.11,-0.415,-41.87,False,31.8
mom5_positive + adx_trending,mom5_positive,adx_trending,CPB,discovery,-1.269,-55.7,-61.07,-0.391,-41.88,False,27.4
mom5_positive + adx_trending,mom5_positive,adx_trending,SJM,confirmation,-0.395,-17.66,-32.49,0.153,24.69,False,32.2
mom5_positive + adx_trending,mom5_positive,adx_trending,T,discovery,0.308,46.0,-21.96,0.348,63.12,False,37.3
mom5_positive + adx_trending,mom5_positive,adx_trending,VZ,confirmation,-0.294,-11.63,-31.79,0.062,13.18,False,35.4
mom5_positive + adx_trending,mom5_positive,adx_trending,PARA,discovery,-0.67,-85.87,-90.35,-1.495,-100.0,True,18.9
mom5_positive + adx_trending,mom5_positive,adx_trending,BMY,confirmation,-0.485,-23.09,-43.83,0.159,26.34,False,31.8
mom5_positive + adx_trending,mom5_positive,adx_trending,PFE,discovery,0.288,44.25,-38.18,-0.014,-1.62,True,36.3
mom5_positive + adx_trending,mom5_positive,adx_trending,CVS,confirmation,0.331,49.98,-30.11,0.362,71.02,False,35.6
mom5_positive + adx_trending,mom5_positive,adx_trending,VTRS,discovery,-0.075,0.25,-55.39,0.176,20.88,False,36.5
mom5_positive + adx_trending,mom5_positive,adx_trending,MMM,confirmation,-0.355,-14.98,-38.94,0.28,49.88,False,31.4
mom5_positive + adx_trending,mom5_positive,adx_trending,EMR,discovery,-0.328,-16.9,-51.65,0.562,130.7,False,37.5
mom5_positive + adx_trending,mom5_positive,adx_trending,DOV,confirmation,-0.23,-5.35,-33.09,0.404,77.31,False,36.8
mom5_positive + adx_trending,mom5_positive,adx_trending,OKE,discovery,-0.306,-13.37,-30.86,0.808,253.62,False,29.7
mom5_positive + adx_trending,mom5_positive,adx_trending,DOW,confirmation,-0.291,-7.44,-29.43,-0.185,-26.56,False,32.6
mom5_positive + adx_trending,mom5_positive,adx_trending,LYB,discovery,-0.567,-39.16,-64.31,0.084,3.0,False,29.4
mom5_positive + adx_trending,mom5_positive,adx_trending,MOS,confirmation,-0.648,-55.5,-62.02,0.18,10.56,False,30.9
mom5_positive + adx_trending,mom5_positive,adx_trending,NEM,discovery,-0.338,-31.46,-37.08,0.519,141.69,False,35.9
mom5_positive + adx_trending,mom5_positive,adx_trending,O,confirmation,-0.103,9.32,-22.73,0.238,39.48,False,35.5
mom5_positive + adx_trending,mom5_positive,adx_trending,VTR,discovery,-0.636,-28.56,-38.33,0.555,121.72,False,36.6
mom5_positive + adx_trending,mom5_positive,adx_trending,KIM,confirmation,-0.448,-18.95,-33.38,0.49,104.27,False,31.6
mom5_positive + adx_trending,mom5_positive,adx_trending,BXP,discovery,-0.642,-41.31,-54.27,-0.003,-11.71,False,30.0
mom5_positive + adx_trending,mom5_positive,adx_trending,HST,confirmation,0.003,11.24,-30.24,0.449,100.27,False,34.5
mom5_positive + adx_trending,mom5_positive,adx_trending,F,discovery,0.013,3.56,-59.91,0.455,112.89,False,37.6
mom5_positive + adx_trending,mom5_positive,adx_trending,LEG,confirmation,-0.957,-62.37,-66.64,-0.418,-72.68,False,27.3
mom5_positive + adx_trending,mom5_positive,adx_trending,INTC,discovery,0.052,1.06,-53.02,0.495,140.96,False,31.6
mom5_positive + adx_quiet,mom5_positive,adx_quiet,SO,discovery,-0.468,-1.71,-18.17,0.515,86.48,False,13.9
mom5_positive + adx_quiet,mom5_positive,adx_quiet,DUK,confirmation,-0.806,-9.78,-11.86,0.384,61.14,False,11.1
mom5_positive + adx_quiet,mom5_positive,adx_quiet,AEP,discovery,-0.222,7.97,-7.29,0.468,81.2,False,12.1
mom5_positive + adx_quiet,mom5_positive,adx_quiet,ED,confirmation,-0.139,13.42,-7.5,0.417,68.61,False,10.2
mom5_positive + adx_quiet,mom5_positive,adx_quiet,XEL,discovery,-0.626,-12.53,-20.51,0.231,38.97,False,12.7
mom5_positive + adx_quiet,mom5_positive,adx_quiet,KHC,confirmation,-0.424,-1.79,-18.21,-0.109,-9.46,False,9.8
mom5_positive + adx_quiet,mom5_positive,adx_quiet,GIS,discovery,-0.65,-14.76,-26.09,-0.212,-19.57,False,13.2
mom5_positive + adx_quiet,mom5_positive,adx_quiet,CAG,confirmation,-1.158,-30.05,-34.23,-0.415,-41.87,False,11.1
mom5_positive + adx_quiet,mom5_positive,adx_quiet,CPB,discovery,-0.837,-26.81,-38.77,-0.391,-41.88,False,14.5
mom5_positive + adx_quiet,mom5_positive,adx_quiet,SJM,confirmation,-0.531,-11.8,-27.36,0.153,24.69,False,11.1
mom5_positive + adx_quiet,mom5_positive,adx_quiet,T,discovery,-0.542,0.97,-12.57,0.348,63.12,False,7.8
mom5_positive + adx_quiet,mom5_positive,adx_quiet,VZ,confirmation,-0.935,-15.81,-23.29,0.062,13.18,False,10.0
mom5_positive + adx_quiet,mom5_positive,adx_quiet,PARA,discovery,-2.238,-74.4,-74.4,-1.495,-100.0,False,6.8
mom5_positive + adx_quiet,mom5_positive,adx_quiet,BMY,confirmation,0.22,29.93,-10.17,0.159,26.34,True,12.5
mom5_positive + adx_quiet,mom5_positive,adx_quiet,PFE,discovery,-1.308,-19.39,-20.34,-0.014,-1.62,False,7.2
mom5_positive + adx_quiet,mom5_positive,adx_quiet,CVS,confirmation,-0.423,-6.65,-19.73,0.362,71.02,False,11.1
mom5_positive + adx_quiet,mom5_positive,adx_quiet,VTRS,discovery,0.644,64.85,-11.11,0.176,20.88,True,10.2
mom5_positive + adx_quiet,mom5_positive,adx_quiet,MMM,confirmation,-0.638,-11.13,-17.7,0.28,49.88,False,12.6
mom5_positive + adx_quiet,mom5_positive,adx_quiet,EMR,discovery,-0.536,-6.45,-16.48,0.562,130.7,False,12.4
mom5_positive + adx_quiet,mom5_positive,adx_quiet,DOV,confirmation,-0.114,11.93,-18.14,0.404,77.31,False,10.9
mom5_positive + adx_quiet,mom5_positive,adx_quiet,OKE,discovery,-0.092,9.9,-16.48,0.808,253.62,False,16.3
mom5_positive + adx_quiet,mom5_positive,adx_quiet,DOW,confirmation,-0.362,-6.22,-32.34,-0.185,-26.56,False,8.9
mom5_positive + adx_quiet,mom5_positive,adx_quiet,LYB,discovery,-0.468,-11.99,-26.35,0.084,3.0,False,13.6
mom5_positive + adx_quiet,mom5_positive,adx_quiet,MOS,confirmation,-0.07,6.88,-29.3,0.18,10.56,False,13.4
mom5_positive + adx_quiet,mom5_positive,adx_quiet,NEM,discovery,0.214,33.79,-22.23,0.519,141.69,False,12.0
mom5_positive + adx_quiet,mom5_positive,adx_quiet,O,confirmation,-0.966,-17.08,-19.02,0.238,39.48,False,10.2
mom5_positive + adx_quiet,mom5_positive,adx_quiet,VTR,discovery,0.182,28.2,-11.7,0.555,121.72,False,11.6
mom5_positive + adx_quiet,mom5_positive,adx_quiet,KIM,confirmation,-0.566,-13.21,-27.19,0.49,104.27,False,14.0
mom5_positive + adx_quiet,mom5_positive,adx_quiet,BXP,discovery,-0.486,-16.9,-39.16,-0.003,-11.71,False,15.3
mom5_positive + adx_quiet,mom5_positive,adx_quiet,HST,confirmation,-1.127,-34.46,-47.7,0.449,100.27,False,8.4
mom5_positive + adx_quiet,mom5_positive,adx_quiet,F,discovery,0.243,35.83,-17.06,0.455,112.89,False,8.6
mom5_positive + adx_quiet,mom5_positive,adx_quiet,LEG,confirmation,-0.094,1.09,-32.81,-0.418,-72.68,True,10.3
mom5_positive + adx_quiet,mom5_positive,adx_quiet,INTC,discovery,-0.061,1.63,-37.22,0.495,140.96,False,9.7
mom5_positive + low_vol,mom5_positive,low_vol,SO,discovery,-0.216,4.32,-17.39,0.515,86.48,False,26.9
mom5_positive + low_vol,mom5_positive,low_vol,DUK,confirmation,-0.714,-14.67,-19.4,0.384,61.14,False,23.7
mom5_positive + low_vol,mom5_positive,low_vol,AEP,discovery,-0.232,2.72,-17.09,0.468,81.2,False,25.6
mom5_positive + low_vol,mom5_positive,low_vol,ED,confirmation,-0.15,9.09,-15.7,0.417,68.61,False,21.6
mom5_positive + low_vol,mom5_positive,low_vol,XEL,discovery,-0.736,-20.86,-24.28,0.231,38.97,False,22.1
mom5_positive + low_vol,mom5_positive,low_vol,KHC,confirmation,-0.62,-17.15,-24.02,-0.109,-9.46,False,22.2
mom5_positive + low_vol,mom5_positive,low_vol,GIS,discovery,-0.899,-29.62,-31.38,-0.212,-19.57,False,22.8
mom5_positive + low_vol,mom5_positive,low_vol,CAG,confirmation,-1.481,-52.05,-54.38,-0.415,-41.87,False,20.5
mom5_positive + low_vol,mom5_positive,low_vol,CPB,discovery,-1.03,-36.39,-39.18,-0.391,-41.88,False,19.6
mom5_positive + low_vol,mom5_positive,low_vol,SJM,confirmation,-0.557,-18.49,-31.44,0.153,24.69,False,24.4
mom5_positive + low_vol,mom5_positive,low_vol,T,discovery,-0.21,1.26,-24.75,0.348,63.12,False,21.0
mom5_positive + low_vol,mom5_positive,low_vol,VZ,confirmation,-0.666,-22.68,-29.38,0.062,13.18,False,22.7
mom5_positive + low_vol,mom5_positive,low_vol,PARA,discovery,-0.715,-52.61,-53.86,-1.495,-100.0,True,10.2
mom5_positive + low_vol,mom5_positive,low_vol,BMY,confirmation,-0.493,-15.5,-29.73,0.159,26.34,False,21.7
mom5_positive + low_vol,mom5_positive,low_vol,PFE,discovery,-0.517,-16.56,-39.6,-0.014,-1.62,False,22.4
mom5_positive + low_vol,mom5_positive,low_vol,CVS,confirmation,-0.166,-2.28,-32.34,0.362,71.02,False,25.6
mom5_positive + low_vol,mom5_positive,low_vol,VTRS,discovery,0.21,34.39,-39.23,0.176,20.88,True,23.3
mom5_positive + low_vol,mom5_positive,low_vol,MMM,confirmation,-0.359,-10.32,-32.94,0.28,49.88,False,23.5
mom5_positive + low_vol,mom5_positive,low_vol,EMR,discovery,-0.281,-6.77,-38.97,0.562,130.7,False,23.7
mom5_positive + low_vol,mom5_positive,low_vol,DOV,confirmation,-0.162,3.68,-23.24,0.404,77.31,False,24.0
mom5_positive + low_vol,mom5_positive,low_vol,OKE,discovery,-0.89,-42.36,-46.61,0.808,253.62,False,28.1
mom5_positive + low_vol,mom5_positive,low_vol,DOW,confirmation,-0.137,6.27,-20.1,-0.185,-26.56,True,17.6
mom5_positive + low_vol,mom5_positive,low_vol,LYB,discovery,-0.532,-24.83,-38.82,0.084,3.0,False,19.9
mom5_positive + low_vol,mom5_positive,low_vol,MOS,confirmation,-0.828,-55.85,-64.79,0.18,10.56,False,24.2
mom5_positive + low_vol,mom5_positive,low_vol,NEM,discovery,-0.348,-27.83,-46.75,0.519,141.69,False,25.7
mom5_positive + low_vol,mom5_positive,low_vol,O,confirmation,-0.846,-20.94,-28.81,0.238,39.48,False,23.7
mom5_positive + low_vol,mom5_positive,low_vol,VTR,discovery,-0.364,-7.8,-27.53,0.555,121.72,False,24.4
mom5_positive + low_vol,mom5_positive,low_vol,KIM,confirmation,-0.636,-22.22,-39.04,0.49,104.27,False,24.7
mom5_positive + low_vol,mom5_positive,low_vol,BXP,discovery,-0.77,-37.58,-48.42,-0.003,-11.71,False,23.3
mom5_positive + low_vol,mom5_positive,low_vol,HST,confirmation,0.018,14.15,-32.92,0.449,100.27,False,26.9
mom5_positive + low_vol,mom5_positive,low_vol,F,discovery,-0.068,1.77,-38.06,0.455,112.89,False,24.7
mom5_positive + low_vol,mom5_positive,low_vol,LEG,confirmation,-0.312,-33.42,-60.83,-0.418,-72.68,True,20.5
mom5_positive + low_vol,mom5_positive,low_vol,INTC,discovery,-0.198,-20.39,-41.38,0.495,140.96,False,20.1
mom5_positive + rsi_rising,mom5_positive,rsi_rising,SO,discovery,-0.606,-20.2,-23.49,0.515,86.48,False,36.4
mom5_positive + rsi_rising,mom5_positive,rsi_rising,DUK,confirmation,-0.509,-13.21,-24.31,0.384,61.14,False,36.6
mom5_positive + rsi_rising,mom5_positive,rsi_rising,AEP,discovery,0.281,38.55,-20.1,0.468,81.2,False,36.8
mom5_positive + rsi_rising,mom5_positive,rsi_rising,ED,confirmation,0.066,20.39,-14.44,0.417,68.61,False,35.7
mom5_positive + rsi_rising,mom5_positive,rsi_rising,XEL,discovery,-0.632,-25.89,-30.67,0.231,38.97,False,35.3
mom5_positive + rsi_rising,mom5_positive,rsi_rising,KHC,confirmation,-0.678,-30.52,-42.11,-0.109,-9.46,False,33.3
mom5_positive + rsi_rising,mom5_positive,rsi_rising,GIS,discovery,-1.118,-53.72,-60.2,-0.212,-19.57,False,32.7
mom5_positive + rsi_rising,mom5_positive,rsi_rising,CAG,confirmation,-1.639,-64.81,-65.77,-0.415,-41.87,False,31.8
mom5_positive + rsi_rising,mom5_positive,rsi_rising,CPB,discovery,-1.505,-69.71,-71.85,-0.391,-41.88,False,33.9
mom5_positive + rsi_rising,mom5_positive,rsi_rising,SJM,confirmation,-1.032,-51.26,-55.86,0.153,24.69,False,35.5
mom5_positive + rsi_rising,mom5_positive,rsi_rising,T,discovery,-0.018,12.06,-25.47,0.348,63.12,False,33.8
mom5_positive + rsi_rising,mom5_positive,rsi_rising,VZ,confirmation,-0.849,-38.5,-44.16,0.062,13.18,False,34.1
mom5_positive + rsi_rising,mom5_positive,rsi_rising,PARA,discovery,-0.76,-85.62,-86.01,-1.495,-100.0,True,20.9
mom5_positive + rsi_rising,mom5_positive,rsi_rising,BMY,confirmation,-0.518,-25.78,-39.7,0.159,26.34,False,33.4
mom5_positive + rsi_rising,mom5_positive,rsi_rising,PFE,discovery,0.193,32.11,-26.52,-0.014,-1.62,True,32.7
mom5_positive + rsi_rising,mom5_positive,rsi_rising,CVS,confirmation,0.208,34.48,-28.28,0.362,71.02,False,36.8
mom5_positive + rsi_rising,mom5_positive,rsi_rising,VTRS,discovery,0.15,27.0,-40.28,0.176,20.88,False,35.9
mom5_positive + rsi_rising,mom5_positive,rsi_rising,MMM,confirmation,-0.074,5.37,-41.06,0.28,49.88,False,35.2
mom5_positive + rsi_rising,mom5_positive,rsi_rising,EMR,discovery,-0.652,-38.2,-46.97,0.562,130.7,False,37.6
mom5_positive + rsi_rising,mom5_positive,rsi_rising,DOV,confirmation,-0.136,2.0,-39.61,0.404,77.31,False,36.1
mom5_positive + rsi_rising,mom5_positive,rsi_rising,OKE,discovery,-0.652,-40.46,-51.26,0.808,253.62,False,38.0
mom5_positive + rsi_rising,mom5_positive,rsi_rising,DOW,confirmation,-0.114,-0.47,-29.1,-0.185,-26.56,True,34.7
mom5_positive + rsi_rising,mom5_positive,rsi_rising,LYB,discovery,-0.264,-16.75,-46.4,0.084,3.0,False,32.3
mom5_positive + rsi_rising,mom5_positive,rsi_rising,MOS,confirmation,-0.711,-61.19,-69.2,0.18,10.56,False,32.9
mom5_positive + rsi_rising,mom5_positive,rsi_rising,NEM,discovery,-0.373,-33.88,-47.91,0.519,141.69,False,35.4
mom5_positive + rsi_rising,mom5_positive,rsi_rising,O,confirmation,0.064,20.34,-16.71,0.238,39.48,False,35.8
mom5_positive + rsi_rising,mom5_positive,rsi_rising,VTR,discovery,-0.053,7.77,-28.22,0.555,121.72,False,35.6
mom5_positive + rsi_rising,mom5_positive,rsi_rising,KIM,confirmation,-0.767,-40.58,-48.71,0.49,104.27,False,34.4
mom5_positive + rsi_rising,mom5_positive,rsi_rising,BXP,discovery,-0.83,-53.16,-65.19,-0.003,-11.71,False,33.4
mom5_positive + rsi_rising,mom5_positive,rsi_rising,HST,confirmation,-0.323,-19.55,-40.63,0.449,100.27,False,34.3
mom5_positive + rsi_rising,mom5_positive,rsi_rising,F,discovery,0.338,58.81,-41.89,0.455,112.89,False,34.7
mom5_positive + rsi_rising,mom5_positive,rsi_rising,LEG,confirmation,-0.198,-25.29,-51.64,-0.418,-72.68,True,32.7
mom5_positive + rsi_rising,mom5_positive,rsi_rising,INTC,discovery,-0.257,-42.68,-60.54,0.495,140.96,False,34.6
mom5_positive + mom_accelerating,mom5_positive,mom_accelerating,SO,discovery,-0.71,-27.6,-35.31,0.515,86.48,False,41.1
mom5_positive + mom_accelerating,mom5_positive,mom_accelerating,DUK,confirmation,-0.375,-8.29,-19.76,0.384,61.14,False,40.0
mom5_positive + mom_accelerating,mom5_positive,mom_accelerating,AEP,discovery,-0.024,12.73,-20.38,0.468,81.2,False,38.9
mom5_positive + mom_accelerating,mom5_positive,mom_accelerating,ED,confirmation,-0.356,-8.98,-28.55,0.417,68.61,False,38.9
mom5_positive + mom_accelerating,mom5_positive,mom_accelerating,XEL,discovery,-0.695,-30.96,-38.75,0.231,38.97,False,37.9
mom5_positive + mom_accelerating,mom5_positive,mom_accelerating,KHC,confirmation,-0.459,-19.11,-41.28,-0.109,-9.46,False,36.3
mom5_positive + mom_accelerating,mom5_positive,mom_accelerating,GIS,discovery,-0.733,-37.64,-46.92,-0.212,-19.57,False,34.8
mom5_positive + mom_accelerating,mom5_positive,mom_accelerating,CAG,confirmation,-1.293,-59.15,-62.58,-0.415,-41.87,False,36.1
mom5_positive + mom_accelerating,mom5_positive,mom_accelerating,CPB,discovery,-1.31,-63.14,-67.15,-0.391,-41.88,False,36.6
mom5_positive + mom_accelerating,mom5_positive,mom_accelerating,SJM,confirmation,-0.609,-34.23,-42.52,0.153,24.69,False,38.6
mom5_positive + mom_accelerating,mom5_positive,mom_accelerating,T,discovery,0.42,57.76,-24.82,0.348,63.12,True,38.7
mom5_positive + mom_accelerating,mom5_positive,mom_accelerating,VZ,confirmation,-0.873,-41.1,-49.08,0.062,13.18,False,37.4
mom5_positive + mom_accelerating,mom5_positive,mom_accelerating,PARA,discovery,-0.517,-83.42,-86.64,-1.495,-100.0,True,23.6
mom5_positive + mom_accelerating,mom5_positive,mom_accelerating,BMY,confirmation,-0.223,-8.08,-36.2,0.159,26.34,False,38.4
mom5_positive + mom_accelerating,mom5_positive,mom_accelerating,PFE,discovery,0.347,51.34,-36.41,-0.014,-1.62,True,37.4
mom5_positive + mom_accelerating,mom5_positive,mom_accelerating,CVS,confirmation,0.143,26.02,-34.33,0.362,71.02,False,39.2
mom5_positive + mom_accelerating,mom5_positive,mom_accelerating,VTRS,discovery,0.29,46.87,-37.77,0.176,20.88,True,37.8
mom5_positive + mom_accelerating,mom5_positive,mom_accelerating,MMM,confirmation,-0.319,-15.0,-38.6,0.28,49.88,False,36.1
mom5_positive + mom_accelerating,mom5_positive,mom_accelerating,EMR,discovery,-0.439,-24.41,-41.79,0.562,130.7,False,40.7
mom5_positive + mom_accelerating,mom5_positive,mom_accelerating,DOV,confirmation,-0.395,-18.25,-43.45,0.404,77.31,False,38.0
mom5_positive + mom_accelerating,mom5_positive,mom_accelerating,OKE,discovery,-0.533,-36.23,-51.67,0.808,253.62,False,42.7
mom5_positive + mom_accelerating,mom5_positive,mom_accelerating,DOW,confirmation,0.046,13.06,-29.32,-0.185,-26.56,True,37.5
mom5_positive + mom_accelerating,mom5_positive,mom_accelerating,LYB,discovery,-0.615,-45.37,-64.38,0.084,3.0,False,37.4
mom5_positive + mom_accelerating,mom5_positive,mom_accelerating,MOS,confirmation,-0.554,-55.55,-66.2,0.18,10.56,False,37.6
mom5_positive + mom_accelerating,mom5_positive,mom_accelerating,NEM,discovery,-0.138,-15.27,-36.69,0.519,141.69,False,40.7
mom5_positive + mom_accelerating,mom5_positive,mom_accelerating,O,confirmation,-0.348,-6.28,-26.6,0.238,39.48,False,37.6
mom5_positive + mom_accelerating,mom5_positive,mom_accelerating,VTR,discovery,-0.053,7.77,-26.51,0.555,121.72,False,39.0
mom5_positive + mom_accelerating,mom5_positive,mom_accelerating,KIM,confirmation,-0.836,-45.95,-48.69,0.49,104.27,False,38.4
mom5_positive + mom_accelerating,mom5_positive,mom_accelerating,BXP,discovery,-0.905,-61.27,-71.98,-0.003,-11.71,False,37.5
mom5_positive + mom_accelerating,mom5_positive,mom_accelerating,HST,confirmation,-0.335,-21.43,-50.88,0.449,100.27,False,39.6
mom5_positive + mom_accelerating,mom5_positive,mom_accelerating,F,discovery,0.17,27.91,-55.05,0.455,112.89,False,38.2
mom5_positive + mom_accelerating,mom5_positive,mom_accelerating,LEG,confirmation,-0.375,-50.7,-73.83,-0.418,-72.68,True,35.9
mom5_positive + mom_accelerating,mom5_positive,mom_accelerating,INTC,discovery,0.594,178.63,-46.61,0.495,140.96,True,39.3
rsi_bullish + rsi_not_hot,rsi_bullish,rsi_not_hot,SO,discovery,-0.271,-5.08,-17.04,0.515,86.48,False,44.3
rsi_bullish + rsi_not_hot,rsi_bullish,rsi_not_hot,DUK,confirmation,-0.002,15.0,-12.97,0.384,61.14,False,44.2
rsi_bullish + rsi_not_hot,rsi_bullish,rsi_not_hot,AEP,discovery,0.405,50.43,-20.83,0.468,81.2,False,38.9
rsi_bullish + rsi_not_hot,rsi_bullish,rsi_not_hot,ED,confirmation,0.358,46.04,-15.7,0.417,68.61,False,42.4
rsi_bullish + rsi_not_hot,rsi_bullish,rsi_not_hot,XEL,discovery,-0.319,-10.37,-16.48,0.231,38.97,False,40.9
rsi_bullish + rsi_not_hot,rsi_bullish,rsi_not_hot,KHC,confirmation,-0.115,2.41,-37.59,-0.109,-9.46,False,37.4
rsi_bullish + rsi_not_hot,rsi_bullish,rsi_not_hot,GIS,discovery,-0.765,-38.23,-46.58,-0.212,-19.57,False,35.9
rsi_bullish + rsi_not_hot,rsi_bullish,rsi_not_hot,CAG,confirmation,-0.588,-29.08,-40.52,-0.415,-41.87,False,36.5
rsi_bullish + rsi_not_hot,rsi_bullish,rsi_not_hot,CPB,discovery,-0.673,-40.99,-48.48,-0.391,-41.88,False,41.6
rsi_bullish + rsi_not_hot,rsi_bullish,rsi_not_hot,SJM,confirmation,-0.025,8.3,-35.01,0.153,24.69,False,43.5
rsi_bullish + rsi_not_hot,rsi_bullish,rsi_not_hot,T,discovery,0.391,56.21,-26.24,0.348,63.12,True,37.6
rsi_bullish + rsi_not_hot,rsi_bullish,rsi_not_hot,VZ,confirmation,-0.42,-13.89,-34.36,0.062,13.18,False,34.0
rsi_bullish + rsi_not_hot,rsi_bullish,rsi_not_hot,PARA,discovery,-0.761,-81.72,-87.91,-1.495,-100.0,True,17.4
rsi_bullish + rsi_not_hot,rsi_bullish,rsi_not_hot,BMY,confirmation,-0.035,9.86,-30.35,0.159,26.34,False,38.2
rsi_bullish + rsi_not_hot,rsi_bullish,rsi_not_hot,PFE,discovery,-0.075,6.16,-34.43,-0.014,-1.62,False,35.7
rsi_bullish + rsi_not_hot,rsi_bullish,rsi_not_hot,CVS,confirmation,0.167,29.33,-29.87,0.362,71.02,False,35.7
rsi_bullish + rsi_not_hot,rsi_bullish,rsi_not_hot,VTRS,discovery,0.282,45.89,-32.07,0.176,20.88,True,37.1
rsi_bullish + rsi_not_hot,rsi_bullish,rsi_not_hot,MMM,confirmation,-0.19,-7.67,-35.49,0.28,49.88,False,41.2
rsi_bullish + rsi_not_hot,rsi_bullish,rsi_not_hot,EMR,discovery,-0.169,-5.38,-28.58,0.562,130.7,False,39.1
rsi_bullish + rsi_not_hot,rsi_bullish,rsi_not_hot,DOV,confirmation,0.281,42.83,-19.48,0.404,77.31,False,38.9
rsi_bullish + rsi_not_hot,rsi_bullish,rsi_not_hot,OKE,discovery,-0.052,1.9,-49.65,0.808,253.62,False,44.7
rsi_bullish + rsi_not_hot,rsi_bullish,rsi_not_hot,DOW,confirmation,-0.529,-28.71,-50.78,-0.185,-26.56,False,36.4
rsi_bullish + rsi_not_hot,rsi_bullish,rsi_not_hot,LYB,discovery,0.032,10.22,-42.42,0.084,3.0,False,39.8
rsi_bullish + rsi_not_hot,rsi_bullish,rsi_not_hot,MOS,confirmation,-0.68,-64.95,-87.2,0.18,10.56,False,37.6
rsi_bullish + rsi_not_hot,rsi_bullish,rsi_not_hot,NEM,discovery,0.516,103.29,-36.23,0.519,141.69,False,37.6
rsi_bullish + rsi_not_hot,rsi_bullish,rsi_not_hot,O,confirmation,-0.014,13.93,-14.61,0.238,39.48,False,39.9
rsi_bullish + rsi_not_hot,rsi_bullish,rsi_not_hot,VTR,discovery,-0.202,-5.78,-44.91,0.555,121.72,False,38.7
rsi_bullish + rsi_not_hot,rsi_bullish,rsi_not_hot,KIM,confirmation,-0.172,-6.1,-27.82,0.49,104.27,False,43.5
rsi_bullish + rsi_not_hot,rsi_bullish,rsi_not_hot,BXP,discovery,-0.153,-8.99,-44.33,-0.003,-11.71,False,37.7
rsi_bullish + rsi_not_hot,rsi_bullish,rsi_not_hot,HST,confirmation,-0.062,1.89,-35.86,0.449,100.27,False,40.7
rsi_bullish + rsi_not_hot,rsi_bullish,rsi_not_hot,F,discovery,0.013,4.07,-40.25,0.455,112.89,False,35.4
rsi_bullish + rsi_not_hot,rsi_bullish,rsi_not_hot,LEG,confirmation,-0.169,-21.83,-60.16,-0.418,-72.68,True,30.4
rsi_bullish + rsi_not_hot,rsi_bullish,rsi_not_hot,INTC,discovery,-0.399,-52.93,-67.42,0.495,140.96,False,38.9
rsi_bullish + bb_lower_half,rsi_bullish,bb_lower_half,SO,discovery,-0.927,-5.19,-11.39,0.515,86.48,False,6.1
rsi_bullish + bb_lower_half,rsi_bullish,bb_lower_half,DUK,confirmation,-0.695,1.47,-7.74,0.384,61.14,False,5.2
rsi_bullish + bb_lower_half,rsi_bullish,bb_lower_half,AEP,discovery,-0.477,5.46,-7.51,0.468,81.2,False,4.7
rsi_bullish + bb_lower_half,rsi_bullish,bb_lower_half,ED,confirmation,-1.593,-17.56,-19.69,0.417,68.61,False,4.7
rsi_bullish + bb_lower_half,rsi_bullish,bb_lower_half,XEL,discovery,-0.461,2.33,-10.18,0.231,38.97,False,5.5
rsi_bullish + bb_lower_half,rsi_bullish,bb_lower_half,KHC,confirmation,-1.102,-18.47,-28.52,-0.109,-9.46,False,4.7
rsi_bullish + bb_lower_half,rsi_bullish,bb_lower_half,GIS,discovery,-0.954,-6.77,-13.37,-0.212,-19.57,False,5.0
rsi_bullish + bb_lower_half,rsi_bullish,bb_lower_half,CAG,confirmation,-1.298,-29.22,-31.88,-0.415,-41.87,False,6.1
rsi_bullish + bb_lower_half,rsi_bullish,bb_lower_half,CPB,discovery,-0.67,-6.0,-19.69,-0.391,-41.88,False,6.1
rsi_bullish + bb_lower_half,rsi_bullish,bb_lower_half,SJM,confirmation,-0.355,6.5,-7.13,0.153,24.69,False,5.8
rsi_bullish + bb_lower_half,rsi_bullish,bb_lower_half,T,discovery,-0.811,-2.78,-12.46,0.348,63.12,False,4.8
rsi_bullish + bb_lower_half,rsi_bullish,bb_lower_half,VZ,confirmation,-1.259,-15.89,-16.22,0.062,13.18,False,5.6
rsi_bullish + bb_lower_half,rsi_bullish,bb_lower_half,PARA,discovery,0.223,18.36,-29.75,-1.495,-100.0,True,5.0
rsi_bullish + bb_lower_half,rsi_bullish,bb_lower_half,BMY,confirmation,-0.773,-6.98,-14.08,0.159,26.34,False,6.1
rsi_bullish + bb_lower_half,rsi_bullish,bb_lower_half,PFE,discovery,-0.485,1.19,-17.53,-0.014,-1.62,False,5.5
rsi_bullish + bb_lower_half,rsi_bullish,bb_lower_half,CVS,confirmation,-0.059,16.1,-6.41,0.362,71.02,False,5.2
rsi_bullish + bb_lower_half,rsi_bullish,bb_lower_half,VTRS,discovery,-1.075,-22.92,-27.09,0.176,20.88,False,4.9
rsi_bullish + bb_lower_half,rsi_bullish,bb_lower_half,MMM,confirmation,-1.301,-20.8,-25.18,0.28,49.88,False,5.5
rsi_bullish + bb_lower_half,rsi_bullish,bb_lower_half,EMR,discovery,-0.666,-14.64,-24.37,0.562,130.7,False,5.6
rsi_bullish + bb_lower_half,rsi_bullish,bb_lower_half,DOV,confirmation,-0.869,-13.29,-17.21,0.404,77.31,False,4.5
rsi_bullish + bb_lower_half,rsi_bullish,bb_lower_half,OKE,discovery,0.09,22.25,-8.58,0.808,253.62,False,5.6
rsi_bullish + bb_lower_half,rsi_bullish,bb_lower_half,DOW,confirmation,-0.428,3.0,-14.1,-0.185,-26.56,False,6.2
rsi_bullish + bb_lower_half,rsi_bullish,bb_lower_half,LYB,discovery,0.095,22.56,-9.58,0.084,3.0,True,6.0
rsi_bullish + bb_lower_half,rsi_bullish,bb_lower_half,MOS,confirmation,-0.571,-17.76,-36.65,0.18,10.56,False,5.8
rsi_bullish + bb_lower_half,rsi_bullish,bb_lower_half,NEM,discovery,0.247,31.93,-8.19,0.519,141.69,False,4.9
rsi_bullish + bb_lower_half,rsi_bullish,bb_lower_half,O,confirmation,-0.526,6.69,-7.17,0.238,39.48,False,4.5
rsi_bullish + bb_lower_half,rsi_bullish,bb_lower_half,VTR,discovery,0.135,24.62,-8.78,0.555,121.72,False,6.5
rsi_bullish + bb_lower_half,rsi_bullish,bb_lower_half,KIM,confirmation,-0.474,3.89,-9.53,0.49,104.27,False,4.9
rsi_bullish + bb_lower_half,rsi_bullish,bb_lower_half,BXP,discovery,-0.312,0.4,-17.62,-0.003,-11.71,False,5.9
rsi_bullish + bb_lower_half,rsi_bullish,bb_lower_half,HST,confirmation,-0.528,-4.7,-19.78,0.449,100.27,False,4.5
rsi_bullish + bb_lower_half,rsi_bullish,bb_lower_half,F,discovery,-0.08,13.21,-11.34,0.455,112.89,False,6.1
rsi_bullish + bb_lower_half,rsi_bullish,bb_lower_half,LEG,confirmation,-0.341,-1.01,-15.21,-0.418,-72.68,True,5.4
rsi_bullish + bb_lower_half,rsi_bullish,bb_lower_half,INTC,discovery,-0.593,-19.34,-30.07,0.495,140.96,False,7.2
rsi_bullish + bb_upper_half,rsi_bullish,bb_upper_half,SO,discovery,0.106,23.2,-15.44,0.515,86.48,False,52.5
rsi_bullish + bb_upper_half,rsi_bullish,bb_upper_half,DUK,confirmation,0.062,19.73,-13.64,0.384,61.14,False,52.4
rsi_bullish + bb_upper_half,rsi_bullish,bb_upper_half,AEP,discovery,0.521,68.39,-18.66,0.468,81.2,True,50.0
rsi_bullish + bb_upper_half,rsi_bullish,bb_upper_half,ED,confirmation,0.375,50.71,-14.51,0.417,68.61,False,51.7
rsi_bullish + bb_upper_half,rsi_bullish,bb_upper_half,XEL,discovery,-0.259,-7.79,-19.07,0.231,38.97,False,48.9
rsi_bullish + bb_upper_half,rsi_bullish,bb_upper_half,KHC,confirmation,-0.16,-1.89,-35.16,-0.109,-9.46,False,44.1
rsi_bullish + bb_upper_half,rsi_bullish,bb_upper_half,GIS,discovery,-0.672,-37.44,-44.59,-0.212,-19.57,False,41.6
rsi_bullish + bb_upper_half,rsi_bullish,bb_upper_half,CAG,confirmation,-0.318,-12.88,-27.93,-0.415,-41.87,True,39.2
rsi_bullish + bb_upper_half,rsi_bullish,bb_upper_half,CPB,discovery,-0.973,-57.45,-59.69,-0.391,-41.88,False,42.4
rsi_bullish + bb_upper_half,rsi_bullish,bb_upper_half,SJM,confirmation,-0.497,-32.05,-44.64,0.153,24.69,False,48.7
rsi_bullish + bb_upper_half,rsi_bullish,bb_upper_half,T,discovery,0.241,39.04,-22.75,0.348,63.12,False,48.3
rsi_bullish + bb_upper_half,rsi_bullish,bb_upper_half,VZ,confirmation,-0.282,-9.38,-29.7,0.062,13.18,False,41.7
rsi_bullish + bb_upper_half,rsi_bullish,bb_upper_half,PARA,discovery,-1.074,-84.75,-89.11,-1.495,-100.0,True,13.4
rsi_bullish + bb_upper_half,rsi_bullish,bb_upper_half,BMY,confirmation,-0.024,8.67,-22.17,0.159,26.34,False,44.9
rsi_bullish + bb_upper_half,rsi_bullish,bb_upper_half,PFE,discovery,0.118,23.53,-43.15,-0.014,-1.62,True,42.3
rsi_bullish + bb_upper_half,rsi_bullish,bb_upper_half,CVS,confirmation,0.126,22.99,-36.58,0.362,71.02,False,48.8
rsi_bullish + bb_upper_half,rsi_bullish,bb_upper_half,VTRS,discovery,0.32,55.82,-32.52,0.176,20.88,True,48.5
rsi_bullish + bb_upper_half,rsi_bullish,bb_upper_half,MMM,confirmation,0.208,35.45,-26.76,0.28,49.88,False,49.5
rsi_bullish + bb_upper_half,rsi_bullish,bb_upper_half,EMR,discovery,0.027,12.8,-28.53,0.562,130.7,False,52.2
rsi_bullish + bb_upper_half,rsi_bullish,bb_upper_half,DOV,confirmation,0.49,74.61,-20.41,0.404,77.31,True,51.6
rsi_bullish + bb_upper_half,rsi_bullish,bb_upper_half,OKE,discovery,-0.278,-23.23,-47.59,0.808,253.62,False,55.8
rsi_bullish + bb_upper_half,rsi_bullish,bb_upper_half,DOW,confirmation,-0.647,-37.85,-53.22,-0.185,-26.56,False,42.3
rsi_bullish + bb_upper_half,rsi_bullish,bb_upper_half,LYB,discovery,-0.371,-34.09,-64.28,0.084,3.0,False,44.8
rsi_bullish + bb_upper_half,rsi_bullish,bb_upper_half,MOS,confirmation,-0.46,-54.88,-79.02,0.18,10.56,False,45.6
rsi_bullish + bb_upper_half,rsi_bullish,bb_upper_half,NEM,discovery,0.223,36.67,-45.24,0.519,141.69,False,50.4
rsi_bullish + bb_upper_half,rsi_bullish,bb_upper_half,O,confirmation,0.087,21.55,-20.55,0.238,39.48,False,50.8
rsi_bullish + bb_upper_half,rsi_bullish,bb_upper_half,VTR,discovery,0.024,12.73,-38.25,0.555,121.72,False,51.2
rsi_bullish + bb_upper_half,rsi_bullish,bb_upper_half,KIM,confirmation,-0.196,-11.72,-35.46,0.49,104.27,False,51.2
rsi_bullish + bb_upper_half,rsi_bullish,bb_upper_half,BXP,discovery,-0.159,-12.27,-43.61,-0.003,-11.71,False,44.2
rsi_bullish + bb_upper_half,rsi_bullish,bb_upper_half,HST,confirmation,-0.187,-13.89,-43.75,0.449,100.27,False,50.6
rsi_bullish + bb_upper_half,rsi_bullish,bb_upper_half,F,discovery,0.143,20.49,-53.02,0.455,112.89,False,46.2
rsi_bullish + bb_upper_half,rsi_bullish,bb_upper_half,LEG,confirmation,-0.199,-28.44,-55.3,-0.418,-72.68,True,35.3
rsi_bullish + bb_upper_half,rsi_bullish,bb_upper_half,INTC,discovery,-0.015,-21.53,-72.98,0.495,140.96,False,44.6
rsi_bullish + adx_trending,rsi_bullish,adx_trending,SO,discovery,0.293,37.94,-13.1,0.515,86.48,False,36.1
rsi_bullish + adx_trending,rsi_bullish,adx_trending,DUK,confirmation,0.333,40.59,-10.42,0.384,61.14,False,38.8
rsi_bullish + adx_trending,rsi_bullish,adx_trending,AEP,discovery,0.698,75.8,-9.42,0.468,81.2,True,33.6
rsi_bullish + adx_trending,rsi_bullish,adx_trending,ED,confirmation,0.017,16.42,-21.09,0.417,68.61,False,37.6
rsi_bullish + adx_trending,rsi_bullish,adx_trending,XEL,discovery,-0.034,13.45,-21.85,0.231,38.97,False,31.3
rsi_bullish + adx_trending,rsi_bullish,adx_trending,KHC,confirmation,-0.002,14.4,-34.56,-0.109,-9.46,True,32.1
rsi_bullish + adx_trending,rsi_bullish,adx_trending,GIS,discovery,-0.53,-18.83,-32.67,-0.212,-19.57,False,27.4
rsi_bullish + adx_trending,rsi_bullish,adx_trending,CAG,confirmation,-0.892,-37.08,-38.88,-0.415,-41.87,False,26.4
rsi_bullish + adx_trending,rsi_bullish,adx_trending,CPB,discovery,-0.692,-32.49,-39.09,-0.391,-41.88,False,26.3
rsi_bullish + adx_trending,rsi_bullish,adx_trending,SJM,confirmation,-0.239,-5.02,-39.6,0.153,24.69,False,34.4
rsi_bullish + adx_trending,rsi_bullish,adx_trending,T,discovery,0.156,28.1,-24.1,0.348,63.12,False,38.0
rsi_bullish + adx_trending,rsi_bullish,adx_trending,VZ,confirmation,-0.21,-2.74,-27.19,0.062,13.18,False,33.1
rsi_bullish + adx_trending,rsi_bullish,adx_trending,PARA,discovery,-0.441,-65.92,-77.14,-1.495,-100.0,True,13.4
rsi_bullish + adx_trending,rsi_bullish,adx_trending,BMY,confirmation,-0.15,0.12,-25.63,0.159,26.34,False,32.9
rsi_bullish + adx_trending,rsi_bullish,adx_trending,PFE,discovery,0.347,52.09,-26.96,-0.014,-1.62,True,36.2
rsi_bullish + adx_trending,rsi_bullish,adx_trending,CVS,confirmation,0.518,83.36,-22.49,0.362,71.02,True,35.7
rsi_bullish + adx_trending,rsi_bullish,adx_trending,VTRS,discovery,-0.049,-0.53,-45.06,0.176,20.88,False,37.7
rsi_bullish + adx_trending,rsi_bullish,adx_trending,MMM,confirmation,-0.046,9.15,-36.86,0.28,49.88,False,33.5
rsi_bullish + adx_trending,rsi_bullish,adx_trending,EMR,discovery,0.127,24.94,-19.53,0.562,130.7,False,37.8
rsi_bullish + adx_trending,rsi_bullish,adx_trending,DOV,confirmation,0.168,29.31,-20.38,0.404,77.31,False,37.7
rsi_bullish + adx_trending,rsi_bullish,adx_trending,OKE,discovery,-0.214,-9.21,-34.37,0.808,253.62,False,32.5
rsi_bullish + adx_trending,rsi_bullish,adx_trending,DOW,confirmation,-0.645,-28.62,-46.16,-0.185,-26.56,False,33.6
rsi_bullish + adx_trending,rsi_bullish,adx_trending,LYB,discovery,-0.211,-12.27,-51.5,0.084,3.0,False,27.3
rsi_bullish + adx_trending,rsi_bullish,adx_trending,MOS,confirmation,-0.336,-33.13,-61.93,0.18,10.56,False,29.5
rsi_bullish + adx_trending,rsi_bullish,adx_trending,NEM,discovery,-0.2,-21.85,-43.33,0.519,141.69,False,37.0
rsi_bullish + adx_trending,rsi_bullish,adx_trending,O,confirmation,0.185,29.4,-17.11,0.238,39.48,False,36.1
rsi_bullish + adx_trending,rsi_bullish,adx_trending,VTR,discovery,-0.022,11.27,-35.95,0.555,121.72,False,38.4
rsi_bullish + adx_trending,rsi_bullish,adx_trending,KIM,confirmation,-0.369,-16.87,-39.61,0.49,104.27,False,34.5
rsi_bullish + adx_trending,rsi_bullish,adx_trending,BXP,discovery,-0.092,0.43,-39.62,-0.003,-11.71,False,29.7
rsi_bullish + adx_trending,rsi_bullish,adx_trending,HST,confirmation,-0.162,-5.63,-33.0,0.449,100.27,False,35.2
rsi_bullish + adx_trending,rsi_bullish,adx_trending,F,discovery,0.076,10.88,-53.18,0.455,112.89,False,38.4
rsi_bullish + adx_trending,rsi_bullish,adx_trending,LEG,confirmation,-0.846,-56.83,-62.61,-0.418,-72.68,False,23.3
rsi_bullish + adx_trending,rsi_bullish,adx_trending,INTC,discovery,-0.147,-28.62,-69.52,0.495,140.96,False,33.1
rsi_bullish + adx_quiet,rsi_bullish,adx_quiet,SO,discovery,-0.85,-17.14,-21.74,0.515,86.48,False,14.5
rsi_bullish + adx_quiet,rsi_bullish,adx_quiet,DUK,confirmation,-0.663,-6.83,-9.78,0.384,61.14,False,12.4
rsi_bullish + adx_quiet,rsi_bullish,adx_quiet,AEP,discovery,-0.205,7.82,-18.94,0.468,81.2,False,13.9
rsi_bullish + adx_quiet,rsi_bullish,adx_quiet,ED,confirmation,-0.261,8.92,-8.93,0.417,68.61,False,10.7
rsi_bullish + adx_quiet,rsi_bullish,adx_quiet,XEL,discovery,-0.676,-17.36,-23.11,0.231,38.97,False,14.8
rsi_bullish + adx_quiet,rsi_bullish,adx_quiet,KHC,confirmation,-0.558,-9.53,-24.14,-0.109,-9.46,False,10.1
rsi_bullish + adx_quiet,rsi_bullish,adx_quiet,GIS,discovery,-0.542,-9.62,-19.78,-0.212,-19.57,False,12.4
rsi_bullish + adx_quiet,rsi_bullish,adx_quiet,CAG,confirmation,-0.454,-6.36,-24.32,-0.415,-41.87,False,12.8
rsi_bullish + adx_quiet,rsi_bullish,adx_quiet,CPB,discovery,-0.908,-29.38,-39.55,-0.391,-41.88,False,13.8
rsi_bullish + adx_quiet,rsi_bullish,adx_quiet,SJM,confirmation,-0.845,-23.83,-30.07,0.153,24.69,False,10.4
rsi_bullish + adx_quiet,rsi_bullish,adx_quiet,T,discovery,-1.31,-18.81,-19.77,0.348,63.12,False,7.5
rsi_bullish + adx_quiet,rsi_bullish,adx_quiet,VZ,confirmation,-0.888,-10.55,-19.63,0.062,13.18,False,9.5
rsi_bullish + adx_quiet,rsi_bullish,adx_quiet,PARA,discovery,-0.803,-29.39,-39.88,-1.495,-100.0,True,3.2
rsi_bullish + adx_quiet,rsi_bullish,adx_quiet,BMY,confirmation,-0.359,0.77,-24.17,0.159,26.34,False,11.4
rsi_bullish + adx_quiet,rsi_bullish,adx_quiet,PFE,discovery,-1.013,-11.48,-14.29,-0.014,-1.62,False,7.5
rsi_bullish + adx_quiet,rsi_bullish,adx_quiet,CVS,confirmation,-0.408,-3.38,-21.51,0.362,71.02,False,12.0
rsi_bullish + adx_quiet,rsi_bullish,adx_quiet,VTRS,discovery,0.317,39.09,-14.67,0.176,20.88,True,11.0
rsi_bullish + adx_quiet,rsi_bullish,adx_quiet,MMM,confirmation,-0.275,-3.91,-24.67,0.28,49.88,False,13.6
rsi_bullish + adx_quiet,rsi_bullish,adx_quiet,EMR,discovery,-0.244,2.93,-16.35,0.562,130.7,False,14.1
rsi_bullish + adx_quiet,rsi_bullish,adx_quiet,DOV,confirmation,0.043,19.55,-17.85,0.404,77.31,False,11.8
rsi_bullish + adx_quiet,rsi_bullish,adx_quiet,OKE,discovery,-0.449,-12.03,-30.07,0.808,253.62,False,17.6
rsi_bullish + adx_quiet,rsi_bullish,adx_quiet,DOW,confirmation,-0.515,-12.03,-29.86,-0.185,-26.56,False,9.3
rsi_bullish + adx_quiet,rsi_bullish,adx_quiet,LYB,discovery,-0.426,-10.69,-17.36,0.084,3.0,False,14.7
rsi_bullish + adx_quiet,rsi_bullish,adx_quiet,MOS,confirmation,-0.139,-2.22,-46.46,0.18,10.56,False,14.2
rsi_bullish + adx_quiet,rsi_bullish,adx_quiet,NEM,discovery,0.612,78.82,-15.43,0.519,141.69,True,11.8
rsi_bullish + adx_quiet,rsi_bullish,adx_quiet,O,confirmation,-0.901,-15.4,-17.98,0.238,39.48,False,11.1
rsi_bullish + adx_quiet,rsi_bullish,adx_quiet,VTR,discovery,-0.43,-6.95,-27.71,0.555,121.72,False,12.9
rsi_bullish + adx_quiet,rsi_bullish,adx_quiet,KIM,confirmation,-0.324,-1.56,-16.12,0.49,104.27,False,13.2
rsi_bullish + adx_quiet,rsi_bullish,adx_quiet,BXP,discovery,-0.256,-3.56,-35.18,-0.003,-11.71,False,14.1
rsi_bullish + adx_quiet,rsi_bullish,adx_quiet,HST,confirmation,-0.59,-15.93,-38.95,0.449,100.27,False,9.6
rsi_bullish + adx_quiet,rsi_bullish,adx_quiet,F,discovery,0.01,16.91,-14.35,0.455,112.89,False,8.7
rsi_bullish + adx_quiet,rsi_bullish,adx_quiet,LEG,confirmation,0.064,17.98,-25.73,-0.418,-72.68,True,9.7
rsi_bullish + adx_quiet,rsi_bullish,adx_quiet,INTC,discovery,-0.296,-20.62,-34.8,0.495,140.96,False,10.7
rsi_bullish + low_vol,rsi_bullish,low_vol,SO,discovery,0.232,32.55,-7.96,0.515,86.48,False,29.0
rsi_bullish + low_vol,rsi_bullish,low_vol,DUK,confirmation,-0.509,-8.76,-16.35,0.384,61.14,False,27.9
rsi_bullish + low_vol,rsi_bullish,low_vol,AEP,discovery,-0.306,-1.12,-23.57,0.468,81.2,False,23.3
rsi_bullish + low_vol,rsi_bullish,low_vol,ED,confirmation,-0.542,-10.36,-25.5,0.417,68.61,False,22.8
rsi_bullish + low_vol,rsi_bullish,low_vol,XEL,discovery,-0.548,-15.04,-23.45,0.231,38.97,False,23.3
rsi_bullish + low_vol,rsi_bullish,low_vol,KHC,confirmation,-0.642,-19.43,-28.93,-0.109,-9.46,False,22.7
rsi_bullish + low_vol,rsi_bullish,low_vol,GIS,discovery,-0.754,-20.64,-21.05,-0.212,-19.57,False,21.9
rsi_bullish + low_vol,rsi_bullish,low_vol,CAG,confirmation,-1.246,-43.76,-46.71,-0.415,-41.87,False,19.2
rsi_bullish + low_vol,rsi_bullish,low_vol,CPB,discovery,-0.899,-31.3,-31.3,-0.391,-41.88,False,20.2
rsi_bullish + low_vol,rsi_bullish,low_vol,SJM,confirmation,-0.84,-31.2,-41.87,0.153,24.69,False,27.4
rsi_bullish + low_vol,rsi_bullish,low_vol,T,discovery,-0.373,-11.74,-29.26,0.348,63.12,False,22.1
rsi_bullish + low_vol,rsi_bullish,low_vol,VZ,confirmation,-1.105,-32.31,-32.31,0.062,13.18,False,22.7
rsi_bullish + low_vol,rsi_bullish,low_vol,PARA,discovery,0.075,8.6,-24.23,-1.495,-100.0,True,4.4
rsi_bullish + low_vol,rsi_bullish,low_vol,BMY,confirmation,-0.608,-21.53,-27.04,0.159,26.34,False,23.8
rsi_bullish + low_vol,rsi_bullish,low_vol,PFE,discovery,-0.334,-3.53,-25.82,-0.014,-1.62,False,19.2
rsi_bullish + low_vol,rsi_bullish,low_vol,CVS,confirmation,-0.195,-6.76,-31.4,0.362,71.02,False,27.3
rsi_bullish + low_vol,rsi_bullish,low_vol,VTRS,discovery,0.18,30.74,-29.58,0.176,20.88,True,21.7
rsi_bullish + low_vol,rsi_bullish,low_vol,MMM,confirmation,-0.185,-2.95,-25.69,0.28,49.88,False,25.1
rsi_bullish + low_vol,rsi_bullish,low_vol,EMR,discovery,-0.234,-3.62,-35.87,0.562,130.7,False,26.2
rsi_bullish + low_vol,rsi_bullish,low_vol,DOV,confirmation,-0.047,11.16,-23.67,0.404,77.31,False,23.6
rsi_bullish + low_vol,rsi_bullish,low_vol,OKE,discovery,-0.846,-44.22,-53.25,0.808,253.62,False,30.5
rsi_bullish + low_vol,rsi_bullish,low_vol,DOW,confirmation,-0.159,4.36,-23.14,-0.185,-26.56,True,18.7
rsi_bullish + low_vol,rsi_bullish,low_vol,LYB,discovery,-0.27,-6.57,-25.57,0.084,3.0,False,20.9
rsi_bullish + low_vol,rsi_bullish,low_vol,MOS,confirmation,-0.854,-57.53,-65.63,0.18,10.56,False,24.7
rsi_bullish + low_vol,rsi_bullish,low_vol,NEM,discovery,-0.08,-4.35,-50.14,0.519,141.69,False,26.9
rsi_bullish + low_vol,rsi_bullish,low_vol,O,confirmation,-0.727,-18.73,-22.11,0.238,39.48,False,26.5
rsi_bullish + low_vol,rsi_bullish,low_vol,VTR,discovery,0.012,15.86,-22.58,0.555,121.72,False,27.7
rsi_bullish + low_vol,rsi_bullish,low_vol,KIM,confirmation,-0.391,-10.56,-28.98,0.49,104.27,False,25.7
rsi_bullish + low_vol,rsi_bullish,low_vol,BXP,discovery,-0.391,-17.56,-31.41,-0.003,-11.71,False,22.6
rsi_bullish + low_vol,rsi_bullish,low_vol,HST,confirmation,-0.003,12.0,-28.98,0.449,100.27,False,29.9
rsi_bullish + low_vol,rsi_bullish,low_vol,F,discovery,-0.105,-0.03,-30.82,0.455,112.89,False,23.1
rsi_bullish + low_vol,rsi_bullish,low_vol,LEG,confirmation,0.107,21.9,-36.78,-0.418,-72.68,True,17.0
rsi_bullish + low_vol,rsi_bullish,low_vol,INTC,discovery,-0.437,-38.02,-49.37,0.495,140.96,False,19.3
rsi_bullish + rsi_rising,rsi_bullish,rsi_rising,SO,discovery,-0.595,-19.4,-22.3,0.515,86.48,False,34.5
rsi_bullish + rsi_rising,rsi_bullish,rsi_rising,DUK,confirmation,-0.554,-14.7,-17.68,0.384,61.14,False,34.3
rsi_bullish + rsi_rising,rsi_bullish,rsi_rising,AEP,discovery,0.358,44.85,-22.37,0.468,81.2,False,32.2
rsi_bullish + rsi_rising,rsi_bullish,rsi_rising,ED,confirmation,-0.559,-17.49,-21.7,0.417,68.61,False,33.3
rsi_bullish + rsi_rising,rsi_bullish,rsi_rising,XEL,discovery,-0.84,-35.09,-38.01,0.231,38.97,False,32.3
rsi_bullish + rsi_rising,rsi_bullish,rsi_rising,KHC,confirmation,-0.455,-18.77,-36.22,-0.109,-9.46,False,30.0
rsi_bullish + rsi_rising,rsi_bullish,rsi_rising,GIS,discovery,-0.857,-40.48,-51.66,-0.212,-19.57,False,30.2
rsi_bullish + rsi_rising,rsi_bullish,rsi_rising,CAG,confirmation,-1.132,-48.37,-51.06,-0.415,-41.87,False,28.9
rsi_bullish + rsi_rising,rsi_bullish,rsi_rising,CPB,discovery,-1.648,-71.44,-72.89,-0.391,-41.88,False,30.2
rsi_bullish + rsi_rising,rsi_bullish,rsi_rising,SJM,confirmation,-0.928,-45.27,-51.93,0.153,24.69,False,33.6
rsi_bullish + rsi_rising,rsi_bullish,rsi_rising,T,discovery,0.313,43.23,-15.21,0.348,63.12,False,30.4
rsi_bullish + rsi_rising,rsi_bullish,rsi_rising,VZ,confirmation,-0.811,-33.04,-37.59,0.062,13.18,False,28.8
rsi_bullish + rsi_rising,rsi_bullish,rsi_rising,PARA,discovery,-0.416,-63.21,-76.49,-1.495,-100.0,True,13.1
rsi_bullish + rsi_rising,rsi_bullish,rsi_rising,BMY,confirmation,-0.394,-15.54,-35.39,0.159,26.34,False,30.3
rsi_bullish + rsi_rising,rsi_bullish,rsi_rising,PFE,discovery,-0.033,10.4,-30.65,-0.014,-1.62,False,28.7
rsi_bullish + rsi_rising,rsi_bullish,rsi_rising,CVS,confirmation,0.361,53.81,-35.0,0.362,71.02,False,32.1
rsi_bullish + rsi_rising,rsi_bullish,rsi_rising,VTRS,discovery,-0.124,-3.78,-39.48,0.176,20.88,False,31.8
rsi_bullish + rsi_rising,rsi_bullish,rsi_rising,MMM,confirmation,0.151,27.56,-23.99,0.28,49.88,False,33.8
rsi_bullish + rsi_rising,rsi_bullish,rsi_rising,EMR,discovery,-0.443,-25.11,-38.1,0.562,130.7,False,35.2
rsi_bullish + rsi_rising,rsi_bullish,rsi_rising,DOV,confirmation,0.028,16.47,-30.81,0.404,77.31,False,32.5
rsi_bullish + rsi_rising,rsi_bullish,rsi_rising,OKE,discovery,-0.315,-17.09,-38.55,0.808,253.62,False,36.8
rsi_bullish + rsi_rising,rsi_bullish,rsi_rising,DOW,confirmation,-0.288,-11.38,-35.48,-0.185,-26.56,False,29.2
rsi_bullish + rsi_rising,rsi_bullish,rsi_rising,LYB,discovery,0.035,12.89,-35.19,0.084,3.0,False,30.1
rsi_bullish + rsi_rising,rsi_bullish,rsi_rising,MOS,confirmation,-0.667,-57.13,-71.47,0.18,10.56,False,30.1
rsi_bullish + rsi_rising,rsi_bullish,rsi_rising,NEM,discovery,-0.253,-22.75,-46.2,0.519,141.69,False,32.7
rsi_bullish + rsi_rising,rsi_bullish,rsi_rising,O,confirmation,0.066,20.63,-14.19,0.238,39.48,False,32.0
rsi_bullish + rsi_rising,rsi_bullish,rsi_rising,VTR,discovery,0.222,35.41,-25.87,0.555,121.72,False,34.8
rsi_bullish + rsi_rising,rsi_bullish,rsi_rising,KIM,confirmation,-0.47,-24.54,-41.19,0.49,104.27,False,32.6
rsi_bullish + rsi_rising,rsi_bullish,rsi_rising,BXP,discovery,-0.306,-19.44,-38.78,-0.003,-11.71,False,30.6
rsi_bullish + rsi_rising,rsi_bullish,rsi_rising,HST,confirmation,-0.073,3.93,-28.49,0.449,100.27,False,31.4
rsi_bullish + rsi_rising,rsi_bullish,rsi_rising,F,discovery,0.217,36.74,-26.14,0.455,112.89,False,31.4
rsi_bullish + rsi_rising,rsi_bullish,rsi_rising,LEG,confirmation,-0.186,-23.3,-49.64,-0.418,-72.68,True,25.8
rsi_bullish + rsi_rising,rsi_bullish,rsi_rising,INTC,discovery,-0.487,-59.36,-76.06,0.495,140.96,False,31.3
rsi_bullish + mom_accelerating,rsi_bullish,mom_accelerating,SO,discovery,-0.989,-35.25,-35.25,0.515,86.48,False,31.1
rsi_bullish + mom_accelerating,rsi_bullish,mom_accelerating,DUK,confirmation,-0.576,-14.39,-20.8,0.384,61.14,False,30.2
rsi_bullish + mom_accelerating,rsi_bullish,mom_accelerating,AEP,discovery,0.14,25.88,-23.66,0.468,81.2,False,27.2
rsi_bullish + mom_accelerating,rsi_bullish,mom_accelerating,ED,confirmation,-0.713,-22.75,-24.85,0.417,68.61,False,29.5
rsi_bullish + mom_accelerating,rsi_bullish,mom_accelerating,XEL,discovery,-1.068,-41.88,-46.38,0.231,38.97,False,27.9
rsi_bullish + mom_accelerating,rsi_bullish,mom_accelerating,KHC,confirmation,-0.343,-7.1,-37.13,-0.109,-9.46,False,25.2
rsi_bullish + mom_accelerating,rsi_bullish,mom_accelerating,GIS,discovery,-0.99,-42.88,-48.6,-0.212,-19.57,False,24.0
rsi_bullish + mom_accelerating,rsi_bullish,mom_accelerating,CAG,confirmation,-0.816,-32.09,-34.83,-0.415,-41.87,False,23.5
rsi_bullish + mom_accelerating,rsi_bullish,mom_accelerating,CPB,discovery,-1.568,-63.47,-63.74,-0.391,-41.88,False,25.3
rsi_bullish + mom_accelerating,rsi_bullish,mom_accelerating,SJM,confirmation,-0.832,-39.98,-46.21,0.153,24.69,False,27.4
rsi_bullish + mom_accelerating,rsi_bullish,mom_accelerating,T,discovery,0.383,48.24,-22.95,0.348,63.12,True,27.2
rsi_bullish + mom_accelerating,rsi_bullish,mom_accelerating,VZ,confirmation,-0.839,-28.07,-33.0,0.062,13.18,False,24.8
rsi_bullish + mom_accelerating,rsi_bullish,mom_accelerating,PARA,discovery,-0.488,-62.82,-71.58,-1.495,-100.0,True,9.5
rsi_bullish + mom_accelerating,rsi_bullish,mom_accelerating,BMY,confirmation,-0.056,10.13,-25.45,0.159,26.34,False,26.4
rsi_bullish + mom_accelerating,rsi_bullish,mom_accelerating,PFE,discovery,0.438,57.97,-23.83,-0.014,-1.62,True,25.6
rsi_bullish + mom_accelerating,rsi_bullish,mom_accelerating,CVS,confirmation,0.247,38.45,-26.31,0.362,71.02,False,28.3
rsi_bullish + mom_accelerating,rsi_bullish,mom_accelerating,VTRS,discovery,0.304,46.27,-25.14,0.176,20.88,True,27.4
rsi_bullish + mom_accelerating,rsi_bullish,mom_accelerating,MMM,confirmation,-0.405,-14.82,-36.97,0.28,49.88,False,27.6
rsi_bullish + mom_accelerating,rsi_bullish,mom_accelerating,EMR,discovery,-0.236,-4.59,-26.84,0.562,130.7,False,30.6
rsi_bullish + mom_accelerating,rsi_bullish,mom_accelerating,DOV,confirmation,0.073,20.51,-25.14,0.404,77.31,False,28.1
rsi_bullish + mom_accelerating,rsi_bullish,mom_accelerating,OKE,discovery,-0.545,-30.98,-42.59,0.808,253.62,False,33.1
rsi_bullish + mom_accelerating,rsi_bullish,mom_accelerating,DOW,confirmation,-0.206,-0.75,-25.51,-0.185,-26.56,False,24.0
rsi_bullish + mom_accelerating,rsi_bullish,mom_accelerating,LYB,discovery,-0.654,-41.25,-58.05,0.084,3.0,False,26.3
rsi_bullish + mom_accelerating,rsi_bullish,mom_accelerating,MOS,confirmation,-0.378,-34.31,-50.5,0.18,10.56,False,26.7
rsi_bullish + mom_accelerating,rsi_bullish,mom_accelerating,NEM,discovery,0.027,9.06,-29.67,0.519,141.69,False,29.5
rsi_bullish + mom_accelerating,rsi_bullish,mom_accelerating,O,confirmation,-0.569,-13.81,-22.42,0.238,39.48,False,27.8
rsi_bullish + mom_accelerating,rsi_bullish,mom_accelerating,VTR,discovery,-0.241,-5.07,-32.09,0.555,121.72,False,30.3
rsi_bullish + mom_accelerating,rsi_bullish,mom_accelerating,KIM,confirmation,-0.718,-33.57,-39.52,0.49,104.27,False,28.2
rsi_bullish + mom_accelerating,rsi_bullish,mom_accelerating,BXP,discovery,-0.273,-14.59,-37.29,-0.003,-11.71,False,25.6
rsi_bullish + mom_accelerating,rsi_bullish,mom_accelerating,HST,confirmation,-0.086,4.46,-33.53,0.449,100.27,False,28.9
rsi_bullish + mom_accelerating,rsi_bullish,mom_accelerating,F,discovery,0.46,80.32,-26.24,0.455,112.89,True,26.9
rsi_bullish + mom_accelerating,rsi_bullish,mom_accelerating,LEG,confirmation,-0.019,0.52,-41.53,-0.418,-72.68,True,21.7
rsi_bullish + mom_accelerating,rsi_bullish,mom_accelerating,INTC,discovery,0.246,41.08,-60.03,0.495,140.96,False,27.6
rsi_not_hot + rsi_oversold,rsi_not_hot,rsi_oversold,SO,discovery,-0.373,3.37,-14.75,0.515,86.48,False,7.5
rsi_not_hot + rsi_oversold,rsi_not_hot,rsi_oversold,DUK,confirmation,-0.3,5.21,-13.97,0.384,61.14,False,7.9
rsi_not_hot + rsi_oversold,rsi_not_hot,rsi_oversold,AEP,discovery,-0.516,-2.55,-14.82,0.468,81.2,False,8.8
rsi_not_hot + rsi_oversold,rsi_not_hot,rsi_oversold,ED,confirmation,-0.41,1.4,-14.12,0.417,68.61,False,10.2
rsi_not_hot + rsi_oversold,rsi_not_hot,rsi_oversold,XEL,discovery,-0.604,-11.25,-21.16,0.231,38.97,False,10.0
rsi_not_hot + rsi_oversold,rsi_not_hot,rsi_oversold,KHC,confirmation,-0.448,-0.73,-16.05,-0.109,-9.46,False,12.7
rsi_not_hot + rsi_oversold,rsi_not_hot,rsi_oversold,GIS,discovery,-1.032,-23.7,-29.66,-0.212,-19.57,False,12.1
rsi_not_hot + rsi_oversold,rsi_not_hot,rsi_oversold,CAG,confirmation,-0.185,6.64,-15.51,-0.415,-41.87,True,12.7
rsi_not_hot + rsi_oversold,rsi_not_hot,rsi_oversold,CPB,discovery,-0.122,10.49,-16.81,-0.391,-41.88,True,12.7
rsi_not_hot + rsi_oversold,rsi_not_hot,rsi_oversold,SJM,confirmation,-0.268,5.17,-16.98,0.153,24.69,False,10.4
rsi_not_hot + rsi_oversold,rsi_not_hot,rsi_oversold,T,discovery,-0.043,13.97,-14.76,0.348,63.12,False,10.5
rsi_not_hot + rsi_oversold,rsi_not_hot,rsi_oversold,VZ,confirmation,0.123,24.08,-11.84,0.062,13.18,True,11.1
rsi_not_hot + rsi_oversold,rsi_not_hot,rsi_oversold,PARA,discovery,-0.377,-85.73,-92.59,-1.495,-100.0,True,31.4
rsi_not_hot + rsi_oversold,rsi_not_hot,rsi_oversold,BMY,confirmation,-0.483,-5.42,-19.66,0.159,26.34,False,13.6
rsi_not_hot + rsi_oversold,rsi_not_hot,rsi_oversold,PFE,discovery,-0.794,-22.66,-30.9,-0.014,-1.62,False,15.8
rsi_not_hot + rsi_oversold,rsi_not_hot,rsi_oversold,CVS,confirmation,-0.343,-10.22,-35.55,0.362,71.02,False,12.7
rsi_not_hot + rsi_oversold,rsi_not_hot,rsi_oversold,VTRS,discovery,-0.526,-19.45,-33.79,0.176,20.88,False,13.9
rsi_not_hot + rsi_oversold,rsi_not_hot,rsi_oversold,MMM,confirmation,-0.21,3.07,-22.4,0.28,49.88,False,12.0
rsi_not_hot + rsi_oversold,rsi_not_hot,rsi_oversold,EMR,discovery,0.311,38.87,-10.77,0.562,130.7,False,9.7
rsi_not_hot + rsi_oversold,rsi_not_hot,rsi_oversold,DOV,confirmation,0.172,27.47,-12.11,0.404,77.31,False,10.7
rsi_not_hot + rsi_oversold,rsi_not_hot,rsi_oversold,OKE,discovery,0.703,66.3,-6.66,0.808,253.62,False,5.9
rsi_not_hot + rsi_oversold,rsi_not_hot,rsi_oversold,DOW,confirmation,-0.72,-21.64,-34.19,-0.185,-26.56,False,13.2
rsi_not_hot + rsi_oversold,rsi_not_hot,rsi_oversold,LYB,discovery,0.099,22.85,-25.25,0.084,3.0,True,10.2
rsi_not_hot + rsi_oversold,rsi_not_hot,rsi_oversold,MOS,confirmation,-0.006,11.09,-20.77,0.18,10.56,False,12.9
rsi_not_hot + rsi_oversold,rsi_not_hot,rsi_oversold,NEM,discovery,-0.124,3.66,-31.62,0.519,141.69,False,12.5
rsi_not_hot + rsi_oversold,rsi_not_hot,rsi_oversold,O,confirmation,-0.639,-9.37,-19.24,0.238,39.48,False,10.8
rsi_not_hot + rsi_oversold,rsi_not_hot,rsi_oversold,VTR,discovery,-0.391,-5.02,-15.03,0.555,121.72,False,8.3
rsi_not_hot + rsi_oversold,rsi_not_hot,rsi_oversold,KIM,confirmation,-0.025,15.94,-8.75,0.49,104.27,False,8.7
rsi_not_hot + rsi_oversold,rsi_not_hot,rsi_oversold,BXP,discovery,-0.451,-14.71,-41.3,-0.003,-11.71,False,8.8
rsi_not_hot + rsi_oversold,rsi_not_hot,rsi_oversold,HST,confirmation,0.045,19.16,-13.33,0.449,100.27,False,6.6
rsi_not_hot + rsi_oversold,rsi_not_hot,rsi_oversold,F,discovery,-0.375,-15.53,-36.11,0.455,112.89,False,10.8
rsi_not_hot + rsi_oversold,rsi_not_hot,rsi_oversold,LEG,confirmation,0.507,64.5,-28.82,-0.418,-72.68,True,12.4
rsi_not_hot + rsi_oversold,rsi_not_hot,rsi_oversold,INTC,discovery,0.295,46.23,-28.48,0.495,140.96,False,13.7
rsi_not_hot + bb_lower_half,rsi_not_hot,bb_lower_half,SO,discovery,0.098,22.64,-19.33,0.515,86.48,False,41.9
rsi_not_hot + bb_lower_half,rsi_not_hot,bb_lower_half,DUK,confirmation,-0.066,9.25,-27.39,0.384,61.14,False,42.7
rsi_not_hot + bb_lower_half,rsi_not_hot,bb_lower_half,AEP,discovery,-0.213,-4.06,-30.71,0.468,81.2,False,44.4
rsi_not_hot + bb_lower_half,rsi_not_hot,bb_lower_half,ED,confirmation,-0.29,-7.04,-28.05,0.417,68.61,False,42.6
rsi_not_hot + bb_lower_half,rsi_not_hot,bb_lower_half,XEL,discovery,0.209,33.92,-31.69,0.231,38.97,False,44.9
rsi_not_hot + bb_lower_half,rsi_not_hot,bb_lower_half,KHC,confirmation,-0.588,-33.87,-51.74,-0.109,-9.46,False,52.1
rsi_not_hot + bb_lower_half,rsi_not_hot,bb_lower_half,GIS,discovery,-0.095,3.47,-39.16,-0.212,-19.57,True,53.1
rsi_not_hot + bb_lower_half,rsi_not_hot,bb_lower_half,CAG,confirmation,-0.611,-40.8,-54.79,-0.415,-41.87,False,54.2
rsi_not_hot + bb_lower_half,rsi_not_hot,bb_lower_half,CPB,discovery,-0.269,-14.52,-46.0,-0.391,-41.88,True,51.7
rsi_not_hot + bb_lower_half,rsi_not_hot,bb_lower_half,SJM,confirmation,0.212,34.68,-24.67,0.153,24.69,True,45.7
rsi_not_hot + bb_lower_half,rsi_not_hot,bb_lower_half,T,discovery,-0.282,-13.08,-37.47,0.348,63.12,False,46.3
rsi_not_hot + bb_lower_half,rsi_not_hot,bb_lower_half,VZ,confirmation,-0.136,0.06,-41.06,0.062,13.18,False,51.7
rsi_not_hot + bb_lower_half,rsi_not_hot,bb_lower_half,PARA,discovery,-1.401,-99.94,-99.94,-1.495,-100.0,True,83.9
rsi_not_hot + bb_lower_half,rsi_not_hot,bb_lower_half,BMY,confirmation,-0.162,-4.74,-40.15,0.159,26.34,False,48.7
rsi_not_hot + bb_lower_half,rsi_not_hot,bb_lower_half,PFE,discovery,-0.441,-28.34,-49.34,-0.014,-1.62,False,53.1
rsi_not_hot + bb_lower_half,rsi_not_hot,bb_lower_half,CVS,confirmation,0.197,33.3,-38.17,0.362,71.02,False,45.6
rsi_not_hot + bb_lower_half,rsi_not_hot,bb_lower_half,VTRS,discovery,-0.155,-16.85,-39.5,0.176,20.88,False,46.1
rsi_not_hot + bb_lower_half,rsi_not_hot,bb_lower_half,MMM,confirmation,-0.14,-6.95,-44.75,0.28,49.88,False,45.0
rsi_not_hot + bb_lower_half,rsi_not_hot,bb_lower_half,EMR,discovery,0.204,34.67,-24.52,0.562,130.7,False,43.2
rsi_not_hot + bb_lower_half,rsi_not_hot,bb_lower_half,DOV,confirmation,-0.123,-3.8,-33.9,0.404,77.31,False,43.9
rsi_not_hot + bb_lower_half,rsi_not_hot,bb_lower_half,OKE,discovery,0.954,198.34,-20.18,0.808,253.62,True,39.1
rsi_not_hot + bb_lower_half,rsi_not_hot,bb_lower_half,DOW,confirmation,-0.235,-12.92,-44.35,-0.185,-26.56,False,52.8
rsi_not_hot + bb_lower_half,rsi_not_hot,bb_lower_half,LYB,discovery,0.102,17.87,-36.42,0.084,3.0,True,48.7
rsi_not_hot + bb_lower_half,rsi_not_hot,bb_lower_half,MOS,confirmation,0.441,94.27,-32.06,0.18,10.56,True,49.0
rsi_not_hot + bb_lower_half,rsi_not_hot,bb_lower_half,NEM,discovery,0.332,60.13,-47.71,0.519,141.69,False,44.8
rsi_not_hot + bb_lower_half,rsi_not_hot,bb_lower_half,O,confirmation,-0.316,-9.51,-36.79,0.238,39.48,False,44.6
rsi_not_hot + bb_lower_half,rsi_not_hot,bb_lower_half,VTR,discovery,0.222,36.77,-28.26,0.555,121.72,False,43.5
rsi_not_hot + bb_lower_half,rsi_not_hot,bb_lower_half,KIM,confirmation,0.456,71.39,-24.19,0.49,104.27,False,43.5
rsi_not_hot + bb_lower_half,rsi_not_hot,bb_lower_half,BXP,discovery,0.059,11.22,-44.55,-0.003,-11.71,True,48.7
rsi_not_hot + bb_lower_half,rsi_not_hot,bb_lower_half,HST,confirmation,0.447,82.16,-28.8,0.449,100.27,False,44.1
rsi_not_hot + bb_lower_half,rsi_not_hot,bb_lower_half,F,discovery,-0.161,-21.0,-63.57,0.455,112.89,False,47.6
rsi_not_hot + bb_lower_half,rsi_not_hot,bb_lower_half,LEG,confirmation,-0.159,-25.29,-52.29,-0.418,-72.68,True,60.2
rsi_not_hot + bb_lower_half,rsi_not_hot,bb_lower_half,INTC,discovery,-0.012,-13.94,-62.48,0.495,140.96,False,49.0
rsi_not_hot + bb_upper_half,rsi_not_hot,bb_upper_half,SO,discovery,-0.232,-2.2,-17.25,0.515,86.48,False,43.8
rsi_not_hot + bb_upper_half,rsi_not_hot,bb_upper_half,DUK,confirmation,-0.049,11.63,-17.2,0.384,61.14,False,43.9
rsi_not_hot + bb_upper_half,rsi_not_hot,bb_upper_half,AEP,discovery,0.035,17.6,-14.44,0.468,81.2,False,39.8
rsi_not_hot + bb_upper_half,rsi_not_hot,bb_upper_half,ED,confirmation,0.563,67.91,-13.12,0.417,68.61,True,43.4
rsi_not_hot + bb_upper_half,rsi_not_hot,bb_upper_half,XEL,discovery,-0.419,-15.83,-23.61,0.231,38.97,False,41.6
rsi_not_hot + bb_upper_half,rsi_not_hot,bb_upper_half,KHC,confirmation,0.16,28.06,-38.64,-0.109,-9.46,True,36.4
rsi_not_hot + bb_upper_half,rsi_not_hot,bb_upper_half,GIS,discovery,-0.72,-35.51,-43.95,-0.212,-19.57,False,36.1
rsi_not_hot + bb_upper_half,rsi_not_hot,bb_upper_half,CAG,confirmation,-0.452,-19.86,-32.92,-0.415,-41.87,False,37.0
rsi_not_hot + bb_upper_half,rsi_not_hot,bb_upper_half,CPB,discovery,-0.418,-24.39,-36.09,-0.391,-41.88,False,41.5
rsi_not_hot + bb_upper_half,rsi_not_hot,bb_upper_half,SJM,confirmation,-0.091,1.26,-36.28,0.153,24.69,False,43.3
rsi_not_hot + bb_upper_half,rsi_not_hot,bb_upper_half,T,discovery,0.558,80.11,-23.04,0.348,63.12,True,38.2
rsi_not_hot + bb_upper_half,rsi_not_hot,bb_upper_half,VZ,confirmation,-0.197,-0.49,-31.78,0.062,13.18,False,35.0
rsi_not_hot + bb_upper_half,rsi_not_hot,bb_upper_half,PARA,discovery,-1.478,-93.61,-95.51,-1.495,-100.0,True,15.2
rsi_not_hot + bb_upper_half,rsi_not_hot,bb_upper_half,BMY,confirmation,-0.089,5.0,-28.9,0.159,26.34,False,38.5
rsi_not_hot + bb_upper_half,rsi_not_hot,bb_upper_half,PFE,discovery,-0.297,-11.71,-43.42,-0.014,-1.62,False,34.9
rsi_not_hot + bb_upper_half,rsi_not_hot,bb_upper_half,CVS,confirmation,-0.039,4.46,-35.71,0.362,71.02,False,36.0
rsi_not_hot + bb_upper_half,rsi_not_hot,bb_upper_half,VTRS,discovery,0.423,68.23,-28.61,0.176,20.88,True,37.7
rsi_not_hot + bb_upper_half,rsi_not_hot,bb_upper_half,MMM,confirmation,0.105,22.48,-36.23,0.28,49.88,False,41.2
rsi_not_hot + bb_upper_half,rsi_not_hot,bb_upper_half,EMR,discovery,0.131,25.31,-26.61,0.562,130.7,False,38.2
rsi_not_hot + bb_upper_half,rsi_not_hot,bb_upper_half,DOV,confirmation,0.292,43.72,-16.65,0.404,77.31,False,38.9
rsi_not_hot + bb_upper_half,rsi_not_hot,bb_upper_half,OKE,discovery,-0.11,-3.03,-53.28,0.808,253.62,False,44.2
rsi_not_hot + bb_upper_half,rsi_not_hot,bb_upper_half,DOW,confirmation,-0.475,-24.3,-46.41,-0.185,-26.56,False,35.1
rsi_not_hot + bb_upper_half,rsi_not_hot,bb_upper_half,LYB,discovery,-0.159,-11.58,-50.92,0.084,3.0,False,40.3
rsi_not_hot + bb_upper_half,rsi_not_hot,bb_upper_half,MOS,confirmation,-0.824,-70.92,-87.07,0.18,10.56,False,37.1
rsi_not_hot + bb_upper_half,rsi_not_hot,bb_upper_half,NEM,discovery,0.294,51.02,-36.74,0.519,141.69,False,37.4
rsi_not_hot + bb_upper_half,rsi_not_hot,bb_upper_half,O,confirmation,-0.067,9.81,-15.07,0.238,39.48,False,40.1
rsi_not_hot + bb_upper_half,rsi_not_hot,bb_upper_half,VTR,discovery,-0.287,-11.2,-37.38,0.555,121.72,False,37.5
rsi_not_hot + bb_upper_half,rsi_not_hot,bb_upper_half,KIM,confirmation,-0.231,-11.25,-29.01,0.49,104.27,False,43.9
rsi_not_hot + bb_upper_half,rsi_not_hot,bb_upper_half,BXP,discovery,-0.634,-44.74,-60.0,-0.003,-11.71,False,38.9
rsi_not_hot + bb_upper_half,rsi_not_hot,bb_upper_half,HST,confirmation,-0.159,-7.71,-31.16,0.449,100.27,False,41.6
rsi_not_hot + bb_upper_half,rsi_not_hot,bb_upper_half,F,discovery,-0.033,-3.32,-40.94,0.455,112.89,False,35.5
rsi_not_hot + bb_upper_half,rsi_not_hot,bb_upper_half,LEG,confirmation,-0.549,-61.93,-77.41,-0.418,-72.68,False,29.6
rsi_not_hot + bb_upper_half,rsi_not_hot,bb_upper_half,INTC,discovery,-0.009,-9.11,-52.94,0.495,140.96,False,38.0
rsi_not_hot + adx_trending,rsi_not_hot,adx_trending,SO,discovery,0.131,25.56,-13.96,0.515,86.48,False,47.2
rsi_not_hot + adx_trending,rsi_not_hot,adx_trending,DUK,confirmation,0.373,50.46,-22.35,0.384,61.14,False,53.1
rsi_not_hot + adx_trending,rsi_not_hot,adx_trending,AEP,discovery,0.466,61.99,-22.52,0.468,81.2,False,48.7
rsi_not_hot + adx_trending,rsi_not_hot,adx_trending,ED,confirmation,0.514,69.2,-18.5,0.417,68.61,True,54.0
rsi_not_hot + adx_trending,rsi_not_hot,adx_trending,XEL,discovery,0.318,45.46,-22.1,0.231,38.97,True,49.3
rsi_not_hot + adx_trending,rsi_not_hot,adx_trending,KHC,confirmation,0.274,41.47,-25.63,-0.109,-9.46,True,58.4
rsi_not_hot + adx_trending,rsi_not_hot,adx_trending,GIS,discovery,-0.319,-14.68,-44.59,-0.212,-19.57,False,50.9
rsi_not_hot + adx_trending,rsi_not_hot,adx_trending,CAG,confirmation,-0.283,-15.73,-32.91,-0.415,-41.87,True,58.4
rsi_not_hot + adx_trending,rsi_not_hot,adx_trending,CPB,discovery,-0.322,-20.74,-48.66,-0.391,-41.88,True,53.8
rsi_not_hot + adx_trending,rsi_not_hot,adx_trending,SJM,confirmation,0.301,47.22,-37.04,0.153,24.69,True,53.8
rsi_not_hot + adx_trending,rsi_not_hot,adx_trending,T,discovery,0.24,39.75,-28.22,0.348,63.12,False,56.3
rsi_not_hot + adx_trending,rsi_not_hot,adx_trending,VZ,confirmation,0.235,38.21,-38.56,0.062,13.18,True,57.3
rsi_not_hot + adx_trending,rsi_not_hot,adx_trending,PARA,discovery,-1.369,-99.88,-99.88,-1.495,-100.0,True,64.9
rsi_not_hot + adx_trending,rsi_not_hot,adx_trending,BMY,confirmation,-0.048,4.88,-42.06,0.159,26.34,False,54.5
rsi_not_hot + adx_trending,rsi_not_hot,adx_trending,PFE,discovery,0.188,32.25,-34.08,-0.014,-1.62,True,60.8
rsi_not_hot + adx_trending,rsi_not_hot,adx_trending,CVS,confirmation,0.419,75.76,-44.68,0.362,71.02,True,51.0
rsi_not_hot + adx_trending,rsi_not_hot,adx_trending,VTRS,discovery,0.019,6.54,-41.0,0.176,20.88,False,58.6
rsi_not_hot + adx_trending,rsi_not_hot,adx_trending,MMM,confirmation,-0.298,-20.73,-60.53,0.28,49.88,False,50.2
rsi_not_hot + adx_trending,rsi_not_hot,adx_trending,EMR,discovery,0.523,96.18,-26.21,0.562,130.7,False,51.6
rsi_not_hot + adx_trending,rsi_not_hot,adx_trending,DOV,confirmation,0.214,35.86,-28.75,0.404,77.31,False,53.6
rsi_not_hot + adx_trending,rsi_not_hot,adx_trending,OKE,discovery,0.548,94.18,-23.21,0.808,253.62,False,41.0
rsi_not_hot + adx_trending,rsi_not_hot,adx_trending,DOW,confirmation,-0.291,-19.01,-48.44,-0.185,-26.56,False,54.2
rsi_not_hot + adx_trending,rsi_not_hot,adx_trending,LYB,discovery,-0.247,-28.29,-61.32,0.084,3.0,False,50.3
rsi_not_hot + adx_trending,rsi_not_hot,adx_trending,MOS,confirmation,0.01,-3.94,-42.6,0.18,10.56,False,47.6
rsi_not_hot + adx_trending,rsi_not_hot,adx_trending,NEM,discovery,0.163,24.53,-57.29,0.519,141.69,False,51.8
rsi_not_hot + adx_trending,rsi_not_hot,adx_trending,O,confirmation,-0.208,-3.45,-36.01,0.238,39.48,False,54.0
rsi_not_hot + adx_trending,rsi_not_hot,adx_trending,VTR,discovery,0.053,15.42,-32.65,0.555,121.72,False,51.3
rsi_not_hot + adx_trending,rsi_not_hot,adx_trending,KIM,confirmation,0.056,15.42,-34.64,0.49,104.27,False,50.8
rsi_not_hot + adx_trending,rsi_not_hot,adx_trending,BXP,discovery,-0.256,-23.91,-56.3,-0.003,-11.71,False,47.9
rsi_not_hot + adx_trending,rsi_not_hot,adx_trending,HST,confirmation,0.521,101.46,-32.38,0.449,100.27,True,51.9
rsi_not_hot + adx_trending,rsi_not_hot,adx_trending,F,discovery,0.03,-1.38,-57.97,0.455,112.89,False,57.1
rsi_not_hot + adx_trending,rsi_not_hot,adx_trending,LEG,confirmation,-0.585,-58.7,-66.06,-0.418,-72.68,False,51.0
rsi_not_hot + adx_trending,rsi_not_hot,adx_trending,INTC,discovery,0.013,-9.94,-69.19,0.495,140.96,False,51.0
rsi_not_hot + adx_quiet,rsi_not_hot,adx_quiet,SO,discovery,-0.183,5.61,-19.81,0.515,86.48,False,24.9
rsi_not_hot + adx_quiet,rsi_not_hot,adx_quiet,DUK,confirmation,-0.174,8.0,-9.83,0.384,61.14,False,19.6
rsi_not_hot + adx_quiet,rsi_not_hot,adx_quiet,AEP,discovery,-0.39,-6.62,-25.47,0.468,81.2,False,21.0
rsi_not_hot + adx_quiet,rsi_not_hot,adx_quiet,ED,confirmation,-0.239,5.6,-13.06,0.417,68.61,False,18.3
rsi_not_hot + adx_quiet,rsi_not_hot,adx_quiet,XEL,discovery,-0.36,-8.28,-20.42,0.231,38.97,False,25.1
rsi_not_hot + adx_quiet,rsi_not_hot,adx_quiet,KHC,confirmation,-0.301,-2.86,-21.67,-0.109,-9.46,False,17.2
rsi_not_hot + adx_quiet,rsi_not_hot,adx_quiet,GIS,discovery,-0.05,11.76,-24.98,-0.212,-19.57,True,25.8
rsi_not_hot + adx_quiet,rsi_not_hot,adx_quiet,CAG,confirmation,-0.39,-10.82,-37.06,-0.415,-41.87,True,20.1
rsi_not_hot + adx_quiet,rsi_not_hot,adx_quiet,CPB,discovery,-0.42,-15.29,-30.86,-0.391,-41.88,False,26.5
rsi_not_hot + adx_quiet,rsi_not_hot,adx_quiet,SJM,confirmation,-0.503,-20.33,-30.85,0.153,24.69,False,19.8
rsi_not_hot + adx_quiet,rsi_not_hot,adx_quiet,T,discovery,-0.488,-7.11,-29.28,0.348,63.12,False,14.4
rsi_not_hot + adx_quiet,rsi_not_hot,adx_quiet,VZ,confirmation,-0.641,-12.73,-24.18,0.062,13.18,False,19.4
rsi_not_hot + adx_quiet,rsi_not_hot,adx_quiet,PARA,discovery,-1.457,-92.6,-94.35,-1.495,-100.0,True,22.7
rsi_not_hot + adx_quiet,rsi_not_hot,adx_quiet,BMY,confirmation,-0.042,13.27,-15.4,0.159,26.34,False,21.5
rsi_not_hot + adx_quiet,rsi_not_hot,adx_quiet,PFE,discovery,-1.301,-39.31,-39.97,-0.014,-1.62,False,16.2
rsi_not_hot + adx_quiet,rsi_not_hot,adx_quiet,CVS,confirmation,-0.336,-9.16,-27.29,0.362,71.02,False,20.4
rsi_not_hot + adx_quiet,rsi_not_hot,adx_quiet,VTRS,discovery,0.712,97.2,-24.06,0.176,20.88,True,16.5
rsi_not_hot + adx_quiet,rsi_not_hot,adx_quiet,MMM,confirmation,0.041,16.71,-18.73,0.28,49.88,False,24.2
rsi_not_hot + adx_quiet,rsi_not_hot,adx_quiet,EMR,discovery,0.329,41.71,-11.41,0.562,130.7,False,19.1
rsi_not_hot + adx_quiet,rsi_not_hot,adx_quiet,DOV,confirmation,-0.144,7.02,-20.8,0.404,77.31,False,17.5
rsi_not_hot + adx_quiet,rsi_not_hot,adx_quiet,OKE,discovery,0.265,38.59,-22.79,0.808,253.62,False,25.0
rsi_not_hot + adx_quiet,rsi_not_hot,adx_quiet,DOW,confirmation,-0.824,-31.78,-41.6,-0.185,-26.56,False,18.4
rsi_not_hot + adx_quiet,rsi_not_hot,adx_quiet,LYB,discovery,0.26,38.85,-14.47,0.084,3.0,True,24.1
rsi_not_hot + adx_quiet,rsi_not_hot,adx_quiet,MOS,confirmation,-0.455,-39.22,-66.22,0.18,10.56,False,26.5
rsi_not_hot + adx_quiet,rsi_not_hot,adx_quiet,NEM,discovery,0.383,57.77,-19.68,0.519,141.69,False,18.5
rsi_not_hot + adx_quiet,rsi_not_hot,adx_quiet,O,confirmation,-0.527,-10.54,-19.28,0.238,39.48,False,19.5
rsi_not_hot + adx_quiet,rsi_not_hot,adx_quiet,VTR,discovery,0.279,38.7,-18.13,0.555,121.72,False,20.4
rsi_not_hot + adx_quiet,rsi_not_hot,adx_quiet,KIM,confirmation,0.228,34.28,-18.13,0.49,104.27,False,23.2
rsi_not_hot + adx_quiet,rsi_not_hot,adx_quiet,BXP,discovery,0.042,14.99,-32.0,-0.003,-11.71,True,28.6
rsi_not_hot + adx_quiet,rsi_not_hot,adx_quiet,HST,confirmation,-0.625,-31.22,-54.49,0.449,100.27,False,18.3
rsi_not_hot + adx_quiet,rsi_not_hot,adx_quiet,F,discovery,0.207,34.17,-27.84,0.455,112.89,False,15.9
rsi_not_hot + adx_quiet,rsi_not_hot,adx_quiet,LEG,confirmation,-0.453,-38.8,-59.3,-0.418,-72.68,False,21.9
rsi_not_hot + adx_quiet,rsi_not_hot,adx_quiet,INTC,discovery,-0.114,-10.6,-50.24,0.495,140.96,False,20.2
rsi_not_hot + low_vol,rsi_not_hot,low_vol,SO,discovery,-0.084,9.42,-14.27,0.515,86.48,False,37.2
rsi_not_hot + low_vol,rsi_not_hot,low_vol,DUK,confirmation,-0.657,-21.85,-31.79,0.384,61.14,False,36.9
rsi_not_hot + low_vol,rsi_not_hot,low_vol,AEP,discovery,-0.648,-25.78,-32.68,0.468,81.2,False,40.0
rsi_not_hot + low_vol,rsi_not_hot,low_vol,ED,confirmation,-0.037,13.04,-14.19,0.417,68.61,False,38.1
rsi_not_hot + low_vol,rsi_not_hot,low_vol,XEL,discovery,-0.626,-26.72,-37.42,0.231,38.97,False,39.3
rsi_not_hot + low_vol,rsi_not_hot,low_vol,KHC,confirmation,-0.561,-23.72,-32.85,-0.109,-9.46,False,37.1
rsi_not_hot + low_vol,rsi_not_hot,low_vol,GIS,discovery,-0.303,-9.26,-42.02,-0.212,-19.57,False,40.9
rsi_not_hot + low_vol,rsi_not_hot,low_vol,CAG,confirmation,-0.948,-48.25,-54.71,-0.415,-41.87,False,40.5
rsi_not_hot + low_vol,rsi_not_hot,low_vol,CPB,discovery,-0.66,-35.44,-40.1,-0.391,-41.88,False,38.6
rsi_not_hot + low_vol,rsi_not_hot,low_vol,SJM,confirmation,-0.261,-9.33,-37.84,0.153,24.69,False,39.3
rsi_not_hot + low_vol,rsi_not_hot,low_vol,T,discovery,-0.01,12.3,-29.53,0.348,63.12,False,35.5
rsi_not_hot + low_vol,rsi_not_hot,low_vol,VZ,confirmation,-0.652,-27.78,-35.46,0.062,13.18,False,40.8
rsi_not_hot + low_vol,rsi_not_hot,low_vol,PARA,discovery,-2.034,-98.92,-99.05,-1.495,-100.0,False,41.6
rsi_not_hot + low_vol,rsi_not_hot,low_vol,BMY,confirmation,-0.294,-12.09,-36.44,0.159,26.34,False,38.9
rsi_not_hot + low_vol,rsi_not_hot,low_vol,PFE,discovery,-0.471,-26.63,-46.71,-0.014,-1.62,False,43.8
rsi_not_hot + low_vol,rsi_not_hot,low_vol,CVS,confirmation,-0.116,-2.69,-40.36,0.362,71.02,False,35.9
rsi_not_hot + low_vol,rsi_not_hot,low_vol,VTRS,discovery,0.469,78.82,-29.09,0.176,20.88,True,40.7
rsi_not_hot + low_vol,rsi_not_hot,low_vol,MMM,confirmation,0.214,36.37,-36.35,0.28,49.88,False,43.8
rsi_not_hot + low_vol,rsi_not_hot,low_vol,EMR,discovery,0.169,29.54,-28.08,0.562,130.7,False,33.6
rsi_not_hot + low_vol,rsi_not_hot,low_vol,DOV,confirmation,0.201,33.24,-20.46,0.404,77.31,False,39.4
rsi_not_hot + low_vol,rsi_not_hot,low_vol,OKE,discovery,0.0,10.26,-37.9,0.808,253.62,False,38.3
rsi_not_hot + low_vol,rsi_not_hot,low_vol,DOW,confirmation,-0.456,-22.18,-47.97,-0.185,-26.56,False,36.5
rsi_not_hot + low_vol,rsi_not_hot,low_vol,LYB,discovery,-0.382,-24.3,-41.35,0.084,3.0,False,39.1
rsi_not_hot + low_vol,rsi_not_hot,low_vol,MOS,confirmation,-0.283,-34.14,-62.24,0.18,10.56,False,37.6
rsi_not_hot + low_vol,rsi_not_hot,low_vol,NEM,discovery,-0.367,-37.71,-68.05,0.519,141.69,False,38.7
rsi_not_hot + low_vol,rsi_not_hot,low_vol,O,confirmation,-0.844,-32.82,-45.1,0.238,39.48,False,36.8
rsi_not_hot + low_vol,rsi_not_hot,low_vol,VTR,discovery,-0.567,-28.37,-41.11,0.555,121.72,False,33.9
rsi_not_hot + low_vol,rsi_not_hot,low_vol,KIM,confirmation,-0.052,6.84,-47.93,0.49,104.27,False,43.1
rsi_not_hot + low_vol,rsi_not_hot,low_vol,BXP,discovery,-0.299,-21.43,-40.35,-0.003,-11.71,False,37.9
rsi_not_hot + low_vol,rsi_not_hot,low_vol,HST,confirmation,0.587,102.76,-29.98,0.449,100.27,True,42.0
rsi_not_hot + low_vol,rsi_not_hot,low_vol,F,discovery,-0.214,-22.92,-56.21,0.455,112.89,False,41.2
rsi_not_hot + low_vol,rsi_not_hot,low_vol,LEG,confirmation,-0.483,-53.93,-68.16,-0.418,-72.68,False,41.6
rsi_not_hot + low_vol,rsi_not_hot,low_vol,INTC,discovery,0.2,31.57,-47.02,0.495,140.96,False,39.6
rsi_not_hot + rsi_rising,rsi_not_hot,rsi_rising,SO,discovery,-0.227,-0.73,-20.78,0.515,86.48,False,39.6
rsi_not_hot + rsi_rising,rsi_not_hot,rsi_rising,DUK,confirmation,-0.168,3.0,-24.55,0.384,61.14,False,41.6
rsi_not_hot + rsi_rising,rsi_not_hot,rsi_rising,AEP,discovery,0.37,48.14,-26.68,0.468,81.2,False,39.7
rsi_not_hot + rsi_rising,rsi_not_hot,rsi_rising,ED,confirmation,0.222,33.13,-16.44,0.417,68.61,False,40.5
rsi_not_hot + rsi_rising,rsi_not_hot,rsi_rising,XEL,discovery,-0.177,-0.45,-19.35,0.231,38.97,False,40.5
rsi_not_hot + rsi_rising,rsi_not_hot,rsi_rising,KHC,confirmation,-0.368,-18.14,-44.13,-0.109,-9.46,False,40.7
rsi_not_hot + rsi_rising,rsi_not_hot,rsi_rising,GIS,discovery,-1.229,-60.71,-68.31,-0.212,-19.57,False,43.0
rsi_not_hot + rsi_rising,rsi_not_hot,rsi_rising,CAG,confirmation,-1.377,-65.07,-68.42,-0.415,-41.87,False,43.2
rsi_not_hot + rsi_rising,rsi_not_hot,rsi_rising,CPB,discovery,-1.136,-64.33,-70.48,-0.391,-41.88,False,45.0
rsi_not_hot + rsi_rising,rsi_not_hot,rsi_rising,SJM,confirmation,-0.312,-14.81,-38.71,0.153,24.69,False,43.1
rsi_not_hot + rsi_rising,rsi_not_hot,rsi_rising,T,discovery,-0.239,-7.52,-34.4,0.348,63.12,False,39.3
rsi_not_hot + rsi_rising,rsi_not_hot,rsi_rising,VZ,confirmation,-0.458,-18.35,-31.32,0.062,13.18,False,40.1
rsi_not_hot + rsi_rising,rsi_not_hot,rsi_rising,PARA,discovery,-1.957,-99.77,-99.78,-1.495,-100.0,False,51.5
rsi_not_hot + rsi_rising,rsi_not_hot,rsi_rising,BMY,confirmation,-0.801,-42.02,-45.56,0.159,26.34,False,41.2
rsi_not_hot + rsi_rising,rsi_not_hot,rsi_rising,PFE,discovery,-0.315,-14.84,-48.29,-0.014,-1.62,False,41.3
rsi_not_hot + rsi_rising,rsi_not_hot,rsi_rising,CVS,confirmation,0.09,19.99,-32.23,0.362,71.02,False,37.2
rsi_not_hot + rsi_rising,rsi_not_hot,rsi_rising,VTRS,discovery,0.057,14.2,-41.85,0.176,20.88,False,38.6
rsi_not_hot + rsi_rising,rsi_not_hot,rsi_rising,MMM,confirmation,-0.007,10.82,-28.34,0.28,49.88,False,40.7
rsi_not_hot + rsi_rising,rsi_not_hot,rsi_rising,EMR,discovery,0.069,17.09,-36.67,0.562,130.7,False,38.8
rsi_not_hot + rsi_rising,rsi_not_hot,rsi_rising,DOV,confirmation,-0.125,-0.28,-35.62,0.404,77.31,False,37.3
rsi_not_hot + rsi_rising,rsi_not_hot,rsi_rising,OKE,discovery,-0.093,1.1,-32.37,0.808,253.62,False,37.6
rsi_not_hot + rsi_rising,rsi_not_hot,rsi_rising,DOW,confirmation,-0.36,-21.16,-51.45,-0.185,-26.56,False,41.3
rsi_not_hot + rsi_rising,rsi_not_hot,rsi_rising,LYB,discovery,-0.003,6.35,-55.17,0.084,3.0,False,40.5
rsi_not_hot + rsi_rising,rsi_not_hot,rsi_rising,MOS,confirmation,0.061,7.33,-50.8,0.18,10.56,False,39.4
rsi_not_hot + rsi_rising,rsi_not_hot,rsi_rising,NEM,discovery,0.251,42.24,-37.83,0.519,141.69,False,37.5
rsi_not_hot + rsi_rising,rsi_not_hot,rsi_rising,O,confirmation,0.267,36.98,-17.94,0.238,39.48,True,39.3
rsi_not_hot + rsi_rising,rsi_not_hot,rsi_rising,VTR,discovery,-0.09,3.42,-26.99,0.555,121.72,False,37.0
rsi_not_hot + rsi_rising,rsi_not_hot,rsi_rising,KIM,confirmation,-0.216,-9.58,-35.46,0.49,104.27,False,40.7
rsi_not_hot + rsi_rising,rsi_not_hot,rsi_rising,BXP,discovery,-0.297,-25.75,-48.79,-0.003,-11.71,False,41.4
rsi_not_hot + rsi_rising,rsi_not_hot,rsi_rising,HST,confirmation,0.29,47.95,-32.49,0.449,100.27,False,38.9
rsi_not_hot + rsi_rising,rsi_not_hot,rsi_rising,F,discovery,0.283,49.13,-40.92,0.455,112.89,False,39.8
rsi_not_hot + rsi_rising,rsi_not_hot,rsi_rising,LEG,confirmation,-0.191,-30.16,-57.85,-0.418,-72.68,True,42.8
rsi_not_hot + rsi_rising,rsi_not_hot,rsi_rising,INTC,discovery,0.022,-5.89,-51.5,0.495,140.96,False,41.4
rsi_not_hot + mom_accelerating,rsi_not_hot,mom_accelerating,SO,discovery,-0.484,-16.74,-21.11,0.515,86.48,False,42.7
rsi_not_hot + mom_accelerating,rsi_not_hot,mom_accelerating,DUK,confirmation,-0.171,2.65,-16.43,0.384,61.14,False,43.4
rsi_not_hot + mom_accelerating,rsi_not_hot,mom_accelerating,AEP,discovery,-0.232,-1.58,-17.84,0.468,81.2,False,39.4
rsi_not_hot + mom_accelerating,rsi_not_hot,mom_accelerating,ED,confirmation,0.029,17.27,-17.32,0.417,68.61,False,42.8
rsi_not_hot + mom_accelerating,rsi_not_hot,mom_accelerating,XEL,discovery,-0.615,-28.49,-37.83,0.231,38.97,False,41.6
rsi_not_hot + mom_accelerating,rsi_not_hot,mom_accelerating,KHC,confirmation,-0.201,-4.01,-42.11,-0.109,-9.46,False,42.9
rsi_not_hot + mom_accelerating,rsi_not_hot,mom_accelerating,GIS,discovery,-1.102,-55.64,-59.65,-0.212,-19.57,False,42.4
rsi_not_hot + mom_accelerating,rsi_not_hot,mom_accelerating,CAG,confirmation,-0.887,-48.24,-60.77,-0.415,-41.87,False,44.2
rsi_not_hot + mom_accelerating,rsi_not_hot,mom_accelerating,CPB,discovery,-0.679,-39.41,-58.88,-0.391,-41.88,False,45.0
rsi_not_hot + mom_accelerating,rsi_not_hot,mom_accelerating,SJM,confirmation,-0.117,-0.95,-24.37,0.153,24.69,False,42.4
rsi_not_hot + mom_accelerating,rsi_not_hot,mom_accelerating,T,discovery,0.307,45.17,-28.71,0.348,63.12,False,41.9
rsi_not_hot + mom_accelerating,rsi_not_hot,mom_accelerating,VZ,confirmation,-0.806,-37.58,-42.54,0.062,13.18,False,43.6
rsi_not_hot + mom_accelerating,rsi_not_hot,mom_accelerating,PARA,discovery,-1.467,-99.49,-99.72,-1.495,-100.0,True,47.9
rsi_not_hot + mom_accelerating,rsi_not_hot,mom_accelerating,BMY,confirmation,-0.116,2.35,-30.32,0.159,26.34,False,41.9
rsi_not_hot + mom_accelerating,rsi_not_hot,mom_accelerating,PFE,discovery,-0.292,-14.23,-39.04,-0.014,-1.62,False,42.8
rsi_not_hot + mom_accelerating,rsi_not_hot,mom_accelerating,CVS,confirmation,0.057,13.52,-32.65,0.362,71.02,False,40.5
rsi_not_hot + mom_accelerating,rsi_not_hot,mom_accelerating,VTRS,discovery,0.818,143.66,-16.64,0.176,20.88,True,39.6
rsi_not_hot + mom_accelerating,rsi_not_hot,mom_accelerating,MMM,confirmation,-0.334,-18.77,-40.61,0.28,49.88,False,40.5
rsi_not_hot + mom_accelerating,rsi_not_hot,mom_accelerating,EMR,discovery,-0.155,-5.47,-27.95,0.562,130.7,False,40.4
rsi_not_hot + mom_accelerating,rsi_not_hot,mom_accelerating,DOV,confirmation,-0.131,-1.21,-43.39,0.404,77.31,False,39.6
rsi_not_hot + mom_accelerating,rsi_not_hot,mom_accelerating,OKE,discovery,0.057,16.12,-29.46,0.808,253.62,False,41.2
rsi_not_hot + mom_accelerating,rsi_not_hot,mom_accelerating,DOW,confirmation,-0.116,-0.22,-35.6,-0.185,-26.56,True,41.8
rsi_not_hot + mom_accelerating,rsi_not_hot,mom_accelerating,LYB,discovery,-0.571,-44.06,-66.37,0.084,3.0,False,43.5
rsi_not_hot + mom_accelerating,rsi_not_hot,mom_accelerating,MOS,confirmation,-0.053,-11.49,-44.98,0.18,10.56,False,42.0
rsi_not_hot + mom_accelerating,rsi_not_hot,mom_accelerating,NEM,discovery,0.097,16.99,-37.21,0.519,141.69,False,41.5
rsi_not_hot + mom_accelerating,rsi_not_hot,mom_accelerating,O,confirmation,-0.499,-17.05,-27.28,0.238,39.48,False,40.1
rsi_not_hot + mom_accelerating,rsi_not_hot,mom_accelerating,VTR,discovery,-0.142,-1.3,-23.04,0.555,121.72,False,39.7
rsi_not_hot + mom_accelerating,rsi_not_hot,mom_accelerating,KIM,confirmation,-0.548,-32.88,-47.4,0.49,104.27,False,42.8
rsi_not_hot + mom_accelerating,rsi_not_hot,mom_accelerating,BXP,discovery,-0.881,-63.26,-73.51,-0.003,-11.71,False,42.8
rsi_not_hot + mom_accelerating,rsi_not_hot,mom_accelerating,HST,confirmation,-0.149,-7.27,-45.01,0.449,100.27,False,40.9
rsi_not_hot + mom_accelerating,rsi_not_hot,mom_accelerating,F,discovery,-0.02,-0.56,-49.02,0.455,112.89,False,38.9
rsi_not_hot + mom_accelerating,rsi_not_hot,mom_accelerating,LEG,confirmation,-0.404,-51.33,-73.0,-0.418,-72.68,True,43.7
rsi_not_hot + mom_accelerating,rsi_not_hot,mom_accelerating,INTC,discovery,0.383,80.43,-47.27,0.495,140.96,False,42.8
rsi_oversold + bb_lower_half,rsi_oversold,bb_lower_half,SO,discovery,-0.373,3.37,-14.75,0.515,86.48,False,7.5
rsi_oversold + bb_lower_half,rsi_oversold,bb_lower_half,DUK,confirmation,-0.3,5.21,-13.97,0.384,61.14,False,7.9
rsi_oversold + bb_lower_half,rsi_oversold,bb_lower_half,AEP,discovery,-0.516,-2.55,-14.82,0.468,81.2,False,8.8
rsi_oversold + bb_lower_half,rsi_oversold,bb_lower_half,ED,confirmation,-0.41,1.4,-14.12,0.417,68.61,False,10.2
rsi_oversold + bb_lower_half,rsi_oversold,bb_lower_half,XEL,discovery,-0.604,-11.25,-21.16,0.231,38.97,False,10.0
rsi_oversold + bb_lower_half,rsi_oversold,bb_lower_half,KHC,confirmation,-0.448,-0.73,-16.05,-0.109,-9.46,False,12.7
rsi_oversold + bb_lower_half,rsi_oversold,bb_lower_half,GIS,discovery,-1.032,-23.7,-29.66,-0.212,-19.57,False,12.1
rsi_oversold + bb_lower_half,rsi_oversold,bb_lower_half,CAG,confirmation,-0.185,6.64,-15.51,-0.415,-41.87,True,12.7
rsi_oversold + bb_lower_half,rsi_oversold,bb_lower_half,CPB,discovery,-0.122,10.49,-16.81,-0.391,-41.88,True,12.7
rsi_oversold + bb_lower_half,rsi_oversold,bb_lower_half,SJM,confirmation,-0.268,5.17,-16.98,0.153,24.69,False,10.4
rsi_oversold + bb_lower_half,rsi_oversold,bb_lower_half,T,discovery,-0.043,13.97,-14.76,0.348,63.12,False,10.5
rsi_oversold + bb_lower_half,rsi_oversold,bb_lower_half,VZ,confirmation,0.123,24.08,-11.84,0.062,13.18,True,11.1
rsi_oversold + bb_lower_half,rsi_oversold,bb_lower_half,PARA,discovery,-0.377,-85.73,-92.59,-1.495,-100.0,True,31.4
rsi_oversold + bb_lower_half,rsi_oversold,bb_lower_half,BMY,confirmation,-0.483,-5.42,-19.66,0.159,26.34,False,13.6
rsi_oversold + bb_lower_half,rsi_oversold,bb_lower_half,PFE,discovery,-0.794,-22.66,-30.9,-0.014,-1.62,False,15.8
rsi_oversold + bb_lower_half,rsi_oversold,bb_lower_half,CVS,confirmation,-0.343,-10.22,-35.55,0.362,71.02,False,12.7
rsi_oversold + bb_lower_half,rsi_oversold,bb_lower_half,VTRS,discovery,-0.526,-19.45,-33.79,0.176,20.88,False,13.9
rsi_oversold + bb_lower_half,rsi_oversold,bb_lower_half,MMM,confirmation,-0.21,3.07,-22.4,0.28,49.88,False,12.0
rsi_oversold + bb_lower_half,rsi_oversold,bb_lower_half,EMR,discovery,0.311,38.87,-10.77,0.562,130.7,False,9.7
rsi_oversold + bb_lower_half,rsi_oversold,bb_lower_half,DOV,confirmation,0.172,27.47,-12.11,0.404,77.31,False,10.7
rsi_oversold + bb_lower_half,rsi_oversold,bb_lower_half,OKE,discovery,0.703,66.3,-6.66,0.808,253.62,False,5.9
rsi_oversold + bb_lower_half,rsi_oversold,bb_lower_half,DOW,confirmation,-0.72,-21.64,-34.19,-0.185,-26.56,False,13.2
rsi_oversold + bb_lower_half,rsi_oversold,bb_lower_half,LYB,discovery,0.099,22.85,-25.25,0.084,3.0,True,10.2
rsi_oversold + bb_lower_half,rsi_oversold,bb_lower_half,MOS,confirmation,-0.006,11.09,-20.77,0.18,10.56,False,12.9
rsi_oversold + bb_lower_half,rsi_oversold,bb_lower_half,NEM,discovery,-0.124,3.66,-31.62,0.519,141.69,False,12.5
rsi_oversold + bb_lower_half,rsi_oversold,bb_lower_half,O,confirmation,-0.639,-9.37,-19.24,0.238,39.48,False,10.8
rsi_oversold + bb_lower_half,rsi_oversold,bb_lower_half,VTR,discovery,-0.391,-5.02,-15.03,0.555,121.72,False,8.3
rsi_oversold + bb_lower_half,rsi_oversold,bb_lower_half,KIM,confirmation,-0.025,15.94,-8.75,0.49,104.27,False,8.7
rsi_oversold + bb_lower_half,rsi_oversold,bb_lower_half,BXP,discovery,-0.451,-14.71,-41.3,-0.003,-11.71,False,8.8
rsi_oversold + bb_lower_half,rsi_oversold,bb_lower_half,HST,confirmation,0.045,19.16,-13.33,0.449,100.27,False,6.6
rsi_oversold + bb_lower_half,rsi_oversold,bb_lower_half,F,discovery,-0.375,-15.53,-36.11,0.455,112.89,False,10.8
rsi_oversold + bb_lower_half,rsi_oversold,bb_lower_half,LEG,confirmation,0.507,64.5,-28.82,-0.418,-72.68,True,12.4
rsi_oversold + bb_lower_half,rsi_oversold,bb_lower_half,INTC,discovery,0.295,46.23,-28.48,0.495,140.96,False,13.7
rsi_oversold + adx_trending,rsi_oversold,adx_trending,SO,discovery,-0.108,14.52,-10.96,0.515,86.48,False,5.6
rsi_oversold + adx_trending,rsi_oversold,adx_trending,DUK,confirmation,-0.258,8.12,-13.7,0.384,61.14,False,6.3
rsi_oversold + adx_trending,rsi_oversold,adx_trending,AEP,discovery,-0.346,5.16,-14.82,0.468,81.2,False,7.2
rsi_oversold + adx_trending,rsi_oversold,adx_trending,ED,confirmation,-0.171,11.36,-10.8,0.417,68.61,False,8.5
rsi_oversold + adx_trending,rsi_oversold,adx_trending,XEL,discovery,-0.488,-3.92,-15.53,0.231,38.97,False,9.1
rsi_oversold + adx_trending,rsi_oversold,adx_trending,KHC,confirmation,-0.421,1.36,-16.39,-0.109,-9.46,False,11.4
rsi_oversold + adx_trending,rsi_oversold,adx_trending,GIS,discovery,-1.229,-27.42,-32.1,-0.212,-19.57,False,10.8
rsi_oversold + adx_trending,rsi_oversold,adx_trending,CAG,confirmation,-0.043,14.92,-13.34,-0.415,-41.87,True,11.4
rsi_oversold + adx_trending,rsi_oversold,adx_trending,CPB,discovery,-0.077,13.58,-16.81,-0.391,-41.88,True,10.2
rsi_oversold + adx_trending,rsi_oversold,adx_trending,SJM,confirmation,-0.408,0.32,-18.73,0.153,24.69,False,8.8
rsi_oversold + adx_trending,rsi_oversold,adx_trending,T,discovery,-0.042,14.65,-14.79,0.348,63.12,False,8.8
rsi_oversold + adx_trending,rsi_oversold,adx_trending,VZ,confirmation,0.146,25.13,-9.96,0.062,13.18,True,9.4
rsi_oversold + adx_trending,rsi_oversold,adx_trending,PARA,discovery,-0.644,-85.89,-91.66,-1.495,-100.0,True,21.9
rsi_oversold + adx_trending,rsi_oversold,adx_trending,BMY,confirmation,-0.616,-4.67,-12.27,0.159,26.34,False,11.6
rsi_oversold + adx_trending,rsi_oversold,adx_trending,PFE,discovery,-0.649,-14.69,-25.87,-0.014,-1.62,False,13.0
rsi_oversold + adx_trending,rsi_oversold,adx_trending,CVS,confirmation,-0.545,-20.97,-37.66,0.362,71.02,False,11.1
rsi_oversold + adx_trending,rsi_oversold,adx_trending,VTRS,discovery,-0.418,-9.23,-31.41,0.176,20.88,False,12.3
rsi_oversold + adx_trending,rsi_oversold,adx_trending,MMM,confirmation,-0.692,-17.11,-24.79,0.28,49.88,False,9.7
rsi_oversold + adx_trending,rsi_oversold,adx_trending,EMR,discovery,0.284,36.44,-10.77,0.562,130.7,False,8.6
rsi_oversold + adx_trending,rsi_oversold,adx_trending,DOV,confirmation,0.138,25.04,-11.32,0.404,77.31,False,8.5
rsi_oversold + adx_trending,rsi_oversold,adx_trending,OKE,discovery,0.419,42.51,-7.23,0.808,253.62,False,4.6
rsi_oversold + adx_trending,rsi_oversold,adx_trending,DOW,confirmation,-0.313,-1.44,-28.81,-0.185,-26.56,False,9.4
rsi_oversold + adx_trending,rsi_oversold,adx_trending,LYB,discovery,0.095,22.56,-20.96,0.084,3.0,True,8.6
rsi_oversold + adx_trending,rsi_oversold,adx_trending,MOS,confirmation,0.064,18.78,-23.21,0.18,10.56,False,10.3
rsi_oversold + adx_trending,rsi_oversold,adx_trending,NEM,discovery,-0.086,7.31,-34.76,0.519,141.69,False,10.4
rsi_oversold + adx_trending,rsi_oversold,adx_trending,O,confirmation,-0.553,-3.87,-17.63,0.238,39.48,False,9.2
rsi_oversold + adx_trending,rsi_oversold,adx_trending,VTR,discovery,-0.239,3.95,-10.14,0.555,121.72,False,6.7
rsi_oversold + adx_trending,rsi_oversold,adx_trending,KIM,confirmation,0.03,19.41,-5.59,0.49,104.27,False,7.1
rsi_oversold + adx_trending,rsi_oversold,adx_trending,BXP,discovery,-0.576,-16.66,-39.97,-0.003,-11.71,False,7.0
rsi_oversold + adx_trending,rsi_oversold,adx_trending,HST,confirmation,0.232,31.97,-12.09,0.449,100.27,False,5.1
rsi_oversold + adx_trending,rsi_oversold,adx_trending,F,discovery,-0.17,-0.37,-34.91,0.455,112.89,False,9.5
rsi_oversold + adx_trending,rsi_oversold,adx_trending,LEG,confirmation,0.415,49.54,-25.95,-0.418,-72.68,True,10.0
rsi_oversold + adx_trending,rsi_oversold,adx_trending,INTC,discovery,0.233,37.14,-21.67,0.495,140.96,False,10.9
rsi_oversold + adx_quiet,rsi_oversold,adx_quiet,SO,discovery,-2.141,-8.01,-9.6,0.515,86.48,False,1.0
rsi_oversold + adx_quiet,rsi_oversold,adx_quiet,GIS,discovery,-1.508,-0.67,-3.61,-0.212,-19.57,False,0.7
rsi_oversold + adx_quiet,rsi_oversold,adx_quiet,CPB,discovery,-1.239,-1.2,-5.6,-0.391,-41.88,False,1.7
rsi_oversold + adx_quiet,rsi_oversold,adx_quiet,SJM,confirmation,-0.957,8.24,-0.93,0.153,24.69,False,0.9
rsi_oversold + adx_quiet,rsi_oversold,adx_quiet,T,discovery,-0.411,9.21,-2.42,0.348,63.12,False,0.7
rsi_oversold + adx_quiet,rsi_oversold,adx_quiet,VZ,confirmation,-2.709,-4.93,-4.93,0.062,13.18,False,0.9
rsi_oversold + adx_quiet,rsi_oversold,adx_quiet,PARA,discovery,0.126,-2.24,-38.37,-1.495,-100.0,True,6.5
rsi_oversold + adx_quiet,rsi_oversold,adx_quiet,BMY,confirmation,-2.467,-6.31,-7.94,0.159,26.34,False,0.9
rsi_oversold + adx_quiet,rsi_oversold,adx_quiet,PFE,discovery,-1.563,0.8,-4.68,-0.014,-1.62,False,1.0
rsi_oversold + adx_quiet,rsi_oversold,adx_quiet,CVS,confirmation,-1.128,5.29,-1.81,0.362,71.02,False,0.8
rsi_oversold + adx_quiet,rsi_oversold,adx_quiet,MMM,confirmation,-0.612,3.14,-8.3,0.28,49.88,False,1.3
rsi_oversold + adx_quiet,rsi_oversold,adx_quiet,DOV,confirmation,-0.976,2.13,-6.69,0.404,77.31,False,0.9
rsi_oversold + adx_quiet,rsi_oversold,adx_quiet,OKE,discovery,-1.313,2.82,-5.25,0.808,253.62,False,0.8
rsi_oversold + adx_quiet,rsi_oversold,adx_quiet,DOW,confirmation,-2.077,-7.87,-8.88,-0.185,-26.56,False,1.2
rsi_oversold + adx_quiet,rsi_oversold,adx_quiet,MOS,confirmation,-0.576,3.15,-8.2,0.18,10.56,False,1.5
rsi_oversold + adx_quiet,rsi_oversold,adx_quiet,NEM,discovery,-2.119,-7.51,-8.09,0.519,141.69,False,0.8
rsi_oversold + adx_quiet,rsi_oversold,adx_quiet,O,confirmation,-1.487,-1.18,-6.69,0.238,39.48,False,0.8
rsi_oversold + adx_quiet,rsi_oversold,adx_quiet,VTR,discovery,-1.74,-3.53,-6.67,0.555,121.72,False,0.9
rsi_oversold + adx_quiet,rsi_oversold,adx_quiet,KIM,confirmation,-1.565,1.75,-2.87,0.49,104.27,False,0.7
rsi_oversold + adx_quiet,rsi_oversold,adx_quiet,BXP,discovery,-0.848,-2.78,-8.98,-0.003,-11.71,False,1.1
rsi_oversold + adx_quiet,rsi_oversold,adx_quiet,HST,confirmation,-1.275,-12.14,-13.4,0.449,100.27,False,0.8
rsi_oversold + adx_quiet,rsi_oversold,adx_quiet,LEG,confirmation,-0.391,3.57,-8.47,-0.418,-72.68,True,1.5
rsi_oversold + adx_quiet,rsi_oversold,adx_quiet,INTC,discovery,-0.301,8.13,-9.46,0.495,140.96,False,1.0
rsi_oversold + low_vol,rsi_oversold,low_vol,SO,discovery,-1.165,-1.47,-6.11,0.515,86.48,False,2.9
rsi_oversold + low_vol,rsi_oversold,low_vol,DUK,confirmation,-0.782,2.47,-10.27,0.384,61.14,False,3.1
rsi_oversold + low_vol,rsi_oversold,low_vol,AEP,discovery,-0.669,3.9,-7.69,0.468,81.2,False,4.9
rsi_oversold + low_vol,rsi_oversold,low_vol,ED,confirmation,-0.502,8.45,-4.58,0.417,68.61,False,3.8
rsi_oversold + low_vol,rsi_oversold,low_vol,XEL,discovery,-0.821,-3.3,-10.31,0.231,38.97,False,4.4
rsi_oversold + low_vol,rsi_oversold,low_vol,KHC,confirmation,-0.788,-2.49,-17.06,-0.109,-9.46,False,5.9
rsi_oversold + low_vol,rsi_oversold,low_vol,GIS,discovery,-0.809,-7.18,-18.04,-0.212,-19.57,False,6.4
rsi_oversold + low_vol,rsi_oversold,low_vol,CAG,confirmation,-0.464,-0.78,-15.51,-0.415,-41.87,False,6.4
rsi_oversold + low_vol,rsi_oversold,low_vol,CPB,discovery,-0.235,11.04,-6.79,-0.391,-41.88,True,5.4
rsi_oversold + low_vol,rsi_oversold,low_vol,SJM,confirmation,-0.882,-3.42,-7.8,0.153,24.69,False,4.1
rsi_oversold + low_vol,rsi_oversold,low_vol,T,discovery,-0.697,-5.95,-13.19,0.348,63.12,False,4.2
rsi_oversold + low_vol,rsi_oversold,low_vol,VZ,confirmation,-0.501,3.85,-8.3,0.062,13.18,False,5.2
rsi_oversold + low_vol,rsi_oversold,low_vol,PARA,discovery,-0.733,-71.72,-76.6,-1.495,-100.0,True,14.1
rsi_oversold + low_vol,rsi_oversold,low_vol,BMY,confirmation,-0.573,-0.04,-13.7,0.159,26.34,False,7.2
rsi_oversold + low_vol,rsi_oversold,low_vol,PFE,discovery,-0.738,-11.72,-14.6,-0.014,-1.62,False,8.0
rsi_oversold + low_vol,rsi_oversold,low_vol,CVS,confirmation,-1.009,-12.08,-20.74,0.362,71.02,False,4.9
rsi_oversold + low_vol,rsi_oversold,low_vol,VTRS,discovery,-0.289,3.4,-20.36,0.176,20.88,False,7.2
rsi_oversold + low_vol,rsi_oversold,low_vol,MMM,confirmation,-0.309,6.83,-8.36,0.28,49.88,False,5.2
rsi_oversold + low_vol,rsi_oversold,low_vol,EMR,discovery,0.15,24.53,-9.46,0.562,130.7,False,5.1
rsi_oversold + low_vol,rsi_oversold,low_vol,DOV,confirmation,-0.208,10.55,-11.09,0.404,77.31,False,6.6
rsi_oversold + low_vol,rsi_oversold,low_vol,OKE,discovery,-1.061,4.93,-4.19,0.808,253.62,False,1.3
rsi_oversold + low_vol,rsi_oversold,low_vol,DOW,confirmation,-0.656,-4.6,-16.61,-0.185,-26.56,False,7.1
rsi_oversold + low_vol,rsi_oversold,low_vol,LYB,discovery,-0.461,-2.12,-29.87,0.084,3.0,False,6.7
rsi_oversold + low_vol,rsi_oversold,low_vol,MOS,confirmation,-0.254,0.44,-16.86,0.18,10.56,False,5.7
rsi_oversold + low_vol,rsi_oversold,low_vol,NEM,discovery,-0.516,-17.73,-32.25,0.519,141.69,False,8.1
rsi_oversold + low_vol,rsi_oversold,low_vol,O,confirmation,-0.942,-10.0,-19.38,0.238,39.48,False,5.3
rsi_oversold + low_vol,rsi_oversold,low_vol,VTR,discovery,-0.728,-8.34,-12.25,0.555,121.72,False,3.3
rsi_oversold + low_vol,rsi_oversold,low_vol,KIM,confirmation,-0.503,4.23,-6.58,0.49,104.27,False,3.8
rsi_oversold + low_vol,rsi_oversold,low_vol,BXP,discovery,-0.649,-4.6,-17.86,-0.003,-11.71,False,2.2
rsi_oversold + low_vol,rsi_oversold,low_vol,HST,confirmation,-0.277,7.81,-15.08,0.449,100.27,False,2.9
rsi_oversold + low_vol,rsi_oversold,low_vol,F,discovery,-1.009,-28.2,-34.07,0.455,112.89,False,5.5
rsi_oversold + low_vol,rsi_oversold,low_vol,LEG,confirmation,0.388,40.01,-8.99,-0.418,-72.68,True,7.0
rsi_oversold + low_vol,rsi_oversold,low_vol,INTC,discovery,0.047,18.99,-21.2,0.495,140.96,False,7.7
rsi_oversold + rsi_rising,rsi_oversold,rsi_rising,SO,discovery,-0.786,3.35,-8.61,0.515,86.48,False,1.8
rsi_oversold + rsi_rising,rsi_oversold,rsi_rising,DUK,confirmation,-0.894,-1.52,-13.02,0.384,61.14,False,1.9
rsi_oversold + rsi_rising,rsi_oversold,rsi_rising,AEP,discovery,-0.465,7.11,-9.12,0.468,81.2,False,2.6
rsi_oversold + rsi_rising,rsi_oversold,rsi_rising,ED,confirmation,-0.669,3.44,-8.8,0.417,68.61,False,2.6
rsi_oversold + rsi_rising,rsi_oversold,rsi_rising,XEL,discovery,-0.438,5.59,-7.34,0.231,38.97,False,2.9
rsi_oversold + rsi_rising,rsi_oversold,rsi_rising,KHC,confirmation,-0.919,3.05,-4.97,-0.109,-9.46,False,2.8
rsi_oversold + rsi_rising,rsi_oversold,rsi_rising,GIS,discovery,-1.714,-19.83,-21.11,-0.212,-19.57,False,3.6
rsi_oversold + rsi_rising,rsi_oversold,rsi_rising,CAG,confirmation,-0.843,2.55,-7.64,-0.415,-41.87,False,2.7
rsi_oversold + rsi_rising,rsi_oversold,rsi_rising,CPB,discovery,-0.935,-11.14,-14.63,-0.391,-41.88,False,3.5
rsi_oversold + rsi_rising,rsi_oversold,rsi_rising,SJM,confirmation,-1.19,-10.82,-14.92,0.153,24.69,False,3.1
rsi_oversold + rsi_rising,rsi_oversold,rsi_rising,T,discovery,-0.971,-12.07,-16.79,0.348,63.12,False,3.3
rsi_oversold + rsi_rising,rsi_oversold,rsi_rising,VZ,confirmation,-0.616,4.93,-8.14,0.062,13.18,False,3.3
rsi_oversold + rsi_rising,rsi_oversold,rsi_rising,PARA,discovery,-0.606,-64.69,-71.79,-1.495,-100.0,True,11.9
rsi_oversold + rsi_rising,rsi_oversold,rsi_rising,BMY,confirmation,-1.411,-11.32,-16.29,0.159,26.34,False,5.0
rsi_oversold + rsi_rising,rsi_oversold,rsi_rising,PFE,discovery,-1.37,-19.06,-22.08,-0.014,-1.62,False,5.2
rsi_oversold + rsi_rising,rsi_oversold,rsi_rising,CVS,confirmation,-0.534,0.06,-16.75,0.362,71.02,False,3.6
rsi_oversold + rsi_rising,rsi_oversold,rsi_rising,VTRS,discovery,-0.278,8.91,-8.65,0.176,20.88,False,4.0
rsi_oversold + rsi_rising,rsi_oversold,rsi_rising,MMM,confirmation,-0.924,-5.3,-8.9,0.28,49.88,False,3.2
rsi_oversold + rsi_rising,rsi_oversold,rsi_rising,EMR,discovery,-0.486,5.64,-7.51,0.562,130.7,False,1.9
rsi_oversold + rsi_rising,rsi_oversold,rsi_rising,DOV,confirmation,-0.999,-3.05,-9.98,0.404,77.31,False,2.6
rsi_oversold + rsi_rising,rsi_oversold,rsi_rising,OKE,discovery,-0.441,12.1,-4.14,0.808,253.62,False,1.5
rsi_oversold + rsi_rising,rsi_oversold,rsi_rising,DOW,confirmation,-0.46,1.94,-8.83,-0.185,-26.56,False,3.3
rsi_oversold + rsi_rising,rsi_oversold,rsi_rising,LYB,discovery,-1.403,-20.38,-26.22,0.084,3.0,False,2.1
rsi_oversold + rsi_rising,rsi_oversold,rsi_rising,MOS,confirmation,-0.429,-3.86,-14.75,0.18,10.56,False,4.2
rsi_oversold + rsi_rising,rsi_oversold,rsi_rising,NEM,discovery,-0.032,16.46,-11.72,0.519,141.69,False,4.2
rsi_oversold + rsi_rising,rsi_oversold,rsi_rising,O,confirmation,-0.781,-0.51,-11.0,0.238,39.48,False,3.3
rsi_oversold + rsi_rising,rsi_oversold,rsi_rising,VTR,discovery,-0.119,15.23,-6.72,0.555,121.72,False,1.8
rsi_oversold + rsi_rising,rsi_oversold,rsi_rising,KIM,confirmation,-0.513,8.35,-3.22,0.49,104.27,False,2.2
rsi_oversold + rsi_rising,rsi_oversold,rsi_rising,BXP,discovery,-0.73,-7.86,-20.02,-0.003,-11.71,False,2.0
rsi_oversold + rsi_rising,rsi_oversold,rsi_rising,HST,confirmation,-0.585,1.74,-9.87,0.449,100.27,False,1.5
rsi_oversold + rsi_rising,rsi_oversold,rsi_rising,F,discovery,-0.199,9.34,-12.99,0.455,112.89,False,3.3
rsi_oversold + rsi_rising,rsi_oversold,rsi_rising,LEG,confirmation,-0.476,1.31,-13.83,-0.418,-72.68,False,3.3
rsi_oversold + rsi_rising,rsi_oversold,rsi_rising,INTC,discovery,-0.333,-2.8,-20.34,0.495,140.96,False,4.5
rsi_oversold + mom_accelerating,rsi_oversold,mom_accelerating,SO,discovery,-0.512,10.04,-3.8,0.515,86.48,False,3.1
rsi_oversold + mom_accelerating,rsi_oversold,mom_accelerating,DUK,confirmation,-0.631,5.76,-4.92,0.384,61.14,False,2.7
rsi_oversold + mom_accelerating,rsi_oversold,mom_accelerating,AEP,discovery,-0.649,4.62,-6.48,0.468,81.2,False,3.7
rsi_oversold + mom_accelerating,rsi_oversold,mom_accelerating,ED,confirmation,-0.165,14.7,-4.21,0.417,68.61,False,4.7
rsi_oversold + mom_accelerating,rsi_oversold,mom_accelerating,XEL,discovery,-0.843,-3.46,-8.9,0.231,38.97,False,4.2
rsi_oversold + mom_accelerating,rsi_oversold,mom_accelerating,KHC,confirmation,-0.618,3.07,-9.45,-0.109,-9.46,False,5.2
rsi_oversold + mom_accelerating,rsi_oversold,mom_accelerating,GIS,discovery,-1.346,-17.99,-23.24,-0.212,-19.57,False,4.7
rsi_oversold + mom_accelerating,rsi_oversold,mom_accelerating,CAG,confirmation,-0.545,0.88,-14.56,-0.415,-41.87,False,5.0
rsi_oversold + mom_accelerating,rsi_oversold,mom_accelerating,CPB,discovery,-0.149,12.47,-10.67,-0.391,-41.88,True,5.3
rsi_oversold + mom_accelerating,rsi_oversold,mom_accelerating,SJM,confirmation,-0.075,15.91,-7.96,0.153,24.69,False,5.0
rsi_oversold + mom_accelerating,rsi_oversold,mom_accelerating,T,discovery,-0.216,9.33,-13.04,0.348,63.12,False,4.9
rsi_oversold + mom_accelerating,rsi_oversold,mom_accelerating,VZ,confirmation,-0.908,-7.49,-17.85,0.062,13.18,False,4.6
rsi_oversold + mom_accelerating,rsi_oversold,mom_accelerating,PARA,discovery,-0.715,-80.72,-91.35,-1.495,-100.0,True,14.1
rsi_oversold + mom_accelerating,rsi_oversold,mom_accelerating,BMY,confirmation,-1.056,-7.4,-10.24,0.159,26.34,False,5.7
rsi_oversold + mom_accelerating,rsi_oversold,mom_accelerating,PFE,discovery,-1.535,-24.85,-29.3,-0.014,-1.62,False,7.1
rsi_oversold + mom_accelerating,rsi_oversold,mom_accelerating,CVS,confirmation,-0.105,8.47,-17.89,0.362,71.02,False,5.8
rsi_oversold + mom_accelerating,rsi_oversold,mom_accelerating,VTRS,discovery,0.468,41.04,-10.49,0.176,20.88,True,5.8
rsi_oversold + mom_accelerating,rsi_oversold,mom_accelerating,MMM,confirmation,-0.886,-12.62,-15.31,0.28,49.88,False,4.9
rsi_oversold + mom_accelerating,rsi_oversold,mom_accelerating,EMR,discovery,-0.184,11.72,-11.2,0.562,130.7,False,3.8
rsi_oversold + mom_accelerating,rsi_oversold,mom_accelerating,DOV,confirmation,-0.733,-1.19,-9.72,0.404,77.31,False,4.3
rsi_oversold + mom_accelerating,rsi_oversold,mom_accelerating,OKE,discovery,-0.162,15.67,-4.14,0.808,253.62,False,2.3
rsi_oversold + mom_accelerating,rsi_oversold,mom_accelerating,DOW,confirmation,-0.653,-4.12,-17.07,-0.185,-26.56,False,5.3
rsi_oversold + mom_accelerating,rsi_oversold,mom_accelerating,LYB,discovery,-0.339,3.98,-16.26,0.084,3.0,False,4.5
rsi_oversold + mom_accelerating,rsi_oversold,mom_accelerating,MOS,confirmation,-0.389,-9.48,-19.08,0.18,10.56,False,5.8
rsi_oversold + mom_accelerating,rsi_oversold,mom_accelerating,NEM,discovery,-0.423,-4.11,-20.38,0.519,141.69,False,5.6
rsi_oversold + mom_accelerating,rsi_oversold,mom_accelerating,O,confirmation,-1.056,-6.56,-14.31,0.238,39.48,False,3.8
rsi_oversold + mom_accelerating,rsi_oversold,mom_accelerating,VTR,discovery,-0.364,4.71,-10.54,0.555,121.72,False,2.6
rsi_oversold + mom_accelerating,rsi_oversold,mom_accelerating,KIM,confirmation,-0.409,6.59,-10.18,0.49,104.27,False,3.8
rsi_oversold + mom_accelerating,rsi_oversold,mom_accelerating,BXP,discovery,-0.638,-5.82,-22.4,-0.003,-11.71,False,3.5
rsi_oversold + mom_accelerating,rsi_oversold,mom_accelerating,HST,confirmation,-1.117,-15.67,-17.53,0.449,100.27,False,2.7
rsi_oversold + mom_accelerating,rsi_oversold,mom_accelerating,F,discovery,-0.916,-21.1,-25.73,0.455,112.89,False,4.1
rsi_oversold + mom_accelerating,rsi_oversold,mom_accelerating,LEG,confirmation,0.457,39.8,-8.62,-0.418,-72.68,True,4.9
rsi_oversold + mom_accelerating,rsi_oversold,mom_accelerating,INTC,discovery,0.512,64.51,-13.72,0.495,140.96,True,6.5
bb_lower_half + adx_trending,bb_lower_half,adx_trending,SO,discovery,-0.233,3.06,-17.28,0.515,86.48,False,23.8
bb_lower_half + adx_trending,bb_lower_half,adx_trending,DUK,confirmation,0.138,25.65,-20.13,0.384,61.14,False,26.4
bb_lower_half + adx_trending,bb_lower_half,adx_trending,AEP,discovery,0.361,44.26,-14.36,0.468,81.2,False,27.4
bb_lower_half + adx_trending,bb_lower_half,adx_trending,ED,confirmation,-0.202,3.29,-14.29,0.417,68.61,False,28.1
bb_lower_half + adx_trending,bb_lower_half,adx_trending,XEL,discovery,0.071,20.7,-19.33,0.231,38.97,False,28.3
bb_lower_half + adx_trending,bb_lower_half,adx_trending,KHC,confirmation,-0.333,-8.43,-30.92,-0.109,-9.46,False,36.1
bb_lower_half + adx_trending,bb_lower_half,adx_trending,GIS,discovery,-0.513,-17.8,-41.54,-0.212,-19.57,False,32.2
bb_lower_half + adx_trending,bb_lower_half,adx_trending,CAG,confirmation,-0.116,2.36,-27.31,-0.415,-41.87,True,39.1
bb_lower_half + adx_trending,bb_lower_half,adx_trending,CPB,discovery,-0.295,-9.86,-42.33,-0.391,-41.88,True,32.7
bb_lower_half + adx_trending,bb_lower_half,adx_trending,SJM,confirmation,0.145,26.65,-27.31,0.153,24.69,False,27.9
bb_lower_half + adx_trending,bb_lower_half,adx_trending,T,discovery,-0.334,-12.32,-29.55,0.348,63.12,False,32.0
bb_lower_half + adx_trending,bb_lower_half,adx_trending,VZ,confirmation,-0.418,-16.82,-39.52,0.062,13.18,False,36.1
bb_lower_half + adx_trending,bb_lower_half,adx_trending,PARA,discovery,-0.896,-98.91,-98.96,-1.495,-100.0,True,53.5
bb_lower_half + adx_trending,bb_lower_half,adx_trending,BMY,confirmation,-0.179,-0.6,-30.54,0.159,26.34,False,31.1
bb_lower_half + adx_trending,bb_lower_half,adx_trending,PFE,discovery,-0.205,-4.71,-38.47,-0.014,-1.62,False,37.3
bb_lower_half + adx_trending,bb_lower_half,adx_trending,CVS,confirmation,0.072,17.94,-41.03,0.362,71.02,False,30.8
bb_lower_half + adx_trending,bb_lower_half,adx_trending,VTRS,discovery,-0.252,-13.6,-43.36,0.176,20.88,False,34.3
bb_lower_half + adx_trending,bb_lower_half,adx_trending,MMM,confirmation,-0.324,-16.23,-46.71,0.28,49.88,False,29.2
bb_lower_half + adx_trending,bb_lower_half,adx_trending,EMR,discovery,0.091,20.47,-27.71,0.562,130.7,False,30.3
bb_lower_half + adx_trending,bb_lower_half,adx_trending,DOV,confirmation,-0.263,-10.49,-28.94,0.404,77.31,False,29.6
bb_lower_half + adx_trending,bb_lower_half,adx_trending,OKE,discovery,0.571,76.69,-23.51,0.808,253.62,False,21.7
bb_lower_half + adx_trending,bb_lower_half,adx_trending,DOW,confirmation,-0.067,4.42,-38.63,-0.185,-26.56,True,31.8
bb_lower_half + adx_trending,bb_lower_half,adx_trending,LYB,discovery,-0.111,-5.04,-45.98,0.084,3.0,False,30.9
bb_lower_half + adx_trending,bb_lower_half,adx_trending,MOS,confirmation,0.549,106.59,-29.41,0.18,10.56,True,28.5
bb_lower_half + adx_trending,bb_lower_half,adx_trending,NEM,discovery,0.423,74.56,-45.1,0.519,141.69,False,29.9
bb_lower_half + adx_trending,bb_lower_half,adx_trending,O,confirmation,-0.544,-15.83,-36.63,0.238,39.48,False,31.0
bb_lower_half + adx_trending,bb_lower_half,adx_trending,VTR,discovery,-0.08,5.04,-30.56,0.555,121.72,False,29.9
bb_lower_half + adx_trending,bb_lower_half,adx_trending,KIM,confirmation,0.254,38.09,-23.87,0.49,104.27,False,26.7
bb_lower_half + adx_trending,bb_lower_half,adx_trending,BXP,discovery,-0.055,3.81,-46.25,-0.003,-11.71,False,28.1
bb_lower_half + adx_trending,bb_lower_half,adx_trending,HST,confirmation,0.561,91.35,-17.95,0.449,100.27,True,27.5
bb_lower_half + adx_trending,bb_lower_half,adx_trending,F,discovery,0.171,28.99,-43.67,0.455,112.89,False,33.6
bb_lower_half + adx_trending,bb_lower_half,adx_trending,LEG,confirmation,-0.168,-15.86,-38.19,-0.418,-72.68,True,37.3
bb_lower_half + adx_trending,bb_lower_half,adx_trending,INTC,discovery,0.144,21.36,-47.64,0.495,140.96,False,29.6
bb_lower_half + adx_quiet,bb_lower_half,adx_quiet,SO,discovery,-0.259,7.55,-14.69,0.515,86.48,False,11.5
bb_lower_half + adx_quiet,bb_lower_half,adx_quiet,DUK,confirmation,-0.772,-7.13,-14.81,0.384,61.14,False,8.5
bb_lower_half + adx_quiet,bb_lower_half,adx_quiet,AEP,discovery,-0.987,-21.14,-27.42,0.468,81.2,False,8.9
bb_lower_half + adx_quiet,bb_lower_half,adx_quiet,ED,confirmation,-0.815,-10.17,-18.91,0.417,68.61,False,7.9
bb_lower_half + adx_quiet,bb_lower_half,adx_quiet,XEL,discovery,-0.206,6.41,-17.66,0.231,38.97,False,11.6
bb_lower_half + adx_quiet,bb_lower_half,adx_quiet,KHC,confirmation,-0.48,-4.81,-20.54,-0.109,-9.46,False,9.0
bb_lower_half + adx_quiet,bb_lower_half,adx_quiet,GIS,discovery,0.029,18.94,-16.14,-0.212,-19.57,True,14.1
bb_lower_half + adx_quiet,bb_lower_half,adx_quiet,CAG,confirmation,-0.541,-9.51,-23.96,-0.415,-41.87,False,8.1
bb_lower_half + adx_quiet,bb_lower_half,adx_quiet,CPB,discovery,-0.575,-10.93,-31.38,-0.391,-41.88,False,13.0
bb_lower_half + adx_quiet,bb_lower_half,adx_quiet,SJM,confirmation,-0.389,-4.94,-23.38,0.153,24.69,False,10.8
bb_lower_half + adx_quiet,bb_lower_half,adx_quiet,T,discovery,-0.762,-11.22,-17.02,0.348,63.12,False,7.1
bb_lower_half + adx_quiet,bb_lower_half,adx_quiet,VZ,confirmation,-0.399,4.15,-10.31,0.062,13.18,False,10.0
bb_lower_half + adx_quiet,bb_lower_half,adx_quiet,PARA,discovery,-0.956,-85.12,-88.64,-1.495,-100.0,True,21.0
bb_lower_half + adx_quiet,bb_lower_half,adx_quiet,BMY,confirmation,-0.348,2.31,-17.24,0.159,26.34,False,11.4
bb_lower_half + adx_quiet,bb_lower_half,adx_quiet,PFE,discovery,-1.104,-24.62,-27.33,-0.014,-1.62,False,9.0
bb_lower_half + adx_quiet,bb_lower_half,adx_quiet,CVS,confirmation,-0.56,-11.85,-20.78,0.362,71.02,False,9.7
bb_lower_half + adx_quiet,bb_lower_half,adx_quiet,VTRS,discovery,-0.062,12.42,-19.93,0.176,20.88,False,6.8
bb_lower_half + adx_quiet,bb_lower_half,adx_quiet,MMM,confirmation,-0.411,-3.63,-11.33,0.28,49.88,False,10.4
bb_lower_half + adx_quiet,bb_lower_half,adx_quiet,EMR,discovery,0.01,17.83,-15.57,0.562,130.7,False,7.1
bb_lower_half + adx_quiet,bb_lower_half,adx_quiet,DOV,confirmation,-0.702,-9.86,-12.31,0.404,77.31,False,7.4
bb_lower_half + adx_quiet,bb_lower_half,adx_quiet,OKE,discovery,0.175,27.78,-17.89,0.808,253.62,False,9.7
bb_lower_half + adx_quiet,bb_lower_half,adx_quiet,DOW,confirmation,-1.313,-28.16,-29.17,-0.185,-26.56,False,10.3
bb_lower_half + adx_quiet,bb_lower_half,adx_quiet,LYB,discovery,0.118,24.11,-12.76,0.084,3.0,True,11.0
bb_lower_half + adx_quiet,bb_lower_half,adx_quiet,MOS,confirmation,-0.363,-17.47,-52.37,0.18,10.56,False,14.6
bb_lower_half + adx_quiet,bb_lower_half,adx_quiet,NEM,discovery,-0.33,-4.98,-25.45,0.519,141.69,False,8.2
bb_lower_half + adx_quiet,bb_lower_half,adx_quiet,O,confirmation,-0.459,-0.16,-11.08,0.238,39.48,False,9.1
bb_lower_half + adx_quiet,bb_lower_half,adx_quiet,VTR,discovery,0.2,28.63,-12.09,0.555,121.72,False,9.3
bb_lower_half + adx_quiet,bb_lower_half,adx_quiet,KIM,confirmation,0.229,31.06,-12.33,0.49,104.27,False,10.2
bb_lower_half + adx_quiet,bb_lower_half,adx_quiet,BXP,discovery,-0.114,5.11,-19.72,-0.003,-11.71,False,14.6
bb_lower_half + adx_quiet,bb_lower_half,adx_quiet,HST,confirmation,-0.79,-29.88,-42.0,0.449,100.27,False,9.8
bb_lower_half + adx_quiet,bb_lower_half,adx_quiet,F,discovery,-0.528,-15.89,-33.81,0.455,112.89,False,8.0
bb_lower_half + adx_quiet,bb_lower_half,adx_quiet,LEG,confirmation,-0.689,-32.13,-50.32,-0.418,-72.68,False,13.2
bb_lower_half + adx_quiet,bb_lower_half,adx_quiet,INTC,discovery,-0.419,-19.33,-34.88,0.495,140.96,False,10.0
bb_lower_half + low_vol,bb_lower_half,low_vol,SO,discovery,-0.796,-16.18,-21.48,0.515,86.48,False,16.9
bb_lower_half + low_vol,bb_lower_half,low_vol,DUK,confirmation,-0.711,-12.79,-25.97,0.384,61.14,False,17.2
bb_lower_half + low_vol,bb_lower_half,low_vol,AEP,discovery,-0.543,-11.61,-19.53,0.468,81.2,False,23.8
bb_lower_half + low_vol,bb_lower_half,low_vol,ED,confirmation,-0.341,0.06,-16.5,0.417,68.61,False,21.2
bb_lower_half + low_vol,bb_lower_half,low_vol,XEL,discovery,-0.51,-12.27,-25.63,0.231,38.97,False,22.1
bb_lower_half + low_vol,bb_lower_half,low_vol,KHC,confirmation,-0.519,-11.75,-27.79,-0.109,-9.46,False,21.7
bb_lower_half + low_vol,bb_lower_half,low_vol,GIS,discovery,-0.264,-0.98,-30.08,-0.212,-19.57,False,24.9
bb_lower_half + low_vol,bb_lower_half,low_vol,CAG,confirmation,-1.17,-48.57,-53.64,-0.415,-41.87,False,25.8
bb_lower_half + low_vol,bb_lower_half,low_vol,CPB,discovery,-0.465,-15.49,-23.82,-0.391,-41.88,False,22.6
bb_lower_half + low_vol,bb_lower_half,low_vol,SJM,confirmation,-0.149,4.45,-15.59,0.153,24.69,False,18.9
bb_lower_half + low_vol,bb_lower_half,low_vol,T,discovery,-0.775,-24.52,-31.99,0.348,63.12,False,19.1
bb_lower_half + low_vol,bb_lower_half,low_vol,VZ,confirmation,-0.717,-19.6,-31.24,0.062,13.18,False,24.9
bb_lower_half + low_vol,bb_lower_half,low_vol,PARA,discovery,-1.409,-96.55,-96.99,-1.495,-100.0,True,37.5
bb_lower_half + low_vol,bb_lower_half,low_vol,BMY,confirmation,-0.215,-0.1,-30.95,0.159,26.34,False,22.7
bb_lower_half + low_vol,bb_lower_half,low_vol,PFE,discovery,-0.584,-26.85,-39.27,-0.014,-1.62,False,29.8
bb_lower_half + low_vol,bb_lower_half,low_vol,CVS,confirmation,-0.11,7.87,-24.75,0.362,71.02,False,17.5
bb_lower_half + low_vol,bb_lower_half,low_vol,VTRS,discovery,0.045,16.76,-26.52,0.176,20.88,False,24.5
bb_lower_half + low_vol,bb_lower_half,low_vol,MMM,confirmation,-0.15,1.28,-26.89,0.28,49.88,False,23.7
bb_lower_half + low_vol,bb_lower_half,low_vol,EMR,discovery,0.047,18.87,-18.34,0.562,130.7,False,17.7
bb_lower_half + low_vol,bb_lower_half,low_vol,DOV,confirmation,-0.203,0.31,-17.54,0.404,77.31,False,21.9
bb_lower_half + low_vol,bb_lower_half,low_vol,OKE,discovery,0.641,75.75,-16.16,0.808,253.62,False,17.1
bb_lower_half + low_vol,bb_lower_half,low_vol,DOW,confirmation,-0.751,-27.6,-41.94,-0.185,-26.56,False,21.1
bb_lower_half + low_vol,bb_lower_half,low_vol,LYB,discovery,-0.565,-25.84,-42.81,0.084,3.0,False,23.0
bb_lower_half + low_vol,bb_lower_half,low_vol,MOS,confirmation,-0.02,4.77,-27.28,0.18,10.56,False,20.0
bb_lower_half + low_vol,bb_lower_half,low_vol,NEM,discovery,-0.787,-51.29,-55.06,0.519,141.69,False,23.4
bb_lower_half + low_vol,bb_lower_half,low_vol,O,confirmation,-0.969,-24.46,-36.5,0.238,39.48,False,18.0
bb_lower_half + low_vol,bb_lower_half,low_vol,VTR,discovery,-0.712,-24.94,-39.27,0.555,121.72,False,17.5
bb_lower_half + low_vol,bb_lower_half,low_vol,KIM,confirmation,-0.154,4.29,-32.26,0.49,104.27,False,23.9
bb_lower_half + low_vol,bb_lower_half,low_vol,BXP,discovery,-0.119,1.41,-20.97,-0.003,-11.71,False,20.7
bb_lower_half + low_vol,bb_lower_half,low_vol,HST,confirmation,0.679,91.3,-19.61,0.449,100.27,True,21.0
bb_lower_half + low_vol,bb_lower_half,low_vol,F,discovery,-0.16,-9.34,-55.56,0.455,112.89,False,26.0
bb_lower_half + low_vol,bb_lower_half,low_vol,LEG,confirmation,-0.479,-37.77,-42.23,-0.418,-72.68,False,30.3
bb_lower_half + low_vol,bb_lower_half,low_vol,INTC,discovery,0.393,68.04,-30.76,0.495,140.96,False,23.9
bb_lower_half + rsi_rising,bb_lower_half,rsi_rising,SO,discovery,0.017,18.65,-15.84,0.515,86.48,False,16.1
bb_lower_half + rsi_rising,bb_lower_half,rsi_rising,DUK,confirmation,-0.034,16.03,-22.08,0.384,61.14,False,16.4
bb_lower_half + rsi_rising,bb_lower_half,rsi_rising,AEP,discovery,0.081,21.78,-15.96,0.468,81.2,False,17.6
bb_lower_half + rsi_rising,bb_lower_half,rsi_rising,ED,confirmation,-0.273,4.23,-14.0,0.417,68.61,False,15.8
bb_lower_half + rsi_rising,bb_lower_half,rsi_rising,XEL,discovery,0.058,20.4,-12.09,0.231,38.97,False,17.7
bb_lower_half + rsi_rising,bb_lower_half,rsi_rising,KHC,confirmation,-0.892,-31.48,-42.02,-0.109,-9.46,False,20.0
bb_lower_half + rsi_rising,bb_lower_half,rsi_rising,GIS,discovery,-0.905,-29.08,-41.19,-0.212,-19.57,False,20.9
bb_lower_half + rsi_rising,bb_lower_half,rsi_rising,CAG,confirmation,-1.395,-53.92,-59.51,-0.415,-41.87,False,22.4
bb_lower_half + rsi_rising,bb_lower_half,rsi_rising,CPB,discovery,-0.812,-32.66,-38.11,-0.391,-41.88,False,20.8
bb_lower_half + rsi_rising,bb_lower_half,rsi_rising,SJM,confirmation,-0.229,3.79,-20.11,0.153,24.69,False,18.5
bb_lower_half + rsi_rising,bb_lower_half,rsi_rising,T,discovery,-0.883,-28.77,-33.65,0.348,63.12,False,19.1
bb_lower_half + rsi_rising,bb_lower_half,rsi_rising,VZ,confirmation,-0.449,-6.92,-28.47,0.062,13.18,False,20.3
bb_lower_half + rsi_rising,bb_lower_half,rsi_rising,PARA,discovery,-1.62,-98.87,-98.94,-1.495,-100.0,False,41.0
bb_lower_half + rsi_rising,bb_lower_half,rsi_rising,BMY,confirmation,-0.798,-28.0,-37.26,0.159,26.34,False,19.8
bb_lower_half + rsi_rising,bb_lower_half,rsi_rising,PFE,discovery,-0.618,-21.73,-29.56,-0.014,-1.62,False,21.7
bb_lower_half + rsi_rising,bb_lower_half,rsi_rising,CVS,confirmation,0.206,31.53,-23.42,0.362,71.02,False,17.3
bb_lower_half + rsi_rising,bb_lower_half,rsi_rising,VTRS,discovery,-0.125,0.58,-24.72,0.176,20.88,False,18.5
bb_lower_half + rsi_rising,bb_lower_half,rsi_rising,MMM,confirmation,-0.278,-2.53,-21.78,0.28,49.88,False,17.0
bb_lower_half + rsi_rising,bb_lower_half,rsi_rising,EMR,discovery,-0.012,12.69,-25.13,0.562,130.7,False,17.1
bb_lower_half + rsi_rising,bb_lower_half,rsi_rising,DOV,confirmation,-0.353,-9.47,-30.18,0.404,77.31,False,16.8
bb_lower_half + rsi_rising,bb_lower_half,rsi_rising,OKE,discovery,-0.107,8.94,-19.54,0.808,253.62,False,13.4
bb_lower_half + rsi_rising,bb_lower_half,rsi_rising,DOW,confirmation,-0.745,-24.51,-40.72,-0.185,-26.56,False,21.1
bb_lower_half + rsi_rising,bb_lower_half,rsi_rising,LYB,discovery,-0.67,-31.62,-53.38,0.084,3.0,False,18.8
bb_lower_half + rsi_rising,bb_lower_half,rsi_rising,MOS,confirmation,0.857,155.37,-17.55,0.18,10.56,True,18.2
bb_lower_half + rsi_rising,bb_lower_half,rsi_rising,NEM,discovery,0.209,33.0,-17.18,0.519,141.69,False,16.6
bb_lower_half + rsi_rising,bb_lower_half,rsi_rising,O,confirmation,0.141,25.18,-19.83,0.238,39.48,False,18.0
bb_lower_half + rsi_rising,bb_lower_half,rsi_rising,VTR,discovery,0.058,20.02,-16.55,0.555,121.72,False,16.9
bb_lower_half + rsi_rising,bb_lower_half,rsi_rising,KIM,confirmation,-0.048,12.34,-15.1,0.49,104.27,False,16.8
bb_lower_half + rsi_rising,bb_lower_half,rsi_rising,BXP,discovery,-0.245,-9.61,-30.45,-0.003,-11.71,False,19.9
bb_lower_half + rsi_rising,bb_lower_half,rsi_rising,HST,confirmation,0.385,53.06,-24.59,0.449,100.27,False,16.6
bb_lower_half + rsi_rising,bb_lower_half,rsi_rising,F,discovery,0.111,22.95,-31.48,0.455,112.89,False,20.7
bb_lower_half + rsi_rising,bb_lower_half,rsi_rising,LEG,confirmation,-0.193,-11.13,-32.98,-0.418,-72.68,True,25.3
bb_lower_half + rsi_rising,bb_lower_half,rsi_rising,INTC,discovery,-0.089,-4.15,-44.93,0.495,140.96,False,19.5
bb_lower_half + mom_accelerating,bb_lower_half,mom_accelerating,SO,discovery,0.358,34.56,-7.94,0.515,86.48,False,15.9
bb_lower_half + mom_accelerating,bb_lower_half,mom_accelerating,DUK,confirmation,-0.319,3.07,-15.84,0.384,61.14,False,16.6
bb_lower_half + mom_accelerating,bb_lower_half,mom_accelerating,AEP,discovery,-0.543,-6.7,-14.0,0.468,81.2,False,17.0
bb_lower_half + mom_accelerating,bb_lower_half,mom_accelerating,ED,confirmation,-0.078,13.66,-13.66,0.417,68.61,False,16.9
bb_lower_half + mom_accelerating,bb_lower_half,mom_accelerating,XEL,discovery,-0.365,0.02,-14.32,0.231,38.97,False,16.3
bb_lower_half + mom_accelerating,bb_lower_half,mom_accelerating,KHC,confirmation,-0.604,-13.67,-30.85,-0.109,-9.46,False,21.8
bb_lower_half + mom_accelerating,bb_lower_half,mom_accelerating,GIS,discovery,-0.888,-28.99,-37.21,-0.212,-19.57,False,19.7
bb_lower_half + mom_accelerating,bb_lower_half,mom_accelerating,CAG,confirmation,-1.038,-37.53,-45.04,-0.415,-41.87,False,21.3
bb_lower_half + mom_accelerating,bb_lower_half,mom_accelerating,CPB,discovery,-0.421,-9.22,-29.94,-0.391,-41.88,False,19.4
bb_lower_half + mom_accelerating,bb_lower_half,mom_accelerating,SJM,confirmation,-0.054,12.55,-13.04,0.153,24.69,False,17.7
bb_lower_half + mom_accelerating,bb_lower_half,mom_accelerating,T,discovery,-0.113,8.62,-16.48,0.348,63.12,False,20.0
bb_lower_half + mom_accelerating,bb_lower_half,mom_accelerating,VZ,confirmation,-0.651,-18.98,-32.09,0.062,13.18,False,22.2
bb_lower_half + mom_accelerating,bb_lower_half,mom_accelerating,PARA,discovery,-1.047,-97.06,-98.36,-1.495,-100.0,True,37.8
bb_lower_half + mom_accelerating,bb_lower_half,mom_accelerating,BMY,confirmation,-0.247,1.38,-20.65,0.159,26.34,False,18.7
bb_lower_half + mom_accelerating,bb_lower_half,mom_accelerating,PFE,discovery,-0.452,-12.45,-28.36,-0.014,-1.62,False,22.1
bb_lower_half + mom_accelerating,bb_lower_half,mom_accelerating,CVS,confirmation,0.039,16.46,-25.29,0.362,71.02,False,18.1
bb_lower_half + mom_accelerating,bb_lower_half,mom_accelerating,VTRS,discovery,0.387,48.58,-12.1,0.176,20.88,True,18.0
bb_lower_half + mom_accelerating,bb_lower_half,mom_accelerating,MMM,confirmation,-0.455,-14.49,-37.22,0.28,49.88,False,16.6
bb_lower_half + mom_accelerating,bb_lower_half,mom_accelerating,EMR,discovery,-0.4,-12.81,-28.09,0.562,130.7,False,16.6
bb_lower_half + mom_accelerating,bb_lower_half,mom_accelerating,DOV,confirmation,-0.639,-23.38,-35.39,0.404,77.31,False,17.0
bb_lower_half + mom_accelerating,bb_lower_half,mom_accelerating,OKE,discovery,-0.002,15.68,-18.94,0.808,253.62,False,14.0
bb_lower_half + mom_accelerating,bb_lower_half,mom_accelerating,DOW,confirmation,-0.335,-4.31,-21.34,-0.185,-26.56,False,20.8
bb_lower_half + mom_accelerating,bb_lower_half,mom_accelerating,LYB,discovery,-0.768,-33.41,-47.57,0.084,3.0,False,19.1
bb_lower_half + mom_accelerating,bb_lower_half,mom_accelerating,MOS,confirmation,0.422,70.49,-31.68,0.18,10.56,True,19.4
bb_lower_half + mom_accelerating,bb_lower_half,mom_accelerating,NEM,discovery,-0.411,-21.13,-39.05,0.519,141.69,False,17.8
bb_lower_half + mom_accelerating,bb_lower_half,mom_accelerating,O,confirmation,-0.623,-9.22,-24.62,0.238,39.48,False,16.5
bb_lower_half + mom_accelerating,bb_lower_half,mom_accelerating,VTR,discovery,-0.149,6.17,-18.2,0.555,121.72,False,16.6
bb_lower_half + mom_accelerating,bb_lower_half,mom_accelerating,KIM,confirmation,-0.416,-9.65,-27.94,0.49,104.27,False,17.8
bb_lower_half + mom_accelerating,bb_lower_half,mom_accelerating,BXP,discovery,-1.089,-55.11,-57.47,-0.003,-11.71,False,19.1
bb_lower_half + mom_accelerating,bb_lower_half,mom_accelerating,HST,confirmation,-0.6,-25.41,-46.16,0.449,100.27,False,16.1
bb_lower_half + mom_accelerating,bb_lower_half,mom_accelerating,F,discovery,-0.502,-28.57,-54.74,0.455,112.89,False,18.0
bb_lower_half + mom_accelerating,bb_lower_half,mom_accelerating,LEG,confirmation,-0.395,-22.95,-37.94,-0.418,-72.68,True,25.8
bb_lower_half + mom_accelerating,bb_lower_half,mom_accelerating,INTC,discovery,0.138,24.39,-38.25,0.495,140.96,False,20.1
bb_upper_half + adx_trending,bb_upper_half,adx_trending,SO,discovery,0.252,34.66,-12.19,0.515,86.48,False,35.8
bb_upper_half + adx_trending,bb_upper_half,adx_trending,DUK,confirmation,0.102,23.11,-12.8,0.384,61.14,False,38.4
bb_upper_half + adx_trending,bb_upper_half,adx_trending,AEP,discovery,0.19,29.99,-17.38,0.468,81.2,False,34.5
bb_upper_half + adx_trending,bb_upper_half,adx_trending,ED,confirmation,0.295,40.0,-15.53,0.417,68.61,False,38.2
bb_upper_half + adx_trending,bb_upper_half,adx_trending,XEL,discovery,0.019,17.28,-19.73,0.231,38.97,False,32.5
bb_upper_half + adx_trending,bb_upper_half,adx_trending,KHC,confirmation,0.123,24.56,-34.61,-0.109,-9.46,True,31.0
bb_upper_half + adx_trending,bb_upper_half,adx_trending,GIS,discovery,-0.451,-13.89,-31.52,-0.212,-19.57,False,27.6
bb_upper_half + adx_trending,bb_upper_half,adx_trending,CAG,confirmation,-0.673,-24.4,-30.4,-0.415,-41.87,False,26.3
bb_upper_half + adx_trending,bb_upper_half,adx_trending,CPB,discovery,-0.586,-25.97,-31.74,-0.391,-41.88,False,25.7
bb_upper_half + adx_trending,bb_upper_half,adx_trending,SJM,confirmation,-0.376,-15.87,-41.89,0.153,24.69,False,34.1
bb_upper_half + adx_trending,bb_upper_half,adx_trending,T,discovery,0.158,28.26,-23.27,0.348,63.12,False,37.7
bb_upper_half + adx_trending,bb_upper_half,adx_trending,VZ,confirmation,-0.014,12.72,-20.73,0.062,13.18,False,33.2
bb_upper_half + adx_trending,bb_upper_half,adx_trending,PARA,discovery,-1.142,-89.0,-92.99,-1.495,-100.0,True,12.3
bb_upper_half + adx_trending,bb_upper_half,adx_trending,BMY,confirmation,-0.345,-14.94,-34.96,0.159,26.34,False,33.4
bb_upper_half + adx_trending,bb_upper_half,adx_trending,PFE,discovery,0.311,47.21,-33.93,-0.014,-1.62,True,34.9
bb_upper_half + adx_trending,bb_upper_half,adx_trending,CVS,confirmation,0.312,49.74,-30.55,0.362,71.02,False,36.6
bb_upper_half + adx_trending,bb_upper_half,adx_trending,VTRS,discovery,-0.041,0.63,-42.09,0.176,20.88,False,38.2
bb_upper_half + adx_trending,bb_upper_half,adx_trending,MMM,confirmation,0.053,18.09,-32.27,0.28,49.88,False,32.7
bb_upper_half + adx_trending,bb_upper_half,adx_trending,EMR,discovery,0.315,47.08,-27.18,0.562,130.7,False,37.3
bb_upper_half + adx_trending,bb_upper_half,adx_trending,DOV,confirmation,0.196,32.17,-14.57,0.404,77.31,False,38.0
bb_upper_half + adx_trending,bb_upper_half,adx_trending,OKE,discovery,-0.235,-10.2,-36.91,0.808,253.62,False,32.0
bb_upper_half + adx_trending,bb_upper_half,adx_trending,DOW,confirmation,-0.765,-33.22,-40.19,-0.185,-26.56,False,32.6
bb_upper_half + adx_trending,bb_upper_half,adx_trending,LYB,discovery,-0.47,-32.41,-61.5,0.084,3.0,False,27.7
bb_upper_half + adx_trending,bb_upper_half,adx_trending,MOS,confirmation,-0.444,-41.7,-68.73,0.18,10.56,False,29.8
bb_upper_half + adx_trending,bb_upper_half,adx_trending,NEM,discovery,-0.443,-42.15,-48.34,0.519,141.69,False,36.8
bb_upper_half + adx_trending,bb_upper_half,adx_trending,O,confirmation,0.091,22.28,-12.64,0.238,39.48,False,35.4
bb_upper_half + adx_trending,bb_upper_half,adx_trending,VTR,discovery,-0.142,2.1,-31.1,0.555,121.72,False,38.0
bb_upper_half + adx_trending,bb_upper_half,adx_trending,KIM,confirmation,-0.334,-14.7,-37.68,0.49,104.27,False,34.1
bb_upper_half + adx_trending,bb_upper_half,adx_trending,BXP,discovery,-0.468,-29.48,-50.36,-0.003,-11.71,False,30.2
bb_upper_half + adx_trending,bb_upper_half,adx_trending,HST,confirmation,-0.304,-17.56,-34.65,0.449,100.27,False,36.3
bb_upper_half + adx_trending,bb_upper_half,adx_trending,F,discovery,-0.157,-20.22,-65.9,0.455,112.89,False,38.4
bb_upper_half + adx_trending,bb_upper_half,adx_trending,LEG,confirmation,-0.848,-55.23,-58.69,-0.418,-72.68,False,22.4
bb_upper_half + adx_trending,bb_upper_half,adx_trending,INTC,discovery,0.05,0.7,-61.12,0.495,140.96,False,32.7
bb_upper_half + adx_quiet,bb_upper_half,adx_quiet,SO,discovery,-0.628,-7.86,-21.25,0.515,86.48,False,14.2
bb_upper_half + adx_quiet,bb_upper_half,adx_quiet,DUK,confirmation,-0.246,8.46,-8.34,0.384,61.14,False,12.0
bb_upper_half + adx_quiet,bb_upper_half,adx_quiet,AEP,discovery,-0.169,9.63,-9.8,0.468,81.2,False,13.6
bb_upper_half + adx_quiet,bb_upper_half,adx_quiet,ED,confirmation,-0.204,10.95,-9.22,0.417,68.61,False,11.1
bb_upper_half + adx_quiet,bb_upper_half,adx_quiet,XEL,discovery,-0.843,-23.37,-27.39,0.231,38.97,False,14.4
bb_upper_half + adx_quiet,bb_upper_half,adx_quiet,KHC,confirmation,-0.229,6.97,-16.18,-0.109,-9.46,False,10.1
bb_upper_half + adx_quiet,bb_upper_half,adx_quiet,GIS,discovery,-0.662,-14.28,-24.84,-0.212,-19.57,False,12.5
bb_upper_half + adx_quiet,bb_upper_half,adx_quiet,CAG,confirmation,-0.615,-12.33,-27.75,-0.415,-41.87,False,12.9
bb_upper_half + adx_quiet,bb_upper_half,adx_quiet,CPB,discovery,-0.518,-13.26,-29.14,-0.391,-41.88,False,14.8
bb_upper_half + adx_quiet,bb_upper_half,adx_quiet,SJM,confirmation,-0.654,-16.13,-26.47,0.153,24.69,False,10.2
bb_upper_half + adx_quiet,bb_upper_half,adx_quiet,T,discovery,-0.612,-3.08,-14.3,0.348,63.12,False,8.1
bb_upper_half + adx_quiet,bb_upper_half,adx_quiet,VZ,confirmation,-0.847,-12.14,-25.56,0.062,13.18,False,10.2
bb_upper_half + adx_quiet,bb_upper_half,adx_quiet,PARA,discovery,-1.281,-36.28,-39.3,-1.495,-100.0,True,1.7
bb_upper_half + adx_quiet,bb_upper_half,adx_quiet,BMY,confirmation,-0.11,12.12,-15.12,0.159,26.34,False,11.3
bb_upper_half + adx_quiet,bb_upper_half,adx_quiet,PFE,discovery,-1.382,-23.58,-23.58,-0.014,-1.62,False,7.5
bb_upper_half + adx_quiet,bb_upper_half,adx_quiet,CVS,confirmation,-0.536,-8.77,-19.9,0.362,71.02,False,11.6
bb_upper_half + adx_quiet,bb_upper_half,adx_quiet,VTRS,discovery,0.506,53.16,-14.09,0.176,20.88,True,10.9
bb_upper_half + adx_quiet,bb_upper_half,adx_quiet,MMM,confirmation,-0.072,9.75,-16.67,0.28,49.88,False,14.5
bb_upper_half + adx_quiet,bb_upper_half,adx_quiet,EMR,discovery,-0.288,3.72,-13.02,0.562,130.7,False,13.6
bb_upper_half + adx_quiet,bb_upper_half,adx_quiet,DOV,confirmation,-0.007,17.01,-18.96,0.404,77.31,False,11.7
bb_upper_half + adx_quiet,bb_upper_half,adx_quiet,OKE,discovery,-0.485,-13.68,-29.19,0.808,253.62,False,17.5
bb_upper_half + adx_quiet,bb_upper_half,adx_quiet,DOW,confirmation,-0.112,7.08,-25.4,-0.185,-26.56,True,9.2
bb_upper_half + adx_quiet,bb_upper_half,adx_quiet,LYB,discovery,-0.252,-0.89,-19.32,0.084,3.0,False,14.5
bb_upper_half + adx_quiet,bb_upper_half,adx_quiet,MOS,confirmation,-0.34,-17.98,-44.26,0.18,10.56,False,13.5
bb_upper_half + adx_quiet,bb_upper_half,adx_quiet,NEM,discovery,0.544,71.52,-18.73,0.519,141.69,True,11.8
bb_upper_half + adx_quiet,bb_upper_half,adx_quiet,O,confirmation,-0.839,-13.73,-16.13,0.238,39.48,False,11.3
bb_upper_half + adx_quiet,bb_upper_half,adx_quiet,VTR,discovery,-0.264,1.52,-19.76,0.555,121.72,False,12.3
bb_upper_half + adx_quiet,bb_upper_half,adx_quiet,KIM,confirmation,-0.343,-2.49,-14.25,0.49,104.27,False,14.2
bb_upper_half + adx_quiet,bb_upper_half,adx_quiet,BXP,discovery,-0.477,-17.06,-40.57,-0.003,-11.71,False,15.0
bb_upper_half + adx_quiet,bb_upper_half,adx_quiet,HST,confirmation,-0.582,-14.91,-34.68,0.449,100.27,False,9.1
bb_upper_half + adx_quiet,bb_upper_half,adx_quiet,F,discovery,0.258,37.33,-18.03,0.455,112.89,False,8.5
bb_upper_half + adx_quiet,bb_upper_half,adx_quiet,LEG,confirmation,-0.272,-15.13,-32.87,-0.418,-72.68,True,9.2
bb_upper_half + adx_quiet,bb_upper_half,adx_quiet,INTC,discovery,-0.065,-0.18,-32.44,0.495,140.96,False,10.7
bb_upper_half + low_vol,bb_upper_half,low_vol,SO,discovery,0.283,36.25,-9.42,0.515,86.48,False,28.9
bb_upper_half + low_vol,bb_upper_half,low_vol,DUK,confirmation,-0.541,-9.15,-15.79,0.384,61.14,False,27.1
bb_upper_half + low_vol,bb_upper_half,low_vol,AEP,discovery,-0.399,-6.13,-25.74,0.468,81.2,False,23.4
bb_upper_half + low_vol,bb_upper_half,low_vol,ED,confirmation,-0.545,-10.28,-18.88,0.417,68.61,False,23.1
bb_upper_half + low_vol,bb_upper_half,low_vol,XEL,discovery,-0.818,-25.2,-35.38,0.231,38.97,False,22.8
bb_upper_half + low_vol,bb_upper_half,low_vol,KHC,confirmation,-0.678,-20.52,-27.35,-0.109,-9.46,False,22.4
bb_upper_half + low_vol,bb_upper_half,low_vol,GIS,discovery,-0.679,-17.71,-24.16,-0.212,-19.57,False,22.5
bb_upper_half + low_vol,bb_upper_half,low_vol,CAG,confirmation,-0.852,-26.72,-31.18,-0.415,-41.87,False,18.9
bb_upper_half + low_vol,bb_upper_half,low_vol,CPB,discovery,-0.852,-27.81,-28.59,-0.391,-41.88,False,19.2
bb_upper_half + low_vol,bb_upper_half,low_vol,SJM,confirmation,-0.751,-26.3,-37.73,0.153,24.69,False,27.0
bb_upper_half + low_vol,bb_upper_half,low_vol,T,discovery,-0.215,-1.61,-23.43,0.348,63.12,False,23.1
bb_upper_half + low_vol,bb_upper_half,low_vol,VZ,confirmation,-0.956,-29.81,-30.5,0.062,13.18,False,22.5
bb_upper_half + low_vol,bb_upper_half,low_vol,PARA,discovery,-1.048,-45.04,-48.48,-1.495,-100.0,True,4.4
bb_upper_half + low_vol,bb_upper_half,low_vol,BMY,confirmation,-0.668,-23.22,-29.75,0.159,26.34,False,23.1
bb_upper_half + low_vol,bb_upper_half,low_vol,PFE,discovery,-0.48,-11.83,-30.12,-0.014,-1.62,False,18.8
bb_upper_half + low_vol,bb_upper_half,low_vol,CVS,confirmation,-0.251,-12.32,-38.93,0.362,71.02,False,28.3
bb_upper_half + low_vol,bb_upper_half,low_vol,VTRS,discovery,0.181,30.96,-34.39,0.176,20.88,True,22.6
bb_upper_half + low_vol,bb_upper_half,low_vol,MMM,confirmation,-0.035,9.61,-26.65,0.28,49.88,False,25.1
bb_upper_half + low_vol,bb_upper_half,low_vol,EMR,discovery,-0.069,9.17,-39.91,0.562,130.7,False,25.1
bb_upper_half + low_vol,bb_upper_half,low_vol,DOV,confirmation,-0.025,13.09,-20.76,0.404,77.31,False,23.8
bb_upper_half + low_vol,bb_upper_half,low_vol,OKE,discovery,-0.937,-46.94,-53.16,0.808,253.62,False,30.9
bb_upper_half + low_vol,bb_upper_half,low_vol,DOW,confirmation,-0.207,2.11,-23.75,-0.185,-26.56,False,19.0
bb_upper_half + low_vol,bb_upper_half,low_vol,LYB,discovery,-0.474,-20.63,-31.86,0.084,3.0,False,21.2
bb_upper_half + low_vol,bb_upper_half,low_vol,MOS,confirmation,-0.852,-57.97,-68.75,0.18,10.56,False,24.9
bb_upper_half + low_vol,bb_upper_half,low_vol,NEM,discovery,-0.122,-8.09,-48.88,0.519,141.69,False,26.7
bb_upper_half + low_vol,bb_upper_half,low_vol,O,confirmation,-0.803,-22.13,-23.14,0.238,39.48,False,26.3
bb_upper_half + low_vol,bb_upper_half,low_vol,VTR,discovery,-0.25,-2.28,-24.71,0.555,121.72,False,26.9
bb_upper_half + low_vol,bb_upper_half,low_vol,KIM,confirmation,-0.51,-17.91,-39.83,0.49,104.27,False,26.0
bb_upper_half + low_vol,bb_upper_half,low_vol,BXP,discovery,-0.67,-32.12,-41.57,-0.003,-11.71,False,23.2
bb_upper_half + low_vol,bb_upper_half,low_vol,HST,confirmation,-0.209,-6.28,-33.93,0.449,100.27,False,29.8
bb_upper_half + low_vol,bb_upper_half,low_vol,F,discovery,-0.214,-10.68,-29.44,0.455,112.89,False,22.8
bb_upper_half + low_vol,bb_upper_half,low_vol,LEG,confirmation,-0.171,-18.8,-58.53,-0.418,-72.68,True,16.2
bb_upper_half + low_vol,bb_upper_half,low_vol,INTC,discovery,-0.426,-39.0,-49.82,0.495,140.96,False,19.3
bb_upper_half + rsi_rising,bb_upper_half,rsi_rising,SO,discovery,-0.681,-23.33,-24.2,0.515,86.48,False,33.8
bb_upper_half + rsi_rising,bb_upper_half,rsi_rising,DUK,confirmation,-0.728,-23.15,-23.28,0.384,61.14,False,34.7
bb_upper_half + rsi_rising,bb_upper_half,rsi_rising,AEP,discovery,0.006,15.77,-20.88,0.468,81.2,False,33.0
bb_upper_half + rsi_rising,bb_upper_half,rsi_rising,ED,confirmation,-0.273,-2.3,-17.5,0.417,68.61,False,34.7
bb_upper_half + rsi_rising,bb_upper_half,rsi_rising,XEL,discovery,-0.653,-26.49,-29.44,0.231,38.97,False,32.2
bb_upper_half + rsi_rising,bb_upper_half,rsi_rising,KHC,confirmation,-0.32,-8.63,-37.85,-0.109,-9.46,False,29.3
bb_upper_half + rsi_rising,bb_upper_half,rsi_rising,GIS,discovery,-0.939,-43.92,-54.97,-0.212,-19.57,False,30.0
bb_upper_half + rsi_rising,bb_upper_half,rsi_rising,CAG,confirmation,-0.975,-38.89,-45.09,-0.415,-41.87,False,27.5
bb_upper_half + rsi_rising,bb_upper_half,rsi_rising,CPB,discovery,-1.335,-62.94,-66.22,-0.391,-41.88,False,29.9
bb_upper_half + rsi_rising,bb_upper_half,rsi_rising,SJM,confirmation,-1.15,-54.08,-60.96,0.153,24.69,False,33.1
bb_upper_half + rsi_rising,bb_upper_half,rsi_rising,T,discovery,0.134,25.83,-18.51,0.348,63.12,False,30.8
bb_upper_half + rsi_rising,bb_upper_half,rsi_rising,VZ,confirmation,-0.657,-25.52,-39.08,0.062,13.18,False,29.7
bb_upper_half + rsi_rising,bb_upper_half,rsi_rising,PARA,discovery,-1.013,-84.78,-88.99,-1.495,-100.0,True,11.4
bb_upper_half + rsi_rising,bb_upper_half,rsi_rising,BMY,confirmation,-0.572,-25.91,-34.68,0.159,26.34,False,30.2
bb_upper_half + rsi_rising,bb_upper_half,rsi_rising,PFE,discovery,-0.218,-4.55,-40.03,-0.014,-1.62,False,28.3
bb_upper_half + rsi_rising,bb_upper_half,rsi_rising,CVS,confirmation,0.01,12.28,-34.4,0.362,71.02,False,32.2
bb_upper_half + rsi_rising,bb_upper_half,rsi_rising,VTRS,discovery,-0.165,-7.81,-41.46,0.176,20.88,False,31.7
bb_upper_half + rsi_rising,bb_upper_half,rsi_rising,MMM,confirmation,0.169,29.36,-21.41,0.28,49.88,False,33.6
bb_upper_half + rsi_rising,bb_upper_half,rsi_rising,EMR,discovery,-0.456,-23.81,-33.76,0.562,130.7,False,34.7
bb_upper_half + rsi_rising,bb_upper_half,rsi_rising,DOV,confirmation,-0.095,6.32,-30.38,0.404,77.31,False,33.4
bb_upper_half + rsi_rising,bb_upper_half,rsi_rising,OKE,discovery,-0.445,-25.87,-42.95,0.808,253.62,False,36.8
bb_upper_half + rsi_rising,bb_upper_half,rsi_rising,DOW,confirmation,-0.26,-9.89,-31.51,-0.185,-26.56,False,30.0
bb_upper_half + rsi_rising,bb_upper_half,rsi_rising,LYB,discovery,-0.04,4.91,-31.34,0.084,3.0,False,29.9
bb_upper_half + rsi_rising,bb_upper_half,rsi_rising,MOS,confirmation,-0.826,-65.14,-74.5,0.18,10.56,False,30.6
bb_upper_half + rsi_rising,bb_upper_half,rsi_rising,NEM,discovery,-0.318,-28.95,-48.68,0.519,141.69,False,33.1
bb_upper_half + rsi_rising,bb_upper_half,rsi_rising,O,confirmation,0.069,20.8,-14.25,0.238,39.48,False,32.0
bb_upper_half + rsi_rising,bb_upper_half,rsi_rising,VTR,discovery,0.165,29.04,-21.92,0.555,121.72,False,33.3
bb_upper_half + rsi_rising,bb_upper_half,rsi_rising,KIM,confirmation,-0.559,-30.04,-46.98,0.49,104.27,False,32.7
bb_upper_half + rsi_rising,bb_upper_half,rsi_rising,BXP,discovery,-0.558,-36.23,-47.94,-0.003,-11.71,False,30.2
bb_upper_half + rsi_rising,bb_upper_half,rsi_rising,HST,confirmation,-0.27,-14.26,-34.37,0.449,100.27,False,32.6
bb_upper_half + rsi_rising,bb_upper_half,rsi_rising,F,discovery,0.215,36.43,-26.79,0.455,112.89,False,31.0
bb_upper_half + rsi_rising,bb_upper_half,rsi_rising,LEG,confirmation,-0.259,-29.36,-51.35,-0.418,-72.68,True,24.9
bb_upper_half + rsi_rising,bb_upper_half,rsi_rising,INTC,discovery,-0.19,-33.32,-63.59,0.495,140.96,False,30.9
bb_upper_half + mom_accelerating,bb_upper_half,mom_accelerating,SO,discovery,-1.099,-40.69,-41.07,0.515,86.48,False,33.8
bb_upper_half + mom_accelerating,bb_upper_half,mom_accelerating,DUK,confirmation,-0.414,-7.92,-18.96,0.384,61.14,False,33.5
bb_upper_half + mom_accelerating,bb_upper_half,mom_accelerating,AEP,discovery,-0.132,6.25,-20.63,0.468,81.2,False,31.1
bb_upper_half + mom_accelerating,bb_upper_half,mom_accelerating,ED,confirmation,-0.689,-23.9,-28.54,0.417,68.61,False,33.4
bb_upper_half + mom_accelerating,bb_upper_half,mom_accelerating,XEL,discovery,-0.996,-41.38,-45.95,0.231,38.97,False,32.0
bb_upper_half + mom_accelerating,bb_upper_half,mom_accelerating,KHC,confirmation,-0.195,0.66,-44.07,-0.109,-9.46,False,27.2
bb_upper_half + mom_accelerating,bb_upper_half,mom_accelerating,GIS,discovery,-0.958,-42.79,-49.9,-0.212,-19.57,False,27.6
bb_upper_half + mom_accelerating,bb_upper_half,mom_accelerating,CAG,confirmation,-0.759,-32.27,-40.11,-0.415,-41.87,False,27.8
bb_upper_half + mom_accelerating,bb_upper_half,mom_accelerating,CPB,discovery,-1.162,-53.5,-55.49,-0.391,-41.88,False,29.5
bb_upper_half + mom_accelerating,bb_upper_half,mom_accelerating,SJM,confirmation,-0.815,-41.49,-48.19,0.153,24.69,False,31.6
bb_upper_half + mom_accelerating,bb_upper_half,mom_accelerating,T,discovery,0.444,56.19,-24.15,0.348,63.12,True,30.9
bb_upper_half + mom_accelerating,bb_upper_half,mom_accelerating,VZ,confirmation,-0.807,-30.7,-37.59,0.062,13.18,False,29.5
bb_upper_half + mom_accelerating,bb_upper_half,mom_accelerating,PARA,discovery,-1.189,-87.79,-90.93,-1.495,-100.0,True,10.8
bb_upper_half + mom_accelerating,bb_upper_half,mom_accelerating,BMY,confirmation,-0.216,-3.62,-25.29,0.159,26.34,False,30.9
bb_upper_half + mom_accelerating,bb_upper_half,mom_accelerating,PFE,discovery,0.195,32.22,-36.3,-0.014,-1.62,True,28.7
bb_upper_half + mom_accelerating,bb_upper_half,mom_accelerating,CVS,confirmation,0.085,19.99,-26.71,0.362,71.02,False,32.0
bb_upper_half + mom_accelerating,bb_upper_half,mom_accelerating,VTRS,discovery,0.161,28.57,-28.95,0.176,20.88,False,31.3
bb_upper_half + mom_accelerating,bb_upper_half,mom_accelerating,MMM,confirmation,-0.283,-8.92,-31.21,0.28,49.88,False,31.2
bb_upper_half + mom_accelerating,bb_upper_half,mom_accelerating,EMR,discovery,-0.053,8.5,-29.84,0.562,130.7,False,33.6
bb_upper_half + mom_accelerating,bb_upper_half,mom_accelerating,DOV,confirmation,-0.144,2.39,-27.14,0.404,77.31,False,31.4
bb_upper_half + mom_accelerating,bb_upper_half,mom_accelerating,OKE,discovery,-0.28,-13.53,-38.75,0.808,253.62,False,36.7
bb_upper_half + mom_accelerating,bb_upper_half,mom_accelerating,DOW,confirmation,-0.003,11.21,-26.25,-0.185,-26.56,True,27.7
bb_upper_half + mom_accelerating,bb_upper_half,mom_accelerating,LYB,discovery,-0.439,-30.05,-48.83,0.084,3.0,False,30.7
bb_upper_half + mom_accelerating,bb_upper_half,mom_accelerating,MOS,confirmation,-0.63,-53.74,-65.57,0.18,10.56,False,30.2
bb_upper_half + mom_accelerating,bb_upper_half,mom_accelerating,NEM,discovery,0.004,4.99,-32.22,0.519,141.69,False,33.0
bb_upper_half + mom_accelerating,bb_upper_half,mom_accelerating,O,confirmation,-0.413,-7.97,-19.53,0.238,39.48,False,31.2
bb_upper_half + mom_accelerating,bb_upper_half,mom_accelerating,VTR,discovery,-0.099,4.73,-28.82,0.555,121.72,False,33.4
bb_upper_half + mom_accelerating,bb_upper_half,mom_accelerating,KIM,confirmation,-0.833,-41.53,-46.06,0.49,104.27,False,31.5
bb_upper_half + mom_accelerating,bb_upper_half,mom_accelerating,BXP,discovery,-0.559,-36.7,-49.55,-0.003,-11.71,False,30.3
bb_upper_half + mom_accelerating,bb_upper_half,mom_accelerating,HST,confirmation,-0.163,-3.67,-36.08,0.449,100.27,False,32.9
bb_upper_half + mom_accelerating,bb_upper_half,mom_accelerating,F,discovery,0.446,81.84,-24.43,0.455,112.89,False,30.9
bb_upper_half + mom_accelerating,bb_upper_half,mom_accelerating,LEG,confirmation,-0.32,-42.42,-64.46,-0.418,-72.68,True,23.8
bb_upper_half + mom_accelerating,bb_upper_half,mom_accelerating,INTC,discovery,0.568,155.22,-45.17,0.495,140.96,True,31.3
adx_trending + low_vol,adx_trending,low_vol,SO,discovery,0.231,32.1,-12.67,0.515,86.48,False,28.3
adx_trending + low_vol,adx_trending,low_vol,DUK,confirmation,-0.091,11.88,-10.27,0.384,61.14,False,28.9
adx_trending + low_vol,adx_trending,low_vol,AEP,discovery,0.09,22.29,-21.27,0.468,81.2,False,30.8
adx_trending + low_vol,adx_trending,low_vol,ED,confirmation,0.115,24.0,-16.48,0.417,68.61,False,27.6
adx_trending + low_vol,adx_trending,low_vol,XEL,discovery,-0.76,-21.77,-25.01,0.231,38.97,False,26.4
adx_trending + low_vol,adx_trending,low_vol,KHC,confirmation,-0.436,-11.36,-25.04,-0.109,-9.46,False,28.6
adx_trending + low_vol,adx_trending,low_vol,GIS,discovery,-0.249,-0.65,-30.15,-0.212,-19.57,False,30.2
adx_trending + low_vol,adx_trending,low_vol,CAG,confirmation,-0.743,-32.21,-40.42,-0.415,-41.87,False,29.7
adx_trending + low_vol,adx_trending,low_vol,CPB,discovery,-0.591,-21.02,-34.43,-0.391,-41.88,False,22.1
adx_trending + low_vol,adx_trending,low_vol,SJM,confirmation,-0.137,5.52,-22.26,0.153,24.69,False,30.4
adx_trending + low_vol,adx_trending,low_vol,T,discovery,-0.462,-19.84,-33.64,0.348,63.12,False,24.5
adx_trending + low_vol,adx_trending,low_vol,VZ,confirmation,-0.871,-33.93,-48.26,0.062,13.18,False,29.5
adx_trending + low_vol,adx_trending,low_vol,PARA,discovery,-1.199,-91.51,-92.59,-1.495,-100.0,True,25.8
adx_trending + low_vol,adx_trending,low_vol,BMY,confirmation,-0.7,-30.42,-31.97,0.159,26.34,False,28.7
adx_trending + low_vol,adx_trending,low_vol,PFE,discovery,-0.299,-10.53,-40.0,-0.014,-1.62,False,32.9
adx_trending + low_vol,adx_trending,low_vol,CVS,confirmation,0.063,18.32,-33.29,0.362,71.02,False,29.0
adx_trending + low_vol,adx_trending,low_vol,VTRS,discovery,0.063,17.08,-36.69,0.176,20.88,False,30.2
adx_trending + low_vol,adx_trending,low_vol,MMM,confirmation,0.079,20.59,-27.31,0.28,49.88,False,25.6
adx_trending + low_vol,adx_trending,low_vol,EMR,discovery,0.338,47.47,-26.61,0.562,130.7,False,29.0
adx_trending + low_vol,adx_trending,low_vol,DOV,confirmation,0.212,33.85,-19.47,0.404,77.31,False,31.2
adx_trending + low_vol,adx_trending,low_vol,OKE,discovery,-0.729,-31.97,-36.67,0.808,253.62,False,24.4
adx_trending + low_vol,adx_trending,low_vol,DOW,confirmation,-0.096,4.81,-26.61,-0.185,-26.56,True,25.2
adx_trending + low_vol,adx_trending,low_vol,LYB,discovery,-0.689,-35.96,-46.17,0.084,3.0,False,26.0
adx_trending + low_vol,adx_trending,low_vol,MOS,confirmation,-0.28,-23.86,-53.19,0.18,10.56,False,27.4
adx_trending + low_vol,adx_trending,low_vol,NEM,discovery,-0.619,-54.97,-66.67,0.519,141.69,False,34.7
adx_trending + low_vol,adx_trending,low_vol,O,confirmation,-1.183,-39.12,-41.59,0.238,39.48,False,29.9
adx_trending + low_vol,adx_trending,low_vol,VTR,discovery,-0.35,-10.71,-29.51,0.555,121.72,False,31.6
adx_trending + low_vol,adx_trending,low_vol,KIM,confirmation,-0.974,-40.56,-43.09,0.49,104.27,False,28.4
adx_trending + low_vol,adx_trending,low_vol,BXP,discovery,0.039,16.14,-26.26,-0.003,-11.71,True,22.8
adx_trending + low_vol,adx_trending,low_vol,HST,confirmation,0.336,51.96,-23.45,0.449,100.27,False,34.8
adx_trending + low_vol,adx_trending,low_vol,F,discovery,-0.325,-27.22,-50.36,0.455,112.89,False,30.2
adx_trending + low_vol,adx_trending,low_vol,LEG,confirmation,0.089,17.53,-26.26,-0.418,-72.68,True,27.2
adx_trending + low_vol,adx_trending,low_vol,INTC,discovery,0.21,35.5,-31.2,0.495,140.96,False,25.9
adx_trending + rsi_rising,adx_trending,rsi_rising,SO,discovery,-0.46,-9.91,-21.4,0.515,86.48,False,29.7
adx_trending + rsi_rising,adx_trending,rsi_rising,DUK,confirmation,-0.309,-3.37,-19.03,0.384,61.14,False,33.6
adx_trending + rsi_rising,adx_trending,rsi_rising,AEP,discovery,0.146,26.6,-22.17,0.468,81.2,False,31.2
adx_trending + rsi_rising,adx_trending,rsi_rising,ED,confirmation,-0.354,-7.15,-14.62,0.417,68.61,False,33.5
adx_trending + rsi_rising,adx_trending,rsi_rising,XEL,discovery,-0.303,-5.49,-19.41,0.231,38.97,False,30.7
adx_trending + rsi_rising,adx_trending,rsi_rising,KHC,confirmation,-0.49,-18.69,-36.1,-0.109,-9.46,False,33.0
adx_trending + rsi_rising,adx_trending,rsi_rising,GIS,discovery,-0.763,-31.05,-47.47,-0.212,-19.57,False,30.1
adx_trending + rsi_rising,adx_trending,rsi_rising,CAG,confirmation,-1.032,-44.26,-51.76,-0.415,-41.87,False,32.4
adx_trending + rsi_rising,adx_trending,rsi_rising,CPB,discovery,-1.267,-59.01,-64.05,-0.391,-41.88,False,29.4
adx_trending + rsi_rising,adx_trending,rsi_rising,SJM,confirmation,-1.015,-42.78,-51.36,0.153,24.69,False,31.1
adx_trending + rsi_rising,adx_trending,rsi_rising,T,discovery,-0.223,-5.22,-25.84,0.348,63.12,False,35.1
adx_trending + rsi_rising,adx_trending,rsi_rising,VZ,confirmation,-0.451,-18.68,-32.83,0.062,13.18,False,34.7
adx_trending + rsi_rising,adx_trending,rsi_rising,PARA,discovery,-1.477,-98.79,-98.86,-1.495,-100.0,True,36.0
adx_trending + rsi_rising,adx_trending,rsi_rising,BMY,confirmation,-0.919,-45.84,-48.38,0.159,26.34,False,30.6
adx_trending + rsi_rising,adx_trending,rsi_rising,PFE,discovery,-0.081,5.47,-32.78,-0.014,-1.62,False,35.3
adx_trending + rsi_rising,adx_trending,rsi_rising,CVS,confirmation,0.67,99.49,-25.15,0.362,71.02,True,33.1
adx_trending + rsi_rising,adx_trending,rsi_rising,VTRS,discovery,-0.281,-20.51,-42.7,0.176,20.88,False,36.4
adx_trending + rsi_rising,adx_trending,rsi_rising,MMM,confirmation,0.156,28.12,-27.96,0.28,49.88,False,31.2
adx_trending + rsi_rising,adx_trending,rsi_rising,EMR,discovery,-0.201,-9.06,-30.05,0.562,130.7,False,35.1
adx_trending + rsi_rising,adx_trending,rsi_rising,DOV,confirmation,-0.135,1.27,-31.84,0.404,77.31,False,33.6
adx_trending + rsi_rising,adx_trending,rsi_rising,OKE,discovery,-0.272,-9.28,-33.71,0.808,253.62,False,25.8
adx_trending + rsi_rising,adx_trending,rsi_rising,DOW,confirmation,-0.558,-22.69,-35.45,-0.185,-26.56,False,33.7
adx_trending + rsi_rising,adx_trending,rsi_rising,LYB,discovery,-0.688,-45.71,-57.54,0.084,3.0,False,27.7
adx_trending + rsi_rising,adx_trending,rsi_rising,MOS,confirmation,0.071,13.99,-32.06,0.18,10.56,False,28.6
adx_trending + rsi_rising,adx_trending,rsi_rising,NEM,discovery,-0.413,-32.8,-38.57,0.519,141.69,False,33.1
adx_trending + rsi_rising,adx_trending,rsi_rising,O,confirmation,0.139,25.87,-18.36,0.238,39.48,False,33.1
adx_trending + rsi_rising,adx_trending,rsi_rising,VTR,discovery,-0.008,12.72,-25.56,0.555,121.72,False,33.4
adx_trending + rsi_rising,adx_trending,rsi_rising,KIM,confirmation,-0.313,-10.98,-40.19,0.49,104.27,False,29.2
adx_trending + rsi_rising,adx_trending,rsi_rising,BXP,discovery,-0.751,-47.35,-50.02,-0.003,-11.71,False,28.4
adx_trending + rsi_rising,adx_trending,rsi_rising,HST,confirmation,0.267,42.44,-22.42,0.449,100.27,False,30.9
adx_trending + rsi_rising,adx_trending,rsi_rising,F,discovery,0.338,60.13,-36.4,0.455,112.89,False,36.2
adx_trending + rsi_rising,adx_trending,rsi_rising,LEG,confirmation,-0.71,-56.28,-58.1,-0.418,-72.68,False,29.9
adx_trending + rsi_rising,adx_trending,rsi_rising,INTC,discovery,-0.513,-55.9,-62.36,0.495,140.96,False,30.8
adx_trending + mom_accelerating,adx_trending,mom_accelerating,SO,discovery,-0.219,3.54,-17.93,0.515,86.48,False,29.2
adx_trending + mom_accelerating,adx_trending,mom_accelerating,DUK,confirmation,-0.102,9.64,-14.31,0.384,61.14,False,32.7
adx_trending + mom_accelerating,adx_trending,mom_accelerating,AEP,discovery,-0.089,9.89,-25.69,0.468,81.2,False,30.2
adx_trending + mom_accelerating,adx_trending,mom_accelerating,ED,confirmation,-0.234,0.24,-21.66,0.417,68.61,False,32.9
adx_trending + mom_accelerating,adx_trending,mom_accelerating,XEL,discovery,-0.505,-13.35,-24.93,0.231,38.97,False,28.8
adx_trending + mom_accelerating,adx_trending,mom_accelerating,KHC,confirmation,-0.097,8.07,-23.84,-0.109,-9.46,True,34.2
adx_trending + mom_accelerating,adx_trending,mom_accelerating,GIS,discovery,-0.768,-30.88,-43.07,-0.212,-19.57,False,27.1
adx_trending + mom_accelerating,adx_trending,mom_accelerating,CAG,confirmation,-0.961,-40.75,-45.8,-0.415,-41.87,False,30.7
adx_trending + mom_accelerating,adx_trending,mom_accelerating,CPB,discovery,-0.795,-36.64,-47.23,-0.391,-41.88,False,28.7
adx_trending + mom_accelerating,adx_trending,mom_accelerating,SJM,confirmation,-0.562,-23.39,-29.68,0.153,24.69,False,30.1
adx_trending + mom_accelerating,adx_trending,mom_accelerating,T,discovery,0.349,49.5,-20.65,0.348,63.12,True,35.6
adx_trending + mom_accelerating,adx_trending,mom_accelerating,VZ,confirmation,-0.686,-30.69,-41.86,0.062,13.18,False,35.9
adx_trending + mom_accelerating,adx_trending,mom_accelerating,PARA,discovery,-1.334,-98.42,-98.53,-1.495,-100.0,True,32.1
adx_trending + mom_accelerating,adx_trending,mom_accelerating,BMY,confirmation,-0.348,-13.3,-33.56,0.159,26.34,False,31.5
adx_trending + mom_accelerating,adx_trending,mom_accelerating,PFE,discovery,0.331,49.62,-25.68,-0.014,-1.62,True,37.3
adx_trending + mom_accelerating,adx_trending,mom_accelerating,CVS,confirmation,0.625,104.44,-19.73,0.362,71.02,True,33.4
adx_trending + mom_accelerating,adx_trending,mom_accelerating,VTRS,discovery,0.161,28.6,-44.25,0.176,20.88,False,35.4
adx_trending + mom_accelerating,adx_trending,mom_accelerating,MMM,confirmation,-0.35,-15.41,-39.58,0.28,49.88,False,29.4
adx_trending + mom_accelerating,adx_trending,mom_accelerating,EMR,discovery,0.018,13.21,-21.33,0.562,130.7,False,33.2
adx_trending + mom_accelerating,adx_trending,mom_accelerating,DOV,confirmation,-0.352,-14.9,-41.99,0.404,77.31,False,32.2
adx_trending + mom_accelerating,adx_trending,mom_accelerating,OKE,discovery,-0.018,12.18,-19.62,0.808,253.62,False,24.6
adx_trending + mom_accelerating,adx_trending,mom_accelerating,DOW,confirmation,-0.092,5.22,-20.87,-0.185,-26.56,True,32.3
adx_trending + mom_accelerating,adx_trending,mom_accelerating,LYB,discovery,-0.681,-42.08,-58.01,0.084,3.0,False,28.7
adx_trending + mom_accelerating,adx_trending,mom_accelerating,MOS,confirmation,-0.113,-11.18,-37.7,0.18,10.56,False,28.8
adx_trending + mom_accelerating,adx_trending,mom_accelerating,NEM,discovery,-0.538,-43.48,-54.02,0.519,141.69,False,33.4
adx_trending + mom_accelerating,adx_trending,mom_accelerating,O,confirmation,-0.227,3.16,-19.01,0.238,39.48,False,31.0
adx_trending + mom_accelerating,adx_trending,mom_accelerating,VTR,discovery,-0.356,-13.37,-38.59,0.555,121.72,False,32.7
adx_trending + mom_accelerating,adx_trending,mom_accelerating,KIM,confirmation,-0.523,-22.46,-28.21,0.49,104.27,False,28.3
adx_trending + mom_accelerating,adx_trending,mom_accelerating,BXP,discovery,-0.624,-40.51,-48.33,-0.003,-11.71,False,28.4
adx_trending + mom_accelerating,adx_trending,mom_accelerating,HST,confirmation,-0.222,-7.85,-39.1,0.449,100.27,False,30.8
adx_trending + mom_accelerating,adx_trending,mom_accelerating,F,discovery,0.175,29.59,-44.48,0.455,112.89,False,33.6
adx_trending + mom_accelerating,adx_trending,mom_accelerating,LEG,confirmation,-0.573,-43.12,-51.64,-0.418,-72.68,False,29.5
adx_trending + mom_accelerating,adx_trending,mom_accelerating,INTC,discovery,0.382,77.08,-36.63,0.495,140.96,False,31.1
adx_quiet + low_vol,adx_quiet,low_vol,SO,discovery,-0.727,-9.07,-15.51,0.515,86.48,False,10.9
adx_quiet + low_vol,adx_quiet,low_vol,DUK,confirmation,-0.968,-10.63,-14.23,0.384,61.14,False,7.9
adx_quiet + low_vol,adx_quiet,low_vol,AEP,discovery,-1.17,-20.94,-27.86,0.468,81.2,False,8.4
adx_quiet + low_vol,adx_quiet,low_vol,ED,confirmation,-1.152,-18.59,-21.28,0.417,68.61,False,9.9
adx_quiet + low_vol,adx_quiet,low_vol,XEL,discovery,-0.466,-5.58,-19.5,0.231,38.97,False,12.3
adx_quiet + low_vol,adx_quiet,low_vol,KHC,confirmation,-0.352,6.31,-8.61,-0.109,-9.46,False,8.6
adx_quiet + low_vol,adx_quiet,low_vol,GIS,discovery,-0.135,11.89,-14.08,-0.212,-19.57,True,10.8
adx_quiet + low_vol,adx_quiet,low_vol,CAG,confirmation,-1.214,-28.7,-31.02,-0.415,-41.87,False,9.1
adx_quiet + low_vol,adx_quiet,low_vol,CPB,discovery,-0.651,-14.88,-30.57,-0.391,-41.88,False,13.6
adx_quiet + low_vol,adx_quiet,low_vol,SJM,confirmation,-0.952,-25.7,-28.48,0.153,24.69,False,8.0
adx_quiet + low_vol,adx_quiet,low_vol,T,discovery,-0.957,-15.25,-20.84,0.348,63.12,False,8.4
adx_quiet + low_vol,adx_quiet,low_vol,VZ,confirmation,-0.462,-0.27,-16.37,0.062,13.18,False,12.9
adx_quiet + low_vol,adx_quiet,low_vol,PARA,discovery,-1.097,-60.5,-63.22,-1.495,-100.0,True,11.0
adx_quiet + low_vol,adx_quiet,low_vol,BMY,confirmation,-0.223,6.64,-11.56,0.159,26.34,False,10.8
adx_quiet + low_vol,adx_quiet,low_vol,PFE,discovery,-1.026,-21.31,-22.25,-0.014,-1.62,False,9.0
adx_quiet + low_vol,adx_quiet,low_vol,CVS,confirmation,-0.456,-9.72,-20.18,0.362,71.02,False,11.1
adx_quiet + low_vol,adx_quiet,low_vol,VTRS,discovery,0.382,49.17,-10.87,0.176,20.88,True,11.0
adx_quiet + low_vol,adx_quiet,low_vol,MMM,confirmation,0.043,17.92,-18.81,0.28,49.88,False,15.9
adx_quiet + low_vol,adx_quiet,low_vol,EMR,discovery,-0.058,14.37,-11.34,0.562,130.7,False,9.7
adx_quiet + low_vol,adx_quiet,low_vol,DOV,confirmation,-0.897,-17.47,-26.85,0.404,77.31,False,8.8
adx_quiet + low_vol,adx_quiet,low_vol,OKE,discovery,0.357,41.81,-22.65,0.808,253.62,False,14.3
adx_quiet + low_vol,adx_quiet,low_vol,DOW,confirmation,-0.64,-9.77,-23.5,-0.185,-26.56,False,9.6
adx_quiet + low_vol,adx_quiet,low_vol,LYB,discovery,0.064,20.66,-20.63,0.084,3.0,False,10.8
adx_quiet + low_vol,adx_quiet,low_vol,MOS,confirmation,-0.759,-36.43,-47.79,0.18,10.56,False,10.1
adx_quiet + low_vol,adx_quiet,low_vol,NEM,discovery,0.215,32.94,-15.69,0.519,141.69,False,8.6
adx_quiet + low_vol,adx_quiet,low_vol,O,confirmation,-0.472,0.85,-8.9,0.238,39.48,False,9.4
adx_quiet + low_vol,adx_quiet,low_vol,VTR,discovery,-0.119,11.11,-14.48,0.555,121.72,False,8.9
adx_quiet + low_vol,adx_quiet,low_vol,KIM,confirmation,0.145,25.72,-10.84,0.49,104.27,False,13.3
adx_quiet + low_vol,adx_quiet,low_vol,BXP,discovery,-0.611,-22.37,-36.99,-0.003,-11.71,False,14.9
adx_quiet + low_vol,adx_quiet,low_vol,HST,confirmation,-0.514,-9.74,-30.03,0.449,100.27,False,8.4
adx_quiet + low_vol,adx_quiet,low_vol,F,discovery,0.058,18.86,-36.59,0.455,112.89,False,11.6
adx_quiet + low_vol,adx_quiet,low_vol,LEG,confirmation,-1.201,-43.59,-43.8,-0.418,-72.68,False,10.5
adx_quiet + low_vol,adx_quiet,low_vol,INTC,discovery,-0.583,-29.21,-39.25,0.495,140.96,False,8.6
adx_quiet + rsi_rising,adx_quiet,rsi_rising,SO,discovery,-0.375,1.35,-12.94,0.515,86.48,False,13.8
adx_quiet + rsi_rising,adx_quiet,rsi_rising,DUK,confirmation,-0.614,-0.84,-9.82,0.384,61.14,False,10.3
adx_quiet + rsi_rising,adx_quiet,rsi_rising,AEP,discovery,0.081,21.76,-12.18,0.468,81.2,False,12.2
adx_quiet + rsi_rising,adx_quiet,rsi_rising,ED,confirmation,-0.299,8.1,-7.41,0.417,68.61,False,9.3
adx_quiet + rsi_rising,adx_quiet,rsi_rising,XEL,discovery,-0.499,-6.02,-12.35,0.231,38.97,False,12.4
adx_quiet + rsi_rising,adx_quiet,rsi_rising,KHC,confirmation,-0.453,-4.05,-20.5,-0.109,-9.46,False,9.8
adx_quiet + rsi_rising,adx_quiet,rsi_rising,GIS,discovery,-0.856,-23.6,-36.13,-0.212,-19.57,False,13.3
adx_quiet + rsi_rising,adx_quiet,rsi_rising,CAG,confirmation,-1.12,-35.51,-41.68,-0.415,-41.87,False,10.9
adx_quiet + rsi_rising,adx_quiet,rsi_rising,CPB,discovery,-0.644,-21.23,-34.74,-0.391,-41.88,False,14.8
adx_quiet + rsi_rising,adx_quiet,rsi_rising,SJM,confirmation,-0.622,-14.36,-25.31,0.153,24.69,False,11.4
adx_quiet + rsi_rising,adx_quiet,rsi_rising,T,discovery,-1.227,-17.1,-22.94,0.348,63.12,False,6.9
adx_quiet + rsi_rising,adx_quiet,rsi_rising,VZ,confirmation,-0.578,-1.93,-23.07,0.062,13.18,False,10.4
adx_quiet + rsi_rising,adx_quiet,rsi_rising,PARA,discovery,-1.34,-68.67,-71.37,-1.495,-100.0,True,11.6
adx_quiet + rsi_rising,adx_quiet,rsi_rising,BMY,confirmation,-0.289,4.06,-21.32,0.159,26.34,False,11.9
adx_quiet + rsi_rising,adx_quiet,rsi_rising,PFE,discovery,-1.258,-28.03,-28.08,-0.014,-1.62,False,8.3
adx_quiet + rsi_rising,adx_quiet,rsi_rising,CVS,confirmation,-0.392,-1.42,-11.8,0.362,71.02,False,10.2
adx_quiet + rsi_rising,adx_quiet,rsi_rising,VTRS,discovery,0.609,57.18,-10.87,0.176,20.88,True,9.3
adx_quiet + rsi_rising,adx_quiet,rsi_rising,MMM,confirmation,-0.678,-13.66,-22.59,0.28,49.88,False,12.5
adx_quiet + rsi_rising,adx_quiet,rsi_rising,EMR,discovery,-0.261,2.93,-12.63,0.562,130.7,False,11.8
adx_quiet + rsi_rising,adx_quiet,rsi_rising,DOV,confirmation,-0.753,-14.53,-30.47,0.404,77.31,False,10.4
adx_quiet + rsi_rising,adx_quiet,rsi_rising,OKE,discovery,-0.518,-11.32,-23.3,0.808,253.62,False,14.6
adx_quiet + rsi_rising,adx_quiet,rsi_rising,DOW,confirmation,-0.41,-8.47,-32.17,-0.185,-26.56,False,9.5
adx_quiet + rsi_rising,adx_quiet,rsi_rising,LYB,discovery,0.088,22.15,-13.65,0.084,3.0,True,12.9
adx_quiet + rsi_rising,adx_quiet,rsi_rising,MOS,confirmation,-0.501,-26.15,-40.35,0.18,10.56,False,12.7
adx_quiet + rsi_rising,adx_quiet,rsi_rising,NEM,discovery,0.233,35.14,-21.13,0.519,141.69,False,10.7
adx_quiet + rsi_rising,adx_quiet,rsi_rising,O,confirmation,-0.244,8.7,-10.74,0.238,39.48,False,10.2
adx_quiet + rsi_rising,adx_quiet,rsi_rising,VTR,discovery,0.036,19.03,-16.05,0.555,121.72,False,10.9
adx_quiet + rsi_rising,adx_quiet,rsi_rising,KIM,confirmation,-0.248,0.38,-20.14,0.49,104.27,False,14.1
adx_quiet + rsi_rising,adx_quiet,rsi_rising,BXP,discovery,0.258,37.46,-17.73,-0.003,-11.71,True,14.6
adx_quiet + rsi_rising,adx_quiet,rsi_rising,HST,confirmation,-0.78,-25.59,-41.88,0.449,100.27,False,9.1
adx_quiet + rsi_rising,adx_quiet,rsi_rising,F,discovery,-0.094,9.46,-18.08,0.455,112.89,False,9.3
adx_quiet + rsi_rising,adx_quiet,rsi_rising,LEG,confirmation,0.002,10.68,-25.65,-0.418,-72.68,True,10.5
adx_quiet + rsi_rising,adx_quiet,rsi_rising,INTC,discovery,-0.208,-13.17,-41.46,0.495,140.96,False,10.0
adx_quiet + mom_accelerating,adx_quiet,mom_accelerating,SO,discovery,-0.965,-16.94,-19.59,0.515,86.48,False,13.1
adx_quiet + mom_accelerating,adx_quiet,mom_accelerating,DUK,confirmation,-0.993,-14.98,-17.45,0.384,61.14,False,10.9
adx_quiet + mom_accelerating,adx_quiet,mom_accelerating,AEP,discovery,-0.504,-2.22,-9.86,0.468,81.2,False,10.6
adx_quiet + mom_accelerating,adx_quiet,mom_accelerating,ED,confirmation,-0.701,-5.43,-13.83,0.417,68.61,False,10.4
adx_quiet + mom_accelerating,adx_quiet,mom_accelerating,XEL,discovery,-1.181,-31.6,-36.24,0.231,38.97,False,12.2
adx_quiet + mom_accelerating,adx_quiet,mom_accelerating,KHC,confirmation,-0.525,-5.99,-19.67,-0.109,-9.46,False,8.9
adx_quiet + mom_accelerating,adx_quiet,mom_accelerating,GIS,discovery,-0.933,-25.23,-33.2,-0.212,-19.57,False,13.5
adx_quiet + mom_accelerating,adx_quiet,mom_accelerating,CAG,confirmation,-0.561,-8.53,-24.99,-0.415,-41.87,False,11.3
adx_quiet + mom_accelerating,adx_quiet,mom_accelerating,CPB,discovery,-0.645,-15.4,-28.59,-0.391,-41.88,False,14.2
adx_quiet + mom_accelerating,adx_quiet,mom_accelerating,SJM,confirmation,-0.541,-13.59,-25.62,0.153,24.69,False,10.7
adx_quiet + mom_accelerating,adx_quiet,mom_accelerating,T,discovery,-0.607,-0.15,-15.9,0.348,63.12,False,7.6
adx_quiet + mom_accelerating,adx_quiet,mom_accelerating,VZ,confirmation,-0.839,-10.77,-18.76,0.062,13.18,False,10.7
adx_quiet + mom_accelerating,adx_quiet,mom_accelerating,PARA,discovery,-0.563,-58.07,-78.41,-1.495,-100.0,True,10.4
adx_quiet + mom_accelerating,adx_quiet,mom_accelerating,BMY,confirmation,0.072,21.3,-11.9,0.159,26.34,False,12.0
adx_quiet + mom_accelerating,adx_quiet,mom_accelerating,PFE,discovery,-1.165,-18.29,-18.92,-0.014,-1.62,False,7.4
adx_quiet + mom_accelerating,adx_quiet,mom_accelerating,CVS,confirmation,-0.563,-10.81,-20.51,0.362,71.02,False,10.4
adx_quiet + mom_accelerating,adx_quiet,mom_accelerating,VTRS,discovery,0.511,51.34,-10.99,0.176,20.88,True,9.3
adx_quiet + mom_accelerating,adx_quiet,mom_accelerating,MMM,confirmation,-0.825,-19.72,-26.29,0.28,49.88,False,11.7
adx_quiet + mom_accelerating,adx_quiet,mom_accelerating,EMR,discovery,-0.508,-3.64,-14.29,0.562,130.7,False,11.4
adx_quiet + mom_accelerating,adx_quiet,mom_accelerating,DOV,confirmation,-0.312,3.85,-20.12,0.404,77.31,False,9.8
adx_quiet + mom_accelerating,adx_quiet,mom_accelerating,OKE,discovery,-0.18,5.03,-22.19,0.808,253.62,False,15.0
adx_quiet + mom_accelerating,adx_quiet,mom_accelerating,DOW,confirmation,-0.221,4.42,-27.22,-0.185,-26.56,False,8.8
adx_quiet + mom_accelerating,adx_quiet,mom_accelerating,LYB,discovery,-0.495,-13.03,-21.5,0.084,3.0,False,12.7
adx_quiet + mom_accelerating,adx_quiet,mom_accelerating,MOS,confirmation,-0.022,10.88,-30.54,0.18,10.56,False,13.4
adx_quiet + mom_accelerating,adx_quiet,mom_accelerating,NEM,discovery,0.481,63.52,-14.8,0.519,141.69,False,11.6
adx_quiet + mom_accelerating,adx_quiet,mom_accelerating,O,confirmation,-0.962,-17.51,-20.49,0.238,39.48,False,9.9
adx_quiet + mom_accelerating,adx_quiet,mom_accelerating,VTR,discovery,0.179,27.65,-9.67,0.555,121.72,False,11.1
adx_quiet + mom_accelerating,adx_quiet,mom_accelerating,KIM,confirmation,-0.591,-15.04,-24.68,0.49,104.27,False,13.9
adx_quiet + mom_accelerating,adx_quiet,mom_accelerating,BXP,discovery,-0.811,-35.05,-50.95,-0.003,-11.71,False,14.9
adx_quiet + mom_accelerating,adx_quiet,mom_accelerating,HST,confirmation,-0.796,-26.76,-46.73,0.449,100.27,False,9.3
adx_quiet + mom_accelerating,adx_quiet,mom_accelerating,F,discovery,-0.062,10.05,-20.81,0.455,112.89,False,9.0
adx_quiet + mom_accelerating,adx_quiet,mom_accelerating,LEG,confirmation,0.011,12.0,-22.21,-0.418,-72.68,True,10.4
adx_quiet + mom_accelerating,adx_quiet,mom_accelerating,INTC,discovery,0.105,21.19,-32.42,0.495,140.96,False,10.4
low_vol + rsi_rising,low_vol,rsi_rising,SO,discovery,-0.519,-8.32,-13.48,0.515,86.48,False,21.2
low_vol + rsi_rising,low_vol,rsi_rising,DUK,confirmation,-1.029,-24.73,-25.54,0.384,61.14,False,20.5
low_vol + rsi_rising,low_vol,rsi_rising,AEP,discovery,-0.203,5.5,-24.23,0.468,81.2,False,23.2
low_vol + rsi_rising,low_vol,rsi_rising,ED,confirmation,-0.655,-12.65,-23.45,0.417,68.61,False,19.8
low_vol + rsi_rising,low_vol,rsi_rising,XEL,discovery,-0.615,-15.65,-21.48,0.231,38.97,False,21.0
low_vol + rsi_rising,low_vol,rsi_rising,KHC,confirmation,-0.365,-6.0,-20.68,-0.109,-9.46,False,22.6
low_vol + rsi_rising,low_vol,rsi_rising,GIS,discovery,-0.648,-18.49,-24.54,-0.212,-19.57,False,23.3
low_vol + rsi_rising,low_vol,rsi_rising,CAG,confirmation,-1.59,-57.0,-58.31,-0.415,-41.87,False,22.1
low_vol + rsi_rising,low_vol,rsi_rising,CPB,discovery,-1.036,-41.52,-45.25,-0.391,-41.88,False,21.1
low_vol + rsi_rising,low_vol,rsi_rising,SJM,confirmation,-0.504,-11.99,-20.35,0.153,24.69,False,23.8
low_vol + rsi_rising,low_vol,rsi_rising,T,discovery,-0.608,-18.16,-24.01,0.348,63.12,False,20.3
low_vol + rsi_rising,low_vol,rsi_rising,VZ,confirmation,-0.736,-17.26,-21.3,0.062,13.18,False,23.6
low_vol + rsi_rising,low_vol,rsi_rising,PARA,discovery,-1.638,-89.91,-90.36,-1.495,-100.0,False,21.3
low_vol + rsi_rising,low_vol,rsi_rising,BMY,confirmation,-0.718,-27.4,-30.54,0.159,26.34,False,22.6
low_vol + rsi_rising,low_vol,rsi_rising,PFE,discovery,-0.891,-34.61,-46.17,-0.014,-1.62,False,24.5
low_vol + rsi_rising,low_vol,rsi_rising,CVS,confirmation,-0.43,-18.88,-39.03,0.362,71.02,False,23.1
low_vol + rsi_rising,low_vol,rsi_rising,VTRS,discovery,0.057,17.77,-26.56,0.176,20.88,False,24.4
low_vol + rsi_rising,low_vol,rsi_rising,MMM,confirmation,0.163,28.35,-17.78,0.28,49.88,False,23.7
low_vol + rsi_rising,low_vol,rsi_rising,EMR,discovery,-0.416,-14.1,-35.97,0.562,130.7,False,20.0
low_vol + rsi_rising,low_vol,rsi_rising,DOV,confirmation,-0.45,-13.24,-29.01,0.404,77.31,False,21.4
low_vol + rsi_rising,low_vol,rsi_rising,OKE,discovery,-0.896,-39.25,-44.61,0.808,253.62,False,23.4
low_vol + rsi_rising,low_vol,rsi_rising,DOW,confirmation,-0.558,-16.36,-35.21,-0.185,-26.56,False,20.0
low_vol + rsi_rising,low_vol,rsi_rising,LYB,discovery,-0.502,-23.65,-36.38,0.084,3.0,False,20.5
low_vol + rsi_rising,low_vol,rsi_rising,MOS,confirmation,-0.218,-14.84,-39.11,0.18,10.56,False,22.1
low_vol + rsi_rising,low_vol,rsi_rising,NEM,discovery,-0.633,-44.35,-57.94,0.519,141.69,False,24.7
low_vol + rsi_rising,low_vol,rsi_rising,O,confirmation,-0.712,-14.06,-22.37,0.238,39.48,False,19.8
low_vol + rsi_rising,low_vol,rsi_rising,VTR,discovery,-0.426,-10.11,-17.48,0.555,121.72,False,20.3
low_vol + rsi_rising,low_vol,rsi_rising,KIM,confirmation,-0.711,-28.38,-36.33,0.49,104.27,False,22.8
low_vol + rsi_rising,low_vol,rsi_rising,BXP,discovery,-0.301,-9.63,-30.51,-0.003,-11.71,False,21.2
low_vol + rsi_rising,low_vol,rsi_rising,HST,confirmation,0.107,23.0,-24.49,0.449,100.27,False,24.7
low_vol + rsi_rising,low_vol,rsi_rising,F,discovery,-0.234,-13.06,-46.08,0.455,112.89,False,26.3
low_vol + rsi_rising,low_vol,rsi_rising,LEG,confirmation,0.182,31.77,-24.0,-0.418,-72.68,True,22.9
low_vol + rsi_rising,low_vol,rsi_rising,INTC,discovery,0.118,20.29,-35.2,0.495,140.96,False,23.6
low_vol + mom_accelerating,low_vol,mom_accelerating,SO,discovery,-0.703,-14.57,-24.65,0.515,86.48,False,21.8
low_vol + mom_accelerating,low_vol,mom_accelerating,DUK,confirmation,-0.567,-6.93,-16.3,0.384,61.14,False,20.7
low_vol + mom_accelerating,low_vol,mom_accelerating,AEP,discovery,-0.46,-7.31,-21.01,0.468,81.2,False,23.7
low_vol + mom_accelerating,low_vol,mom_accelerating,ED,confirmation,-0.671,-13.87,-26.06,0.417,68.61,False,20.8
low_vol + mom_accelerating,low_vol,mom_accelerating,XEL,discovery,-1.191,-37.26,-42.93,0.231,38.97,False,20.6
low_vol + mom_accelerating,low_vol,mom_accelerating,KHC,confirmation,-0.268,0.01,-21.11,-0.109,-9.46,False,23.2
low_vol + mom_accelerating,low_vol,mom_accelerating,GIS,discovery,-0.808,-25.43,-35.15,-0.212,-19.57,False,20.8
low_vol + mom_accelerating,low_vol,mom_accelerating,CAG,confirmation,-0.964,-36.11,-39.06,-0.415,-41.87,False,22.1
low_vol + mom_accelerating,low_vol,mom_accelerating,CPB,discovery,-1.117,-39.28,-42.98,-0.391,-41.88,False,18.7
low_vol + mom_accelerating,low_vol,mom_accelerating,SJM,confirmation,-0.626,-18.93,-29.65,0.153,24.69,False,21.3
low_vol + mom_accelerating,low_vol,mom_accelerating,T,discovery,0.024,18.34,-15.98,0.348,63.12,False,20.3
low_vol + mom_accelerating,low_vol,mom_accelerating,VZ,confirmation,-0.793,-23.54,-26.05,0.062,13.18,False,24.0
low_vol + mom_accelerating,low_vol,mom_accelerating,PARA,discovery,-1.604,-94.04,-94.21,-1.495,-100.0,False,20.0
low_vol + mom_accelerating,low_vol,mom_accelerating,BMY,confirmation,-0.153,5.07,-16.74,0.159,26.34,False,21.7
low_vol + mom_accelerating,low_vol,mom_accelerating,PFE,discovery,-0.396,-11.67,-31.42,-0.014,-1.62,False,24.9
low_vol + mom_accelerating,low_vol,mom_accelerating,CVS,confirmation,-0.147,0.92,-25.62,0.362,71.02,False,22.4
low_vol + mom_accelerating,low_vol,mom_accelerating,VTRS,discovery,-0.107,2.68,-32.12,0.176,20.88,False,23.6
low_vol + mom_accelerating,low_vol,mom_accelerating,MMM,confirmation,-0.328,-8.15,-25.35,0.28,49.88,False,22.6
low_vol + mom_accelerating,low_vol,mom_accelerating,EMR,discovery,0.038,17.37,-23.29,0.562,130.7,False,21.0
low_vol + mom_accelerating,low_vol,mom_accelerating,DOV,confirmation,-0.317,-7.41,-25.72,0.404,77.31,False,21.8
low_vol + mom_accelerating,low_vol,mom_accelerating,OKE,discovery,-0.648,-26.69,-38.24,0.808,253.62,False,23.5
low_vol + mom_accelerating,low_vol,mom_accelerating,DOW,confirmation,-0.135,5.05,-24.03,-0.185,-26.56,True,19.4
low_vol + mom_accelerating,low_vol,mom_accelerating,LYB,discovery,-0.845,-42.22,-52.9,0.084,3.0,False,20.7
low_vol + mom_accelerating,low_vol,mom_accelerating,MOS,confirmation,-0.272,-21.28,-44.09,0.18,10.56,False,22.4
low_vol + mom_accelerating,low_vol,mom_accelerating,NEM,discovery,-0.369,-28.09,-45.94,0.519,141.69,False,24.7
low_vol + mom_accelerating,low_vol,mom_accelerating,O,confirmation,-1.106,-26.39,-29.97,0.238,39.48,False,19.6
low_vol + mom_accelerating,low_vol,mom_accelerating,VTR,discovery,-0.734,-25.46,-34.68,0.555,121.72,False,20.3
low_vol + mom_accelerating,low_vol,mom_accelerating,KIM,confirmation,-0.842,-33.63,-50.7,0.49,104.27,False,23.3
low_vol + mom_accelerating,low_vol,mom_accelerating,BXP,discovery,-0.977,-46.76,-55.74,-0.003,-11.71,False,20.7
low_vol + mom_accelerating,low_vol,mom_accelerating,HST,confirmation,-0.054,9.12,-20.19,0.449,100.27,False,23.3
low_vol + mom_accelerating,low_vol,mom_accelerating,F,discovery,-0.294,-17.34,-41.17,0.455,112.89,False,24.4
low_vol + mom_accelerating,low_vol,mom_accelerating,LEG,confirmation,-0.277,-25.16,-57.07,-0.418,-72.68,True,22.6
low_vol + mom_accelerating,low_vol,mom_accelerating,INTC,discovery,-0.032,-2.44,-42.12,0.495,140.96,False,23.1
rsi_rising + mom_accelerating,rsi_rising,mom_accelerating,SO,discovery,-0.707,-23.0,-30.4,0.515,86.48,False,32.1
rsi_rising + mom_accelerating,rsi_rising,mom_accelerating,DUK,confirmation,-0.711,-22.64,-26.0,0.384,61.14,False,33.3
rsi_rising + mom_accelerating,rsi_rising,mom_accelerating,AEP,discovery,0.029,17.45,-22.27,0.468,81.2,False,32.5
rsi_rising + mom_accelerating,rsi_rising,mom_accelerating,ED,confirmation,-0.517,-15.33,-28.54,0.417,68.61,False,33.2
rsi_rising + mom_accelerating,rsi_rising,mom_accelerating,XEL,discovery,-0.863,-35.62,-38.45,0.231,38.97,False,30.9
rsi_rising + mom_accelerating,rsi_rising,mom_accelerating,KHC,confirmation,-0.699,-29.47,-38.85,-0.109,-9.46,False,32.0
rsi_rising + mom_accelerating,rsi_rising,mom_accelerating,GIS,discovery,-1.312,-58.72,-65.41,-0.212,-19.57,False,31.3
rsi_rising + mom_accelerating,rsi_rising,mom_accelerating,CAG,confirmation,-1.288,-51.49,-55.69,-0.415,-41.87,False,31.3
rsi_rising + mom_accelerating,rsi_rising,mom_accelerating,CPB,discovery,-1.397,-63.79,-66.82,-0.391,-41.88,False,32.2
rsi_rising + mom_accelerating,rsi_rising,mom_accelerating,SJM,confirmation,-1.001,-47.97,-53.54,0.153,24.69,False,33.7
rsi_rising + mom_accelerating,rsi_rising,mom_accelerating,T,discovery,-0.109,5.72,-31.84,0.348,63.12,False,33.1
rsi_rising + mom_accelerating,rsi_rising,mom_accelerating,VZ,confirmation,-0.758,-31.65,-39.76,0.062,13.18,False,34.1
rsi_rising + mom_accelerating,rsi_rising,mom_accelerating,PARA,discovery,-1.429,-98.31,-98.38,-1.495,-100.0,True,29.7
rsi_rising + mom_accelerating,rsi_rising,mom_accelerating,BMY,confirmation,-0.318,-11.59,-28.39,0.159,26.34,False,32.0
rsi_rising + mom_accelerating,rsi_rising,mom_accelerating,PFE,discovery,0.03,15.48,-29.06,-0.014,-1.62,True,33.4
rsi_rising + mom_accelerating,rsi_rising,mom_accelerating,CVS,confirmation,0.082,19.39,-29.41,0.362,71.02,False,33.6
rsi_rising + mom_accelerating,rsi_rising,mom_accelerating,VTRS,discovery,0.286,45.2,-34.04,0.176,20.88,True,33.9
rsi_rising + mom_accelerating,rsi_rising,mom_accelerating,MMM,confirmation,-0.199,-4.75,-30.84,0.28,49.88,False,32.1
rsi_rising + mom_accelerating,rsi_rising,mom_accelerating,EMR,discovery,-0.228,-8.02,-28.95,0.562,130.7,False,33.3
rsi_rising + mom_accelerating,rsi_rising,mom_accelerating,DOV,confirmation,-0.543,-25.89,-44.44,0.404,77.31,False,32.4
rsi_rising + mom_accelerating,rsi_rising,mom_accelerating,OKE,discovery,-0.396,-21.6,-35.5,0.808,253.62,False,33.3
rsi_rising + mom_accelerating,rsi_rising,mom_accelerating,DOW,confirmation,0.058,14.51,-22.99,-0.185,-26.56,True,33.6
rsi_rising + mom_accelerating,rsi_rising,mom_accelerating,LYB,discovery,-0.45,-29.15,-54.33,0.084,3.0,False,31.2
rsi_rising + mom_accelerating,rsi_rising,mom_accelerating,MOS,confirmation,-0.089,-9.59,-39.31,0.18,10.56,False,31.3
rsi_rising + mom_accelerating,rsi_rising,mom_accelerating,NEM,discovery,-0.037,0.83,-34.82,0.519,141.69,False,33.4
rsi_rising + mom_accelerating,rsi_rising,mom_accelerating,O,confirmation,-0.421,-9.42,-26.79,0.238,39.48,False,32.6
rsi_rising + mom_accelerating,rsi_rising,mom_accelerating,VTR,discovery,0.005,13.6,-19.32,0.555,121.72,False,32.2
rsi_rising + mom_accelerating,rsi_rising,mom_accelerating,KIM,confirmation,-0.829,-40.89,-52.47,0.49,104.27,False,31.2
rsi_rising + mom_accelerating,rsi_rising,mom_accelerating,BXP,discovery,-0.798,-51.4,-60.81,-0.003,-11.71,False,30.5
rsi_rising + mom_accelerating,rsi_rising,mom_accelerating,HST,confirmation,-0.095,0.78,-32.44,0.449,100.27,False,32.7
rsi_rising + mom_accelerating,rsi_rising,mom_accelerating,F,discovery,0.182,31.07,-36.05,0.455,112.89,False,33.4
rsi_rising + mom_accelerating,rsi_rising,mom_accelerating,LEG,confirmation,0.117,18.94,-31.18,-0.418,-72.68,True,33.4
rsi_rising + mom_accelerating,rsi_rising,mom_accelerating,INTC,discovery,-0.038,-15.34,-56.27,0.495,140.96,False,34.8
